transaction_id,client_id,country,amount,transaction_type,risk_score,transaction_date
TX000001,C1154,Spain,75.17,ONLINE,31,2025-04-06 19:38:52
TX000002,C1809,China,179.01,ONLINE,78,2025-04-13 23:03:23
TX000003,C1942,Germany,135.18,CARD,35,2025-04-19 19:12:01
TX000004,C2275,Morocco,229.67,POS,20,2025-04-19 06:25:48
TX000005,C1332,China,273.80,ATM,42,2025-04-15 22:59:18
TX000006,C1095,France,27.02,POS,40,2025-04-15 14:55:20
TX000007,C2318,Turkey,727.85,TRANSFER,39,2025-04-26 19:36:13
TX000008,C2285,Spain,73.81,ATM,54,2025-04-20 15:28:35
TX000009,C1175,Canada,18450.75,TRANSFER,36,2025-04-18 00:56:37
TX000010,C1980,Turkey,316.27,CARD,23,2025-04-03 12:59:51
TX000011,C1873,France,178.54,POS,38,2025-04-11 03:10:55
TX000012,C2299,Turkey,117.95,CARD,7,2025-04-04 16:20:19
TX000013,C1406,Canada,1224.53,ONLINE,50,2025-04-20 07:29:09
TX000014,C1245,Canada,184.51,POS,34,2025-04-12 03:13:11
TX000015,C2423,Canada,75.46,POS,14,2025-04-28 07:34:30
TX000016,C1959,Spain,116.15,CARD,40,2025-04-13 23:31:24
TX000017,C1813,China,82.98,POS,23,2025-04-09 17:28:40
TX000018,C1508,UAE,183.65,ATM,1,2025-04-05 14:00:34
TX000019,C2145,France,140.70,CARD,1,2025-04-09 13:13:01
TX000020,C2381,USA,72.89,POS,33,2025-04-08 08:32:02
TX000021,C1166,Germany,66.81,CARD,33,2025-04-13 03:38:47
TX000022,C1696,Turkey,78.34,POS,47,2025-04-13 03:54:04
TX000023,C1690,UK,75.58,POS,22,2025-04-13 17:00:25
TX000024,C2053,Morocco,48.70,POS,32,2025-04-28 10:24:30
TX000025,C1765,UAE,131.53,ATM,25,2025-04-14 15:29:21
TX000026,C1340,Turkey,44.66,POS,41,2025-04-10 06:31:03
TX000027,C2117,UAE,67.46,POS,50,2025-04-28 12:30:53
TX000028,C1148,Spain,117.17,POS,62,2025-04-15 04:18:10
TX000029,C1782,Turkey,44.30,POS,16,2025-04-22 09:51:11
TX000030,C1030,Canada,388.56,CARD,20,2025-04-25 06:26:00
TX000031,C2088,Morocco,97.16,ATM,10,2025-04-21 21:40:05
TX000032,C1511,UK,161.55,ATM,26,2025-04-02 13:26:43
TX000033,C1165,Germany,596.94,ATM,7,2025-04-28 07:33:53
TX000034,C1710,France,152.96,ATM,1,2025-04-15 10:42:12
TX000035,C1629,Morocco,190.35,ONLINE,69,2025-04-15 23:32:19
TX000036,C2053,Spain,193.95,ATM,29,2025-04-05 16:40:31
TX000037,C1681,Turkey,623.06,POS,1,2025-04-16 06:29:32
TX000038,C1280,UK,107.68,ATM,27,2025-04-11 10:25:51
TX000039,C1852,USA,152.03,ATM,57,2025-04-28 21:56:23
TX000040,C1487,China,2882.90,TRANSFER,34,2025-04-14 10:32:38
TX000041,C2358,UAE,55.16,POS,37,2025-04-16 06:46:20
TX000042,C1145,USA,30.78,POS,1,2025-04-18 20:48:50
TX000043,C2114,China,3143.54,TRANSFER,56,2025-04-28 01:45:15
TX000044,C2132,UAE,157.80,POS,13,2025-04-01 02:12:08
TX000045,C2130,Morocco,207.11,ATM,40,2025-04-02 01:51:09
TX000046,C1912,UK,512.24,POS,51,2025-04-17 23:00:35
TX000047,C1362,UK,368.72,ONLINE,64,2025-04-25 15:57:42
TX000048,C2327,China,84.35,POS,38,2025-04-16 14:47:02
TX000049,C1399,USA,460.04,ONLINE,55,2025-04-22 20:17:03
TX000050,C1240,Turkey,415.96,CARD,41,2025-04-06 20:33:50
TX000051,C1226,Canada,147.51,TRANSFER,45,2025-04-27 17:51:09
TX000052,C1248,Morocco,146.07,POS,8,2025-04-08 11:11:02
TX000053,C1323,Spain,93.71,POS,52,2025-04-27 02:34:57
TX000054,C1359,UAE,207.18,POS,10,2025-04-10 23:28:28
TX000055,C1832,Germany,73.42,CARD,1,2025-04-27 15:14:28
TX000056,C2201,France,989.45,TRANSFER,56,2025-04-03 03:59:17
TX000057,C1171,France,179.38,ATM,22,2025-04-25 12:57:16
TX000058,C1399,Germany,91.31,CARD,7,2025-04-20 14:47:19
TX000059,C1522,Morocco,488.21,CARD,11,2025-04-30 23:15:56
TX000060,C1465,France,223.03,POS,37,2025-04-13 07:38:28
TX000061,C2120,China,40.78,POS,33,2025-04-12 16:18:15
TX000062,C1800,Canada,77.00,POS,11,2025-04-23 11:14:24
TX000063,C2372,Turkey,54.01,POS,10,2025-04-28 12:15:59
TX000064,C1419,China,543.98,TRANSFER,61,2025-04-29 12:36:03
TX000065,C1877,Spain,1049.93,POS,47,2025-04-08 14:18:47
TX000066,C2129,UK,267.94,ONLINE,33,2025-04-20 06:02:40
TX000067,C2376,USA,408.91,CARD,25,2025-04-04 14:34:42
TX000068,C2306,Germany,170.98,POS,33,2025-04-02 09:54:27
TX000069,C2029,China,261.45,CARD,53,2025-04-15 21:03:07
TX000070,C1402,UK,89.47,ATM,52,2025-04-13 04:57:06
TX000071,C1603,China,227.23,CARD,63,2025-04-08 00:11:18
TX000072,C1188,Turkey,202.73,ONLINE,55,2025-04-21 19:44:54
TX000073,C1502,Germany,439.88,CARD,38,2025-04-01 13:57:59
TX000074,C1476,France,306.45,ATM,26,2025-04-01 11:45:25
TX000075,C1488,USA,2362.29,TRANSFER,55,2025-04-30 11:18:39
TX000076,C1912,Germany,70.33,CARD,91,2025-04-10 03:33:15
TX000077,C1638,Germany,491.46,ONLINE,11,2025-04-20 16:51:31
TX000078,C2037,Spain,144.53,CARD,55,2025-04-03 02:52:47
TX000079,C1188,USA,81.88,ONLINE,80,2025-04-13 11:57:49
TX000080,C1234,China,117.41,ATM,42,2025-04-26 01:02:29
TX000081,C2252,UAE,198.83,CARD,26,2025-04-01 12:54:15
TX000082,C1024,UAE,455.22,ONLINE,49,2025-04-28 20:24:48
TX000083,C1571,Turkey,2624.95,TRANSFER,80,2025-04-18 17:45:08
TX000084,C1730,UAE,85.79,POS,1,2025-04-29 06:12:41
TX000085,C2273,Turkey,126.55,CARD,78,2025-04-26 03:16:58
TX000086,C1554,UAE,691.05,CARD,44,2025-04-05 05:39:22
TX000087,C2377,France,207.68,POS,18,2025-04-15 23:19:04
TX000088,C2245,Morocco,704.76,TRANSFER,49,2025-04-10 06:43:04
TX000089,C1523,UK,11223.72,TRANSFER,76,2025-04-15 09:51:28
TX000090,C2240,Turkey,88.34,POS,3,2025-04-28 18:25:31
TX000091,C1684,USA,331.12,CARD,29,2025-04-20 08:07:31
TX000092,C2335,Morocco,70.57,POS,1,2025-04-06 08:10:14
TX000093,C1162,Turkey,303.37,POS,19,2025-04-06 17:51:47
TX000094,C1382,China,893.05,TRANSFER,45,2025-04-28 13:27:29
TX000095,C1758,France,320.81,POS,1,2025-04-11 18:39:52
TX000096,C2205,Canada,146.76,POS,50,2025-04-02 04:17:23
TX000097,C1904,China,40.29,ONLINE,53,2025-04-15 03:12:26
TX000098,C1006,UK,9843.18,TRANSFER,33,2025-04-16 16:31:54
TX000099,C1173,France,106.13,ATM,30,2025-04-06 18:42:00
TX000100,C1302,Germany,124.04,ATM,22,2025-04-12 22:28:38
TX000101,C2400,USA,108.65,ATM,43,2025-04-03 10:50:10
TX000102,C1065,China,128.88,ATM,52,2025-04-05 18:29:14
TX000103,C2392,Spain,1010.64,CARD,43,2025-04-28 15:57:12
TX000104,C2090,France,624.37,TRANSFER,56,2025-04-18 11:07:45
TX000105,C1325,UAE,555.42,CARD,20,2025-04-06 07:31:04
TX000106,C1779,China,81.93,ATM,30,2025-04-29 12:35:55
TX000107,C2012,Morocco,301.96,ONLINE,52,2025-04-04 05:48:02
TX000108,C1735,Spain,952.17,TRANSFER,76,2025-04-02 05:50:53
TX000109,C1505,Turkey,157.65,CARD,40,2025-04-14 20:30:29
TX000110,C1660,France,44.29,POS,46,2025-04-06 11:57:52
TX000111,C1973,China,84.51,POS,37,2025-04-21 18:12:51
TX000112,C2439,UAE,85.27,ONLINE,43,2025-04-09 11:58:09
TX000113,C1052,Canada,1598.92,ONLINE,55,2025-04-15 23:43:38
TX000114,C1024,UAE,101.26,CARD,3,2025-04-28 10:51:58
TX000115,C2058,Morocco,82.58,POS,17,2025-04-22 14:42:37
TX000116,C2335,Spain,2450.43,TRANSFER,71,2025-04-27 10:56:47
TX000117,C1968,UAE,139.83,POS,24,2025-04-26 00:50:22
TX000118,C1191,Spain,120.89,ATM,39,2025-04-11 16:13:25
TX000119,C1206,Turkey,348.01,CARD,60,2025-04-28 13:48:59
TX000120,C1199,France,371.86,ONLINE,61,2025-04-25 08:47:38
TX000121,C1675,USA,63.87,POS,19,2025-04-06 03:23:53
TX000122,C2342,China,711.36,CARD,47,2025-04-04 08:50:46
TX000123,C2101,Morocco,209.69,CARD,30,2025-04-21 09:13:20
TX000124,C1210,Morocco,149.97,POS,29,2025-04-08 02:36:01
TX000125,C1492,Canada,261.62,ATM,29,2025-04-05 05:10:26
TX000126,C2156,China,180.34,ONLINE,47,2025-04-14 23:02:00
TX000127,C1596,Turkey,80.89,CARD,53,2025-04-01 03:15:14
TX000128,C1739,France,4770.36,TRANSFER,61,2025-04-07 12:30:08
TX000129,C1296,USA,86.94,POS,13,2025-04-06 23:15:49
TX000130,C2368,France,226.95,ONLINE,44,2025-04-14 06:13:34
TX000131,C1181,Germany,104.19,POS,28,2025-04-30 11:50:36
TX000132,C1575,China,165.91,ATM,27,2025-04-03 17:56:41
TX000133,C1149,Turkey,402.60,TRANSFER,65,2025-04-14 03:02:48
TX000134,C2310,France,337.51,POS,1,2025-04-09 07:53:52
TX000135,C1506,France,125.63,POS,30,2025-04-23 14:20:53
TX000136,C1354,UK,44.47,POS,54,2025-04-07 16:49:20
TX000137,C1353,Germany,1649.70,TRANSFER,76,2025-04-28 01:29:57
TX000138,C2250,Spain,92.92,POS,37,2025-04-12 09:37:21
TX000139,C2364,UK,89.26,CARD,18,2025-04-16 17:27:05
TX000140,C1366,UK,177.44,CARD,48,2025-04-18 02:33:54
TX000141,C1475,Morocco,3301.56,TRANSFER,15,2025-04-17 22:00:16
TX000142,C1377,UAE,63.72,ONLINE,27,2025-04-06 16:12:53
TX000143,C1488,Spain,47.72,ONLINE,70,2025-04-30 15:00:56
TX000144,C1580,France,110.10,TRANSFER,63,2025-04-16 19:22:25
TX000145,C2317,Spain,467.61,CARD,69,2025-04-28 08:56:01
TX000146,C1697,USA,177.88,POS,43,2025-04-16 16:23:25
TX000147,C2465,Morocco,112.42,CARD,45,2025-04-20 08:13:44
TX000148,C1469,UAE,2463.79,TRANSFER,78,2025-04-13 08:00:11
TX000149,C1719,Morocco,106.65,ATM,15,2025-04-29 12:06:12
TX000150,C1149,USA,5437.82,TRANSFER,41,2025-04-21 01:40:19
TX000151,C1324,Spain,180.68,CARD,35,2025-04-18 23:01:51
TX000152,C2459,Canada,344.50,ATM,1,2025-04-15 19:50:56
TX000153,C2358,Turkey,86.17,CARD,36,2025-04-10 03:05:57
TX000154,C2413,Morocco,150.96,ATM,16,2025-04-15 17:16:51
TX000155,C2199,Germany,96.34,ATM,54,2025-04-14 22:20:39
TX000156,C2473,UK,260.31,ATM,30,2025-04-11 19:04:45
TX000157,C1332,China,400.07,ATM,22,2025-04-11 22:27:58
TX000158,C2128,UK,1085.96,ONLINE,37,2025-04-14 13:23:03
TX000159,C1844,Germany,23974.77,TRANSFER,65,2025-04-14 15:45:38
TX000160,C1589,Germany,3194.27,TRANSFER,40,2025-04-29 11:08:23
TX000161,C1550,USA,207.69,CARD,19,2025-04-21 23:57:45
TX000162,C2005,France,195.98,ATM,9,2025-04-03 08:32:24
TX000163,C1379,China,258.75,CARD,68,2025-04-17 01:28:07
TX000164,C1497,China,274.26,ONLINE,85,2025-04-28 05:17:25
TX000165,C1118,Canada,141.65,CARD,36,2025-04-24 07:09:17
TX000166,C1101,UK,224.02,CARD,12,2025-04-16 09:29:32
TX000167,C1227,USA,151.85,ATM,1,2025-04-26 20:13:15
TX000168,C1868,China,67.22,ATM,16,2025-04-12 09:11:05
TX000169,C2221,Germany,82.62,POS,49,2025-04-24 01:30:11
TX000170,C1146,Germany,932.10,ONLINE,1,2025-04-04 07:33:23
TX000171,C2350,China,45.92,ATM,53,2025-04-06 02:53:21
TX000172,C1589,China,183.33,ATM,41,2025-04-12 01:49:35
TX000173,C1993,USA,159.63,ATM,40,2025-04-19 08:20:42
TX000174,C1769,USA,64.70,POS,44,2025-04-07 12:57:41
TX000175,C1679,UK,274.55,POS,23,2025-04-07 10:43:07
TX000176,C1750,USA,10.56,ONLINE,61,2025-04-09 12:45:27
TX000177,C1111,France,87.40,POS,43,2025-04-28 16:50:19
TX000178,C1768,China,826.80,CARD,30,2025-04-02 04:50:43
TX000179,C1509,UAE,6280.62,TRANSFER,37,2025-04-27 15:07:38
TX000180,C1761,Germany,152.72,ONLINE,46,2025-04-15 09:08:23
TX000181,C1618,Morocco,140.97,POS,26,2025-04-30 01:23:08
TX000182,C2408,China,121.66,POS,11,2025-04-26 16:05:05
TX000183,C1045,Canada,346.68,ATM,20,2025-04-15 05:15:17
TX000184,C1198,USA,161.76,ATM,8,2025-04-08 18:32:42
TX000185,C2438,Spain,234.57,CARD,52,2025-04-25 08:25:28
TX000186,C2475,Morocco,176.23,CARD,56,2025-04-12 15:14:53
TX000187,C1479,Turkey,196.64,POS,27,2025-04-03 03:11:29
TX000188,C2170,UK,340.28,ONLINE,68,2025-04-07 01:55:00
TX000189,C2158,Spain,46.28,ONLINE,49,2025-04-18 19:38:41
TX000190,C1703,Spain,118.61,POS,23,2025-04-17 06:12:24
TX000191,C1396,UK,266.93,ONLINE,44,2025-04-04 11:39:28
TX000192,C1252,France,131.94,ATM,15,2025-04-16 07:26:11
TX000193,C2320,Morocco,1303.40,TRANSFER,61,2025-04-13 09:36:59
TX000194,C1018,Canada,2701.32,TRANSFER,67,2025-04-27 05:30:26
TX000195,C2351,France,1686.83,TRANSFER,69,2025-04-07 08:18:51
TX000196,C2305,Canada,43.98,ONLINE,61,2025-04-09 18:04:12
TX000197,C1224,China,320.51,ATM,26,2025-04-24 18:52:06
TX000198,C1061,China,31.70,POS,6,2025-04-09 05:50:04
TX000199,C1718,Spain,78.47,CARD,18,2025-04-19 01:49:34
TX000200,C1086,UK,142.04,CARD,1,2025-04-09 21:48:11
TX000201,C1631,Germany,139.49,ATM,61,2025-04-20 04:38:43
TX000202,C2481,Morocco,94.83,ATM,64,2025-04-16 17:58:19
TX000203,C2322,Canada,950.07,ONLINE,75,2025-04-03 00:16:52
TX000204,C1396,Turkey,3029.98,TRANSFER,41,2025-04-04 14:08:41
TX000205,C2041,UK,101.02,ONLINE,43,2025-04-10 01:15:20
TX000206,C1714,UK,59.85,CARD,31,2025-04-06 10:02:33
TX000207,C1040,Spain,190.10,POS,3,2025-04-12 18:11:40
TX000208,C1985,Turkey,2355.14,TRANSFER,68,2025-04-01 04:28:23
TX000209,C1985,Spain,277.56,CARD,29,2025-04-09 09:13:35
TX000210,C1540,UAE,234.53,ONLINE,46,2025-04-17 01:32:35
TX000211,C2022,Canada,52.93,ATM,2,2025-04-03 20:33:39
TX000212,C1228,Spain,222.49,POS,37,2025-04-01 23:13:48
TX000213,C2189,USA,73.33,CARD,25,2025-04-29 03:19:12
TX000214,C2329,Morocco,911.66,TRANSFER,42,2025-04-16 20:26:46
TX000215,C2208,Turkey,4886.47,TRANSFER,50,2025-04-14 15:27:53
TX000216,C1841,Canada,122.83,ATM,42,2025-04-12 17:15:56
TX000217,C2109,UAE,113.58,CARD,54,2025-04-17 01:20:10
TX000218,C2001,Turkey,1170.46,CARD,15,2025-04-22 22:34:51
TX000219,C1952,USA,22.79,POS,6,2025-04-04 09:47:53
TX000220,C2316,USA,175.82,ONLINE,16,2025-04-06 20:08:27
TX000221,C2195,Germany,963.18,ONLINE,75,2025-04-26 02:01:46
TX000222,C1815,UK,142.80,CARD,33,2025-04-09 06:43:58
TX000223,C1952,France,2667.78,TRANSFER,19,2025-04-28 13:45:43
TX000224,C1146,Canada,242.82,ONLINE,47,2025-04-02 02:00:06
TX000225,C1804,Spain,238.78,ATM,2,2025-04-09 02:51:48
TX000226,C1761,China,282.43,ONLINE,82,2025-04-07 21:37:59
TX000227,C1654,UAE,86.92,ATM,24,2025-04-05 07:58:59
TX000228,C1968,UK,3623.46,TRANSFER,24,2025-04-17 22:34:35
TX000229,C1982,UAE,2943.85,TRANSFER,43,2025-04-19 12:54:58
TX000230,C2243,Morocco,3822.96,TRANSFER,43,2025-04-18 03:03:50
TX000231,C1289,Spain,202.41,ATM,49,2025-04-13 03:20:11
TX000232,C1107,UK,173.78,ATM,40,2025-04-15 00:17:28
TX000233,C1719,USA,803.56,CARD,22,2025-04-03 23:17:19
TX000234,C1930,UAE,157.52,ATM,11,2025-04-23 03:49:52
TX000235,C1142,UK,347.53,ONLINE,72,2025-04-24 10:39:41
TX000236,C1613,Morocco,247.57,ATM,42,2025-04-20 02:10:54
TX000237,C2070,USA,821.14,POS,7,2025-04-05 20:15:07
TX000238,C1408,UK,37.67,ATM,33,2025-04-14 12:46:26
TX000239,C2044,France,224.86,CARD,27,2025-04-06 11:20:00
TX000240,C2067,Germany,143.55,POS,25,2025-04-02 10:05:41
TX000241,C1936,France,1382.39,TRANSFER,31,2025-04-06 08:04:44
TX000242,C1397,Canada,200.19,ONLINE,42,2025-04-29 09:23:09
TX000243,C2380,UAE,482.32,ONLINE,81,2025-04-12 01:05:29
TX000244,C1653,Morocco,129.62,ATM,31,2025-04-25 16:42:15
TX000245,C1826,UK,344.76,CARD,57,2025-04-13 05:26:21
TX000246,C2376,Germany,121.99,POS,10,2025-04-10 00:31:51
TX000247,C2247,Spain,1378.02,ONLINE,17,2025-04-05 18:16:51
TX000248,C1777,Germany,3102.34,TRANSFER,36,2025-04-30 23:50:56
TX000249,C1123,Germany,331.60,ATM,24,2025-04-16 11:07:47
TX000250,C1482,Turkey,259.19,POS,1,2025-04-10 21:00:54
TX000251,C1997,Turkey,112.91,CARD,29,2025-04-06 18:35:44
TX000252,C2158,China,9136.32,TRANSFER,49,2025-04-05 08:06:41
TX000253,C1090,Spain,846.98,TRANSFER,73,2025-04-27 19:52:40
TX000254,C1050,Morocco,66.34,ONLINE,37,2025-04-16 11:49:09
TX000255,C1754,Turkey,1549.69,TRANSFER,82,2025-04-12 04:08:36
TX000256,C1560,Spain,2587.88,TRANSFER,53,2025-04-17 09:37:23
TX000257,C1006,Canada,495.27,ATM,30,2025-04-04 23:29:28
TX000258,C1227,UK,92.00,ATM,39,2025-04-02 12:04:25
TX000259,C1893,Morocco,86.81,ATM,4,2025-04-29 08:49:24
TX000260,C2316,Spain,71.67,ATM,19,2025-04-13 23:45:38
TX000261,C1827,UK,1910.04,TRANSFER,58,2025-04-17 09:31:35
TX000262,C1526,China,222.68,POS,14,2025-04-15 20:03:50
TX000263,C2005,Germany,156.24,POS,14,2025-04-12 02:53:29
TX000264,C1069,USA,398.01,CARD,24,2025-04-05 11:46:04
TX000265,C1995,UK,351.80,ATM,1,2025-04-25 16:48:44
TX000266,C1196,Spain,371.85,POS,26,2025-04-16 13:50:25
TX000267,C1252,USA,1136.14,TRANSFER,57,2025-04-24 22:22:35
TX000268,C1919,UK,6095.41,TRANSFER,49,2025-04-22 17:54:43
TX000269,C2422,China,599.81,CARD,56,2025-04-30 02:17:25
TX000270,C2450,UK,318.39,CARD,52,2025-04-01 10:43:30
TX000271,C2247,China,178.01,TRANSFER,58,2025-04-07 02:11:42
TX000272,C2109,France,139.50,CARD,71,2025-04-25 00:24:12
TX000273,C1385,Turkey,116.24,POS,5,2025-04-04 09:39:10
TX000274,C2366,Morocco,58.52,ATM,1,2025-04-25 02:12:08
TX000275,C1334,France,77.98,ONLINE,67,2025-04-11 18:33:25
TX000276,C2056,Germany,525.22,TRANSFER,63,2025-04-18 20:27:05
TX000277,C1815,France,477.10,ATM,44,2025-04-01 05:33:11
TX000278,C1910,USA,187.27,ONLINE,69,2025-04-09 05:07:59
TX000279,C1334,Canada,86.90,POS,34,2025-04-06 07:10:27
TX000280,C1469,Morocco,145.31,ONLINE,54,2025-04-23 18:50:23
TX000281,C1291,France,95.97,CARD,26,2025-04-25 19:44:14
TX000282,C1112,Canada,1418.51,TRANSFER,54,2025-04-30 03:26:21
TX000283,C2108,China,108.77,POS,1,2025-04-23 07:47:46
TX000284,C1369,UK,352.99,ONLINE,55,2025-04-09 11:43:54
TX000285,C1531,Canada,307.65,CARD,15,2025-04-21 09:24:01
TX000286,C1890,China,144.28,CARD,23,2025-04-07 11:02:25
TX000287,C1404,Morocco,161.03,CARD,12,2025-04-19 16:16:32
TX000288,C1216,UK,2296.81,TRANSFER,58,2025-04-11 19:47:59
TX000289,C1890,Turkey,182.22,ONLINE,44,2025-04-19 22:15:07
TX000290,C1980,Morocco,2395.78,TRANSFER,84,2025-04-21 11:58:24
TX000291,C1988,USA,4330.74,TRANSFER,48,2025-04-05 22:34:15
TX000292,C2002,Turkey,4564.23,TRANSFER,53,2025-04-01 11:21:08
TX000293,C2369,Canada,242.88,TRANSFER,64,2025-04-29 14:43:14
TX000294,C1679,Canada,87.65,ATM,28,2025-04-28 21:02:40
TX000295,C1766,Morocco,24.36,POS,8,2025-04-06 21:01:20
TX000296,C1584,UK,72.81,ATM,26,2025-04-11 03:07:54
TX000297,C2278,UAE,629.24,CARD,8,2025-04-12 22:23:14
TX000298,C2391,Germany,181.31,ATM,33,2025-04-01 17:18:59
TX000299,C1149,USA,46.06,ONLINE,84,2025-04-10 02:37:56
TX000300,C1503,Spain,916.11,TRANSFER,65,2025-04-17 00:26:22
TX000301,C1087,China,58.29,ONLINE,43,2025-04-29 09:44:06
TX000302,C2151,Spain,2382.01,TRANSFER,53,2025-04-26 00:55:19
TX000303,C1083,Morocco,381.51,ONLINE,58,2025-04-07 13:03:58
TX000304,C1800,USA,143.55,ATM,1,2025-04-10 09:29:11
TX000305,C1597,Turkey,48.40,ATM,27,2025-04-24 07:47:38
TX000306,C1379,UK,131.24,POS,31,2025-04-16 18:45:35
TX000307,C1151,Spain,199.11,ATM,46,2025-04-15 19:16:02
TX000308,C2227,France,96.33,ATM,7,2025-04-22 14:36:14
TX000309,C1329,UK,161.23,POS,17,2025-04-27 08:21:38
TX000310,C2351,China,2098.80,TRANSFER,62,2025-04-16 11:58:57
TX000311,C2352,Morocco,101.15,CARD,23,2025-04-22 21:48:52
TX000312,C1945,Turkey,129.83,CARD,20,2025-04-18 03:45:18
TX000313,C1831,Spain,328.86,CARD,29,2025-04-13 21:49:21
TX000314,C2072,China,48.07,POS,48,2025-04-15 21:18:51
TX000315,C1862,Canada,22.59,CARD,43,2025-04-05 00:14:54
TX000316,C1043,France,187.72,CARD,28,2025-04-02 10:36:52
TX000317,C1714,Canada,57.09,POS,23,2025-04-02 03:19:58
TX000318,C1822,UAE,143.46,POS,1,2025-04-19 23:16:08
TX000319,C1743,France,238.47,POS,53,2025-04-10 03:04:20
TX000320,C1446,UAE,2832.07,TRANSFER,72,2025-04-16 04:37:26
TX000321,C1920,France,1486.35,TRANSFER,97,2025-04-12 11:14:10
TX000322,C1349,China,25.86,CARD,26,2025-04-28 18:32:19
TX000323,C1258,UAE,103.91,ATM,12,2025-04-30 17:40:54
TX000324,C2376,China,116.92,POS,22,2025-04-28 13:43:06
TX000325,C1130,Morocco,328.00,ATM,61,2025-04-05 02:26:55
TX000326,C1730,UK,141.42,ATM,8,2025-04-04 03:10:20
TX000327,C1853,Canada,73.36,ONLINE,40,2025-04-08 21:07:59
TX000328,C2456,China,871.86,ONLINE,7,2025-04-23 15:56:44
TX000329,C1175,UAE,111.81,ATM,11,2025-04-27 20:21:04
TX000330,C1449,Morocco,188.73,POS,29,2025-04-07 23:49:37
TX000331,C1100,Turkey,66.20,ONLINE,48,2025-04-24 09:26:00
TX000332,C1515,USA,233.40,CARD,57,2025-04-02 05:01:48
TX000333,C2466,Germany,161.34,CARD,18,2025-04-20 18:50:26
TX000334,C1015,Canada,593.67,CARD,40,2025-04-10 04:57:40
TX000335,C1939,China,501.33,ONLINE,7,2025-04-09 10:21:52
TX000336,C1119,Spain,102.22,POS,37,2025-04-17 03:49:43
TX000337,C1234,UAE,271.51,POS,54,2025-04-17 18:42:22
TX000338,C1176,UAE,58.73,POS,1,2025-04-30 07:26:00
TX000339,C1104,Canada,271.30,CARD,44,2025-04-14 13:04:29
TX000340,C1303,Germany,493.29,ATM,29,2025-04-16 16:15:12
TX000341,C1384,Morocco,155.89,ATM,33,2025-04-09 10:46:14
TX000342,C1837,Spain,132.40,POS,1,2025-04-24 22:26:02
TX000343,C1109,Morocco,140.55,POS,47,2025-04-14 02:04:59
TX000344,C1302,France,1205.89,TRANSFER,58,2025-04-17 06:57:36
TX000345,C1273,Germany,819.94,TRANSFER,75,2025-04-11 04:55:11
TX000346,C1913,Germany,268.81,CARD,3,2025-04-26 06:47:23
TX000347,C2207,Canada,3317.25,TRANSFER,44,2025-04-19 18:45:20
TX000348,C2224,Canada,26.62,POS,27,2025-04-29 08:52:06
TX000349,C1623,Morocco,996.04,TRANSFER,66,2025-04-15 04:11:22
TX000350,C1489,UAE,6794.67,TRANSFER,55,2025-04-14 00:38:10
TX000351,C2443,Spain,395.70,CARD,53,2025-04-18 10:23:31
TX000352,C2415,Canada,66.67,POS,34,2025-04-28 09:30:17
TX000353,C2277,China,41.49,ATM,7,2025-04-04 05:26:40
TX000354,C1689,Spain,803.17,ONLINE,67,2025-04-27 20:08:29
TX000355,C1174,Turkey,133.01,POS,58,2025-04-03 20:01:12
TX000356,C1549,China,157.03,ATM,59,2025-04-13 01:19:16
TX000357,C2355,USA,72.78,ATM,1,2025-04-26 10:36:40
TX000358,C1486,China,102.01,CARD,38,2025-04-01 17:53:30
TX000359,C2484,Turkey,767.24,CARD,35,2025-04-29 19:13:42
TX000360,C1995,France,48.11,POS,26,2025-04-28 20:07:38
TX000361,C1371,UAE,125.86,POS,38,2025-04-06 19:22:56
TX000362,C1864,Canada,148.73,ONLINE,21,2025-04-18 19:23:32
TX000363,C2500,Turkey,604.80,TRANSFER,66,2025-04-14 20:23:32
TX000364,C1430,Canada,64.31,ONLINE,19,2025-04-19 00:40:05
TX000365,C2223,Germany,1364.57,TRANSFER,62,2025-04-19 19:36:49
TX000366,C1116,UK,229.31,CARD,34,2025-04-23 12:36:51
TX000367,C1301,Germany,467.52,ATM,41,2025-04-29 02:32:02
TX000368,C1618,Turkey,66.72,POS,45,2025-04-26 05:56:13
TX000369,C1099,Canada,529.07,TRANSFER,62,2025-04-29 02:40:41
TX000370,C1496,USA,580.81,TRANSFER,29,2025-04-20 19:58:02
TX000371,C2130,UAE,101.93,POS,21,2025-04-21 11:04:26
TX000372,C1913,Canada,936.90,ONLINE,40,2025-04-13 06:55:13
TX000373,C1578,France,214.62,CARD,37,2025-04-23 04:42:56
TX000374,C1084,Morocco,114.81,ONLINE,68,2025-04-30 02:00:22
TX000375,C1993,Morocco,119.95,ATM,19,2025-04-05 06:33:46
TX000376,C2217,Germany,319.66,CARD,17,2025-04-30 17:06:12
TX000377,C1497,China,217.53,ATM,67,2025-04-15 03:31:09
TX000378,C1509,USA,27.89,POS,40,2025-04-26 23:23:18
TX000379,C1916,France,114.60,ATM,63,2025-04-14 00:53:45
TX000380,C1511,UK,5276.08,TRANSFER,34,2025-04-21 10:15:40
TX000381,C1579,Turkey,116.61,POS,13,2025-04-29 11:09:06
TX000382,C2439,Canada,84.75,ATM,40,2025-04-30 11:30:19
TX000383,C2416,UAE,622.96,ONLINE,67,2025-04-24 04:44:08
TX000384,C1906,Canada,446.73,ONLINE,72,2025-04-09 00:03:51
TX000385,C1553,UAE,181.33,POS,27,2025-04-06 04:48:11
TX000386,C1528,Morocco,108.31,POS,36,2025-04-06 05:12:49
TX000387,C1649,China,159.53,POS,1,2025-04-08 02:18:45
TX000388,C1367,USA,358.12,ATM,14,2025-04-26 16:20:58
TX000389,C1755,Morocco,133.49,CARD,45,2025-04-16 09:29:24
TX000390,C2323,China,510.38,CARD,24,2025-04-17 07:18:19
TX000391,C1858,France,194.63,POS,63,2025-04-14 17:54:41
TX000392,C1771,Morocco,120.86,ATM,29,2025-04-19 05:31:02
TX000393,C2438,China,59.17,ATM,31,2025-04-08 11:23:38
TX000394,C1166,France,62.26,CARD,30,2025-04-15 17:48:52
TX000395,C1840,USA,395.00,CARD,27,2025-04-04 16:43:28
TX000396,C1713,France,100.39,ATM,6,2025-04-28 02:23:05
TX000397,C1495,UK,130.45,ATM,64,2025-04-02 03:03:48
TX000398,C2487,Turkey,631.76,ATM,6,2025-04-05 03:26:15
TX000399,C1134,Morocco,134.68,POS,18,2025-04-15 08:58:26
TX000400,C1784,Canada,1087.38,ONLINE,45,2025-04-22 21:45:42
TX000401,C1757,Turkey,204.27,ATM,15,2025-04-05 01:03:27
TX000402,C2054,China,195.01,CARD,57,2025-04-01 17:24:38
TX000403,C1153,Turkey,105.10,ATM,40,2025-04-11 04:29:46
TX000404,C2295,China,26.62,POS,25,2025-04-25 06:42:59
TX000405,C2109,Turkey,117.58,ONLINE,30,2025-04-28 11:05:39
TX000406,C1020,Germany,1196.42,TRANSFER,24,2025-04-22 21:51:51
TX000407,C2244,UK,61.48,POS,30,2025-04-06 08:44:15
TX000408,C1510,China,108.86,POS,51,2025-04-15 03:50:22
TX000409,C2430,Morocco,229.33,TRANSFER,50,2025-04-12 18:02:14
TX000410,C1942,Turkey,152.95,POS,48,2025-04-09 07:07:14
TX000411,C2467,China,469.93,CARD,60,2025-04-28 02:08:31
TX000412,C2083,France,329.25,POS,28,2025-04-15 10:14:37
TX000413,C1094,Turkey,102.31,ATM,34,2025-04-28 08:34:06
TX000414,C1994,France,50.04,CARD,52,2025-04-16 06:39:51
TX000415,C1773,Turkey,177.25,POS,45,2025-04-14 03:52:51
TX000416,C1686,Morocco,220.02,CARD,59,2025-04-23 16:56:30
TX000417,C1653,UAE,805.22,TRANSFER,45,2025-04-30 20:23:38
TX000418,C1261,UAE,234.27,ATM,7,2025-04-17 09:01:57
TX000419,C1431,Spain,18215.44,TRANSFER,55,2025-04-19 13:27:30
TX000420,C2114,France,103.79,POS,1,2025-04-20 18:00:03
TX000421,C2218,UK,143.66,CARD,22,2025-04-11 22:27:00
TX000422,C1004,USA,195.94,ONLINE,34,2025-04-28 09:27:53
TX000423,C1187,Germany,210.04,POS,37,2025-04-01 13:37:52
TX000424,C2013,France,180.88,POS,1,2025-04-16 10:58:30
TX000425,C1471,China,5298.75,TRANSFER,45,2025-04-27 06:46:49
TX000426,C2001,Germany,827.21,ONLINE,15,2025-04-11 16:56:31
TX000427,C1948,China,85.14,ATM,63,2025-04-30 22:56:03
TX000428,C1502,China,223.45,POS,1,2025-04-04 16:33:23
TX000429,C1918,Morocco,221.53,ONLINE,57,2025-04-02 21:52:31
TX000430,C2149,China,67.62,POS,2,2025-04-23 09:25:28
TX000431,C2441,Morocco,176.00,ATM,39,2025-04-29 02:58:25
TX000432,C1824,UK,90.36,ATM,1,2025-04-22 23:01:26
TX000433,C1259,Spain,111.93,CARD,45,2025-04-10 14:48:21
TX000434,C1100,Canada,329.59,CARD,29,2025-04-28 07:17:18
TX000435,C1975,Morocco,185.29,ONLINE,50,2025-04-15 22:54:00
TX000436,C1387,China,2596.38,ONLINE,81,2025-04-09 11:36:23
TX000437,C1890,China,1127.52,TRANSFER,44,2025-04-26 19:10:19
TX000438,C1371,Germany,237.76,CARD,34,2025-04-28 04:15:57
TX000439,C1276,Canada,144.21,ATM,31,2025-04-21 19:32:30
TX000440,C1183,China,103.38,POS,50,2025-04-24 16:06:19
TX000441,C1143,Germany,251.25,POS,1,2025-04-11 17:40:25
TX000442,C1701,Canada,195.82,CARD,26,2025-04-29 18:58:22
TX000443,C2289,UAE,1791.25,TRANSFER,81,2025-04-20 20:32:07
TX000444,C2054,USA,125.88,CARD,28,2025-04-19 21:56:41
TX000445,C2028,Spain,1224.35,TRANSFER,50,2025-04-14 22:20:27
TX000446,C1351,UK,4336.08,TRANSFER,61,2025-04-17 16:39:00
TX000447,C1526,Spain,62.62,ATM,38,2025-04-25 12:25:56
TX000448,C1405,Morocco,51.44,CARD,43,2025-04-03 08:06:04
TX000449,C1007,UK,86.02,ATM,48,2025-04-11 13:46:01
TX000450,C2356,Turkey,3810.01,TRANSFER,68,2025-04-19 23:30:21
TX000451,C1434,France,156.91,CARD,25,2025-04-12 23:11:02
TX000452,C2030,USA,16061.67,TRANSFER,74,2025-04-27 03:08:53
TX000453,C1555,China,5621.32,TRANSFER,18,2025-04-26 18:11:27
TX000454,C2076,Morocco,43.80,POS,25,2025-04-10 10:19:55
TX000455,C1261,France,116.35,ATM,53,2025-04-05 01:40:49
TX000456,C1645,Turkey,198.59,CARD,27,2025-04-03 01:24:42
TX000457,C2452,Canada,824.04,CARD,43,2025-04-03 14:59:53
TX000458,C1640,France,174.10,ATM,47,2025-04-23 01:51:09
TX000459,C2037,UAE,118.23,ONLINE,42,2025-04-21 19:38:49
TX000460,C1387,Morocco,130.27,ONLINE,76,2025-04-01 00:16:35
TX000461,C2394,USA,201.80,CARD,42,2025-04-20 14:16:29
TX000462,C1095,UAE,63.64,ATM,39,2025-04-12 19:18:38
TX000463,C2080,UK,255.87,CARD,7,2025-04-18 20:31:06
TX000464,C1233,France,162.52,POS,36,2025-04-22 05:32:49
TX000465,C2246,UAE,4712.83,TRANSFER,84,2025-04-16 04:36:30
TX000466,C1744,Canada,84.05,ATM,29,2025-04-27 22:52:22
TX000467,C1898,Canada,105.49,POS,29,2025-04-26 16:54:56
TX000468,C1886,Turkey,189.21,ATM,1,2025-04-25 19:38:01
TX000469,C1041,UK,869.27,CARD,27,2025-04-07 03:31:20
TX000470,C1984,UK,65.08,CARD,69,2025-04-02 03:56:16
TX000471,C1651,Turkey,102.14,ATM,3,2025-04-11 05:21:20
TX000472,C1980,Germany,168.06,ATM,35,2025-04-01 07:18:22
TX000473,C1323,China,420.72,ONLINE,52,2025-04-07 09:34:58
TX000474,C2461,Canada,40.40,ATM,44,2025-04-30 04:56:38
TX000475,C1247,Spain,1361.45,ONLINE,39,2025-04-15 07:41:58
TX000476,C1482,China,166.60,ATM,40,2025-04-08 10:42:36
TX000477,C2434,Germany,109.50,ONLINE,66,2025-04-14 01:06:49
TX000478,C1580,China,160.26,ONLINE,28,2025-04-16 05:39:00
TX000479,C1797,France,141.66,POS,9,2025-04-23 09:02:03
TX000480,C1979,USA,145.67,ATM,26,2025-04-02 14:05:30
TX000481,C1030,UAE,95.44,ATM,46,2025-04-30 16:38:29
TX000482,C1206,Canada,139.84,POS,40,2025-04-15 02:18:39
TX000483,C1295,UAE,219.46,ONLINE,60,2025-04-12 03:47:27
TX000484,C1070,Spain,2862.15,TRANSFER,63,2025-04-08 03:07:10
TX000485,C1342,France,149.38,ONLINE,66,2025-04-07 18:03:01
TX000486,C1669,China,53.07,POS,6,2025-04-19 10:03:11
TX000487,C1334,France,774.38,ONLINE,58,2025-04-18 16:22:01
TX000488,C2208,Germany,173.84,CARD,13,2025-04-22 16:49:47
TX000489,C1421,USA,286.14,POS,1,2025-04-21 02:33:49
TX000490,C1751,France,216.14,ATM,25,2025-04-29 19:16:13
TX000491,C2371,China,80.85,CARD,4,2025-04-07 07:43:13
TX000492,C2040,Germany,392.04,ONLINE,47,2025-04-06 22:34:17
TX000493,C2396,USA,597.89,ONLINE,36,2025-04-15 22:45:40
TX000494,C2138,UK,111.21,ATM,22,2025-04-23 13:51:19
TX000495,C1247,China,160.25,ATM,15,2025-04-02 08:11:19
TX000496,C1304,China,98.78,ATM,9,2025-04-22 17:36:47
TX000497,C2397,China,17.24,POS,4,2025-04-08 09:49:42
TX000498,C1975,China,12874.33,TRANSFER,65,2025-04-19 05:09:28
TX000499,C1965,USA,43505.48,TRANSFER,51,2025-04-01 15:12:05
TX000500,C1064,Germany,198.04,CARD,77,2025-04-07 10:32:09
TX000501,C1417,France,297.03,ONLINE,5,2025-04-05 12:26:18
TX000502,C1678,USA,272.27,POS,21,2025-04-21 01:48:14
TX000503,C1335,China,133.13,ATM,13,2025-04-10 12:37:33
TX000504,C1734,UK,85.25,POS,58,2025-04-19 20:53:13
TX000505,C1065,Spain,505.51,ONLINE,45,2025-04-10 08:39:46
TX000506,C1521,Canada,1711.80,ONLINE,41,2025-04-28 17:04:22
TX000507,C2207,Canada,62.42,POS,29,2025-04-29 19:16:38
TX000508,C1942,Morocco,49.86,POS,22,2025-04-10 21:59:54
TX000509,C1804,USA,95.16,ONLINE,42,2025-04-26 19:16:59
TX000510,C1884,Turkey,166.51,POS,23,2025-04-13 11:30:34
TX000511,C2494,Spain,197.04,CARD,16,2025-04-20 00:42:17
TX000512,C2216,France,84.82,ATM,69,2025-04-27 21:08:11
TX000513,C1778,France,113.33,ATM,29,2025-04-04 08:02:23
TX000514,C1529,Turkey,117.23,ATM,30,2025-04-13 17:36:48
TX000515,C1973,Morocco,133.54,ATM,19,2025-04-19 19:50:33
TX000516,C1058,UK,151.72,ONLINE,27,2025-04-01 12:00:40
TX000517,C2331,Morocco,3552.21,TRANSFER,26,2025-04-26 19:40:13
TX000518,C2263,Canada,42.93,POS,36,2025-04-23 21:47:23
TX000519,C2139,France,297.22,ATM,10,2025-04-23 05:58:02
TX000520,C2106,Germany,296.87,CARD,28,2025-04-10 05:49:21
TX000521,C1928,France,1954.33,TRANSFER,72,2025-04-02 01:49:22
TX000522,C1190,Turkey,62.27,POS,40,2025-04-12 06:21:22
TX000523,C2149,UAE,187.97,ATM,5,2025-04-20 23:01:19
TX000524,C1178,Spain,177.10,POS,57,2025-04-13 00:12:04
TX000525,C1416,Germany,19832.76,TRANSFER,49,2025-04-28 10:26:11
TX000526,C2265,France,2867.11,TRANSFER,98,2025-04-16 03:21:44
TX000527,C1232,Turkey,358.37,ONLINE,33,2025-04-08 20:22:56
TX000528,C1713,UK,48.73,POS,31,2025-04-21 00:32:03
TX000529,C2197,Morocco,240.50,CARD,20,2025-04-17 14:37:15
TX000530,C2315,Turkey,1212.60,TRANSFER,68,2025-04-04 04:19:54
TX000531,C1790,China,93.71,ATM,35,2025-04-01 16:23:56
TX000532,C1732,Turkey,99.98,ATM,37,2025-04-19 09:35:03
TX000533,C2079,Spain,122.10,ATM,34,2025-04-29 04:53:28
TX000534,C2415,China,99.99,ONLINE,34,2025-04-26 09:31:16
TX000535,C2089,USA,59.69,CARD,1,2025-04-11 20:38:44
TX000536,C1587,Germany,84.26,CARD,45,2025-04-14 07:39:42
TX000537,C1810,UAE,47.98,CARD,45,2025-04-07 07:42:14
TX000538,C2091,Canada,110.10,ATM,36,2025-04-10 09:11:46
TX000539,C2466,China,23.27,ATM,42,2025-04-03 19:58:56
TX000540,C1868,Morocco,143.43,ONLINE,81,2025-04-06 00:50:29
TX000541,C2175,China,221.60,CARD,42,2025-04-21 13:25:46
TX000542,C2141,UAE,460.19,CARD,15,2025-04-30 15:28:51
TX000543,C1136,Spain,203.32,ATM,20,2025-04-25 07:52:31
TX000544,C2354,UAE,2120.92,TRANSFER,61,2025-04-23 21:12:00
TX000545,C2207,USA,580.84,POS,38,2025-04-01 15:58:34
TX000546,C1353,USA,246.59,CARD,27,2025-04-16 02:25:03
TX000547,C2370,Germany,6942.63,TRANSFER,36,2025-04-27 17:51:25
TX000548,C2216,Germany,192.46,POS,21,2025-04-01 09:40:38
TX000549,C1826,France,70.63,POS,1,2025-04-03 13:58:39
TX000550,C1105,Spain,218.97,ATM,14,2025-04-12 10:20:23
TX000551,C1153,Morocco,4399.57,TRANSFER,24,2025-04-01 10:28:45
TX000552,C1239,Turkey,68.59,POS,19,2025-04-20 22:32:39
TX000553,C1191,UAE,124.20,CARD,37,2025-04-04 11:02:29
TX000554,C2259,USA,2203.12,TRANSFER,67,2025-04-04 15:44:53
TX000555,C2500,UAE,247.48,CARD,56,2025-04-26 00:02:26
TX000556,C2054,Canada,1120.05,TRANSFER,55,2025-04-02 20:39:22
TX000557,C1640,Morocco,388.85,CARD,31,2025-04-10 06:44:53
TX000558,C2412,Germany,118.99,ATM,33,2025-04-19 14:32:20
TX000559,C1998,Morocco,138.58,POS,18,2025-04-10 00:19:59
TX000560,C1506,France,1074.80,TRANSFER,64,2025-04-17 12:21:32
TX000561,C1322,Turkey,96.09,ATM,1,2025-04-20 09:15:45
TX000562,C2089,Morocco,223.58,CARD,23,2025-04-18 13:20:45
TX000563,C1769,China,75.94,ATM,24,2025-04-12 02:49:21
TX000564,C2178,Germany,64.69,ATM,42,2025-04-12 07:18:07
TX000565,C1384,China,697.68,TRANSFER,46,2025-04-25 09:40:18
TX000566,C1421,France,580.91,ONLINE,61,2025-04-02 21:31:39
TX000567,C1092,France,65.36,CARD,39,2025-04-28 17:32:16
TX000568,C1745,France,8461.82,TRANSFER,59,2025-04-21 09:43:54
TX000569,C2278,Spain,237.37,POS,39,2025-04-26 12:00:02
TX000570,C1407,UAE,386.09,TRANSFER,51,2025-04-07 03:28:55
TX000571,C1813,UAE,519.26,POS,7,2025-04-10 00:07:45
TX000572,C1688,France,167.21,ONLINE,68,2025-04-28 03:00:48
TX000573,C1498,UAE,117.51,POS,18,2025-04-19 08:15:34
TX000574,C1587,Morocco,714.06,TRANSFER,56,2025-04-03 05:59:09
TX000575,C1019,China,105.24,ATM,31,2025-04-04 01:21:08
TX000576,C2187,Morocco,61.79,CARD,1,2025-04-11 19:49:25
TX000577,C1718,USA,4250.47,TRANSFER,48,2025-04-17 17:11:54
TX000578,C1079,Spain,510.21,CARD,31,2025-04-01 01:22:48
TX000579,C1900,China,53.79,ATM,1,2025-04-07 17:07:55
TX000580,C1177,Morocco,1113.23,ONLINE,45,2025-04-06 00:03:39
TX000581,C1185,Turkey,129.91,ATM,46,2025-04-08 01:12:46
TX000582,C1843,France,55.64,ONLINE,22,2025-04-03 17:37:25
TX000583,C1230,Germany,387.90,POS,38,2025-04-10 23:53:02
TX000584,C2280,UAE,264.42,ATM,24,2025-04-01 08:23:41
TX000585,C1176,Morocco,311.53,ATM,4,2025-04-07 03:03:13
TX000586,C1637,Turkey,304.66,ONLINE,1,2025-04-01 12:16:31
TX000587,C2270,Canada,78.82,POS,32,2025-04-12 04:33:41
TX000588,C1539,Germany,439.03,POS,33,2025-04-19 16:21:04
TX000589,C1756,UK,451.24,ONLINE,40,2025-04-09 19:19:35
TX000590,C1563,UAE,64.42,ATM,28,2025-04-20 03:31:01
TX000591,C1692,UAE,202.67,TRANSFER,80,2025-04-15 18:02:30
TX000592,C1405,UAE,237.34,POS,36,2025-04-20 10:16:13
TX000593,C1811,Germany,85.72,ONLINE,32,2025-04-07 01:42:49
TX000594,C2096,Spain,475.21,ATM,23,2025-04-08 18:26:06
TX000595,C1080,UK,181.29,ATM,1,2025-04-30 14:55:30
TX000596,C1646,China,421.83,CARD,24,2025-04-23 06:32:57
TX000597,C1413,China,3089.23,TRANSFER,66,2025-04-01 20:26:07
TX000598,C2333,China,131.82,POS,18,2025-04-16 10:18:51
TX000599,C2188,China,313.38,ONLINE,20,2025-04-11 12:29:20
TX000600,C2162,Germany,1300.19,TRANSFER,25,2025-04-27 09:12:27
TX000601,C1934,Turkey,80.44,ATM,11,2025-04-19 12:39:39
TX000602,C1188,Morocco,104.45,POS,1,2025-04-22 10:57:27
TX000603,C2304,Spain,195.05,CARD,1,2025-04-13 09:04:46
TX000604,C1156,UAE,3672.21,TRANSFER,22,2025-04-09 06:50:09
TX000605,C1858,Turkey,72.05,POS,13,2025-04-21 12:06:09
TX000606,C1992,China,142.20,ATM,19,2025-04-06 18:51:28
TX000607,C1738,UK,361.98,CARD,50,2025-04-12 06:58:34
TX000608,C2128,Canada,343.22,POS,25,2025-04-07 12:04:07
TX000609,C2036,Germany,119.11,POS,36,2025-04-15 05:52:53
TX000610,C1428,Spain,234.74,ATM,32,2025-04-11 02:50:45
TX000611,C1783,Germany,348.63,ATM,22,2025-04-04 16:19:53
TX000612,C1196,UK,125.14,ATM,74,2025-04-17 00:36:42
TX000613,C1518,Spain,627.59,TRANSFER,69,2025-04-27 09:54:16
TX000614,C2463,Turkey,112.07,ATM,19,2025-04-13 22:33:38
TX000615,C1358,Germany,48.88,CARD,64,2025-04-06 20:02:21
TX000616,C1257,France,1351.68,TRANSFER,48,2025-04-01 19:26:37
TX000617,C2108,France,1288.93,TRANSFER,53,2025-04-23 22:35:55
TX000618,C1010,Spain,196.60,ONLINE,89,2025-04-26 00:36:14
TX000619,C1792,China,1091.57,TRANSFER,76,2025-04-29 04:32:32
TX000620,C1414,UK,143.40,ATM,1,2025-04-14 12:43:15
TX000621,C1609,Turkey,1965.86,TRANSFER,48,2025-04-13 05:17:12
TX000622,C1512,Spain,103.73,ATM,22,2025-04-13 15:33:05
TX000623,C1397,China,294.94,CARD,26,2025-04-23 03:59:34
TX000624,C1825,Canada,78.00,POS,29,2025-04-19 02:39:58
TX000625,C1854,France,1115.84,ONLINE,86,2025-04-28 21:15:44
TX000626,C2057,Morocco,110.26,CARD,67,2025-04-04 07:00:26
TX000627,C2490,Germany,63.67,ATM,19,2025-04-30 21:43:31
TX000628,C1758,Canada,60.76,ONLINE,56,2025-04-10 22:35:28
TX000629,C1223,UK,219.45,ONLINE,44,2025-04-05 07:09:02
TX000630,C1167,Spain,158.02,POS,9,2025-04-06 19:54:32
TX000631,C1044,China,242.07,ATM,19,2025-04-05 10:29:36
TX000632,C1531,China,79.77,POS,8,2025-04-27 23:03:52
TX000633,C1951,USA,11380.66,TRANSFER,82,2025-04-02 14:06:53
TX000634,C2173,China,174.19,ATM,4,2025-04-03 20:02:15
TX000635,C1946,China,1165.98,TRANSFER,79,2025-04-19 02:01:04
TX000636,C2006,USA,27.48,ONLINE,48,2025-04-21 04:07:47
TX000637,C1642,USA,3944.44,TRANSFER,54,2025-04-28 08:11:14
TX000638,C1039,France,43.65,ONLINE,70,2025-04-25 00:59:39
TX000639,C1764,Spain,123.62,ATM,33,2025-04-06 16:03:54
TX000640,C1489,China,158.90,ONLINE,41,2025-04-01 22:20:13
TX000641,C1399,UK,212.78,ATM,22,2025-04-20 15:02:14
TX000642,C1399,Turkey,36.47,POS,25,2025-04-06 05:31:25
TX000643,C2271,Turkey,227.24,ONLINE,41,2025-04-14 05:14:02
TX000644,C1986,Canada,223.77,CARD,41,2025-04-13 12:44:44
TX000645,C1841,Germany,597.09,ONLINE,73,2025-04-28 03:47:06
TX000646,C1649,China,273.55,CARD,43,2025-04-04 08:37:03
TX000647,C2408,Germany,437.08,ONLINE,43,2025-04-19 18:47:10
TX000648,C1263,USA,1530.45,ONLINE,89,2025-04-06 14:07:23
TX000649,C1824,Spain,222.72,CARD,33,2025-04-29 13:02:50
TX000650,C2138,Canada,543.16,CARD,40,2025-04-26 07:12:32
TX000651,C1103,Germany,118.70,POS,1,2025-04-09 09:45:37
TX000652,C2380,France,7767.68,TRANSFER,47,2025-04-20 19:55:15
TX000653,C2158,USA,131.22,POS,21,2025-04-27 17:02:33
TX000654,C1098,Turkey,127.60,CARD,5,2025-04-23 07:07:38
TX000655,C2338,Spain,200.21,POS,28,2025-04-02 15:43:41
TX000656,C1080,Germany,253.81,POS,17,2025-04-10 13:20:19
TX000657,C1397,UK,102.58,CARD,28,2025-04-20 22:37:52
TX000658,C1665,France,839.78,TRANSFER,37,2025-04-02 08:30:55
TX000659,C1512,Morocco,232.81,CARD,42,2025-04-05 02:05:15
TX000660,C2122,China,3662.13,TRANSFER,67,2025-04-26 23:32:39
TX000661,C1825,France,35.45,POS,15,2025-04-28 15:20:49
TX000662,C1689,UAE,151.39,POS,36,2025-04-22 14:13:27
TX000663,C1062,UK,126.94,ATM,32,2025-04-04 01:10:39
TX000664,C2010,Germany,3245.51,TRANSFER,41,2025-04-06 17:56:53
TX000665,C1118,Canada,132.07,ATM,6,2025-04-24 11:37:12
TX000666,C2116,USA,223.28,POS,36,2025-04-11 13:54:34
TX000667,C1746,USA,164.56,CARD,50,2025-04-12 16:00:01
TX000668,C1565,Germany,51.96,POS,1,2025-04-02 18:00:27
TX000669,C1814,USA,408.11,POS,20,2025-04-26 01:13:21
TX000670,C1858,Morocco,724.06,CARD,26,2025-04-11 07:02:09
TX000671,C2199,UK,476.19,TRANSFER,79,2025-04-15 04:47:52
TX000672,C1210,Canada,2325.43,TRANSFER,57,2025-04-18 19:54:37
TX000673,C1633,UAE,77.53,POS,27,2025-04-17 04:48:29
TX000674,C2018,China,17.25,CARD,19,2025-04-23 13:21:24
TX000675,C2385,Spain,4203.01,TRANSFER,51,2025-04-20 20:53:28
TX000676,C2219,UK,106.09,CARD,22,2025-04-09 16:58:46
TX000677,C1107,USA,130.85,ATM,46,2025-04-14 04:15:22
TX000678,C1007,Spain,367.20,CARD,1,2025-04-11 08:31:12
TX000679,C1660,Germany,5270.87,TRANSFER,83,2025-04-22 01:58:04
TX000680,C2227,UAE,108.81,ATM,58,2025-04-10 12:13:16
TX000681,C1210,Canada,837.87,ONLINE,25,2025-04-08 07:54:05
TX000682,C1877,Turkey,97.54,POS,7,2025-04-14 20:21:46
TX000683,C1549,UAE,72.24,POS,47,2025-04-28 06:29:02
TX000684,C2368,Canada,20.95,POS,28,2025-04-30 21:17:11
TX000685,C1995,Morocco,64.64,POS,52,2025-04-09 00:50:38
TX000686,C1880,France,6671.50,TRANSFER,54,2025-04-04 21:57:08
TX000687,C1683,Spain,229.93,CARD,57,2025-04-05 15:17:31
TX000688,C1868,UK,355.39,ONLINE,51,2025-04-01 09:44:23
TX000689,C2293,Turkey,80.67,ONLINE,79,2025-04-04 03:30:00
TX000690,C1977,UAE,443.11,ONLINE,55,2025-04-24 02:13:05
TX000691,C2233,France,112.97,ATM,3,2025-04-27 10:17:49
TX000692,C2147,UAE,100.05,POS,44,2025-04-11 22:18:58
TX000693,C1563,USA,57.89,ATM,15,2025-04-12 20:01:18
TX000694,C1681,Morocco,62.51,CARD,30,2025-04-30 10:43:25
TX000695,C1467,Germany,329.08,ONLINE,26,2025-04-02 09:51:39
TX000696,C1856,China,219.09,CARD,22,2025-04-15 18:18:01
TX000697,C1296,China,721.39,TRANSFER,64,2025-04-25 13:54:15
TX000698,C1184,China,350.33,CARD,33,2025-04-22 07:56:47
TX000699,C1019,USA,273.66,ATM,17,2025-04-09 15:30:16
TX000700,C2374,UK,370.73,CARD,53,2025-04-06 12:14:16
TX000701,C1351,Spain,217.11,ONLINE,24,2025-04-17 07:42:40
TX000702,C1078,UAE,47.73,ONLINE,38,2025-04-07 04:00:03
TX000703,C2089,Germany,802.46,TRANSFER,67,2025-04-18 13:50:10
TX000704,C1379,UAE,222.82,ATM,16,2025-04-02 14:59:54
TX000705,C2356,USA,247.18,POS,5,2025-04-23 23:43:40
TX000706,C1464,China,299.56,ONLINE,70,2025-04-02 17:50:37
TX000707,C2300,UAE,221.78,ONLINE,28,2025-04-30 16:00:07
TX000708,C1005,Germany,74.12,POS,4,2025-04-25 14:40:18
TX000709,C1799,China,81.86,ATM,37,2025-04-28 03:55:14
TX000710,C1697,USA,4547.67,TRANSFER,86,2025-04-07 01:32:06
TX000711,C1619,Morocco,234.12,ATM,37,2025-04-11 17:50:21
TX000712,C2186,Turkey,109.50,CARD,3,2025-04-22 16:16:20
TX000713,C1184,China,709.71,POS,28,2025-04-04 23:57:33
TX000714,C1702,Morocco,48.65,ONLINE,37,2025-04-05 10:51:09
TX000715,C1888,France,89.51,CARD,45,2025-04-05 04:42:10
TX000716,C1658,Spain,38.88,POS,44,2025-04-18 12:33:50
TX000717,C1199,Turkey,81.31,CARD,28,2025-04-27 13:55:27
TX000718,C2231,USA,22.35,POS,1,2025-04-07 20:37:37
TX000719,C1768,UK,24.60,POS,21,2025-04-03 22:07:54
TX000720,C1299,UK,413.81,TRANSFER,49,2025-04-02 19:57:35
TX000721,C1306,China,140.42,POS,6,2025-04-18 14:58:52
TX000722,C1244,Canada,392.04,TRANSFER,83,2025-04-29 03:55:47
TX000723,C1973,France,326.59,ATM,30,2025-04-22 17:58:53
TX000724,C2263,Germany,71.14,POS,42,2025-04-07 08:08:24
TX000725,C2304,UK,182.49,POS,16,2025-04-03 13:44:16
TX000726,C1097,UAE,148.55,CARD,33,2025-04-09 09:08:16
TX000727,C1066,Turkey,180.03,ATM,24,2025-04-03 15:19:13
TX000728,C1436,UAE,3195.70,CARD,1,2025-04-15 13:08:37
TX000729,C1649,Morocco,74.49,POS,39,2025-04-10 04:08:47
TX000730,C1284,UK,961.33,ONLINE,40,2025-04-19 01:42:15
TX000731,C1495,UK,182.92,ATM,42,2025-04-11 00:24:48
TX000732,C2120,UAE,85.50,POS,4,2025-04-13 12:02:11
TX000733,C1833,UK,25.72,POS,35,2025-04-12 01:10:16
TX000734,C2428,China,80.17,CARD,49,2025-04-24 03:17:10
TX000735,C1007,Morocco,391.16,ONLINE,64,2025-04-10 04:22:45
TX000736,C1463,France,77.04,ATM,17,2025-04-30 10:47:11
TX000737,C2435,China,292.86,ATM,21,2025-04-13 12:36:53
TX000738,C1551,UAE,115.35,ATM,21,2025-04-20 08:56:19
TX000739,C2431,Canada,157.16,ATM,21,2025-04-24 11:29:28
TX000740,C1296,Canada,213.62,ONLINE,34,2025-04-02 16:09:28
TX000741,C1990,USA,214.82,ATM,13,2025-04-12 23:54:07
TX000742,C2123,Morocco,39.28,POS,48,2025-04-17 01:42:36
TX000743,C1555,Germany,150.14,ATM,3,2025-04-27 15:07:00
TX000744,C1148,Germany,80.15,ONLINE,24,2025-04-22 16:54:29
TX000745,C2431,USA,1428.60,TRANSFER,54,2025-04-25 16:33:53
TX000746,C1907,UK,77.32,CARD,61,2025-04-07 22:12:41
TX000747,C1672,Spain,177.72,ATM,43,2025-04-13 21:19:28
TX000748,C2424,France,36.79,CARD,36,2025-04-01 15:46:51
TX000749,C2030,Germany,2091.52,TRANSFER,73,2025-04-15 05:11:30
TX000750,C1809,UAE,1148.97,TRANSFER,60,2025-04-04 01:38:27
TX000751,C1543,Turkey,3588.08,TRANSFER,50,2025-04-15 18:30:53
TX000752,C1982,Morocco,7151.54,TRANSFER,69,2025-04-10 16:48:50
TX000753,C1102,China,355.16,ONLINE,4,2025-04-29 19:33:45
TX000754,C2062,Spain,3086.01,TRANSFER,26,2025-04-19 13:45:54
TX000755,C2042,China,113.63,CARD,18,2025-04-30 15:31:14
TX000756,C2499,Turkey,95.00,ATM,50,2025-04-29 21:43:42
TX000757,C1397,USA,87.73,POS,35,2025-04-20 04:33:35
TX000758,C2047,France,235.57,POS,18,2025-04-19 11:44:45
TX000759,C1253,Germany,88.09,POS,61,2025-04-11 13:46:08
TX000760,C2207,China,301.49,ATM,42,2025-04-04 06:36:22
TX000761,C2485,UK,157.50,ATM,30,2025-04-07 20:49:21
TX000762,C1625,Canada,307.95,TRANSFER,16,2025-04-20 21:00:20
TX000763,C1624,France,40.96,ATM,34,2025-04-26 05:48:34
TX000764,C2427,UK,109.37,CARD,37,2025-04-26 09:42:44
TX000765,C2024,France,41.84,ATM,23,2025-04-16 20:26:45
TX000766,C1726,France,217.05,CARD,27,2025-04-29 02:21:28
TX000767,C1815,Canada,84.95,POS,10,2025-04-07 19:42:25
TX000768,C2119,Morocco,2047.33,TRANSFER,61,2025-04-23 05:36:38
TX000769,C1045,Canada,115.23,POS,10,2025-04-23 21:00:30
TX000770,C2178,Spain,27.50,CARD,27,2025-04-22 10:51:45
TX000771,C1535,Turkey,2342.72,TRANSFER,59,2025-04-11 10:09:30
TX000772,C1281,UK,254.54,POS,23,2025-04-02 13:18:46
TX000773,C1294,UK,161.51,ATM,30,2025-04-16 10:28:43
TX000774,C2194,France,89.32,ATM,7,2025-04-27 13:22:00
TX000775,C2475,Turkey,83.51,ONLINE,61,2025-04-28 06:27:59
TX000776,C1579,Canada,384.48,ONLINE,26,2025-04-15 09:28:08
TX000777,C2369,Canada,5742.27,TRANSFER,67,2025-04-12 05:39:00
TX000778,C1976,Germany,250.62,ATM,17,2025-04-02 17:19:29
TX000779,C1088,UK,144.56,POS,10,2025-04-09 09:24:27
TX000780,C2468,UAE,4407.90,TRANSFER,39,2025-04-24 14:16:03
TX000781,C1453,Morocco,165.67,ONLINE,45,2025-04-05 19:03:54
TX000782,C2348,UAE,168.86,ATM,29,2025-04-26 22:57:20
TX000783,C2175,USA,860.16,ATM,33,2025-04-18 22:05:22
TX000784,C1842,China,206.04,CARD,34,2025-04-23 09:10:35
TX000785,C1687,China,672.68,ONLINE,62,2025-04-23 02:17:08
TX000786,C1135,Turkey,553.61,TRANSFER,38,2025-04-25 18:48:52
TX000787,C2368,USA,39.02,ONLINE,54,2025-04-01 23:59:18
TX000788,C1531,Germany,198.97,ATM,31,2025-04-06 14:58:30
TX000789,C1434,China,165.15,ONLINE,26,2025-04-03 07:01:37
TX000790,C1164,Canada,226.00,ONLINE,83,2025-04-21 20:52:59
TX000791,C2298,Germany,79.82,POS,38,2025-04-16 07:20:33
TX000792,C2055,Turkey,529.65,ATM,18,2025-04-06 23:47:49
TX000793,C1375,UAE,425.19,POS,50,2025-04-25 23:04:40
TX000794,C1506,Morocco,490.29,CARD,44,2025-04-21 15:20:52
TX000795,C2148,China,232.88,CARD,12,2025-04-18 17:23:56
TX000796,C2014,UAE,86.36,CARD,14,2025-04-29 02:38:19
TX000797,C1931,Germany,34.78,POS,58,2025-04-17 12:09:34
TX000798,C1025,China,128.95,POS,31,2025-04-06 19:50:44
TX000799,C1526,Morocco,1114.24,TRANSFER,66,2025-04-01 01:34:59
TX000800,C1253,Turkey,921.67,TRANSFER,53,2025-04-22 22:25:46
TX000801,C1698,Spain,2434.94,TRANSFER,64,2025-04-01 02:49:04
TX000802,C1857,UAE,370.35,ATM,54,2025-04-04 05:40:26
TX000803,C2474,UK,251.28,ONLINE,53,2025-04-08 16:50:13
TX000804,C1908,USA,70.64,ATM,26,2025-04-17 04:09:24
TX000805,C1630,China,112.77,ATM,1,2025-04-18 23:05:32
TX000806,C1077,UK,204.83,POS,35,2025-04-26 23:17:53
TX000807,C1092,UK,337.30,CARD,20,2025-04-14 11:16:23
TX000808,C1391,Germany,365.76,TRANSFER,28,2025-04-24 13:27:03
TX000809,C1494,Spain,679.87,CARD,50,2025-04-25 08:21:00
TX000810,C1871,Germany,111.27,CARD,49,2025-04-01 19:40:09
TX000811,C2449,UK,140.59,CARD,46,2025-04-01 11:15:59
TX000812,C1310,Canada,533.45,ONLINE,77,2025-04-13 19:50:07
TX000813,C1191,Turkey,113.04,POS,16,2025-04-11 04:55:20
TX000814,C2138,Spain,23.21,POS,14,2025-04-25 16:14:15
TX000815,C1745,Turkey,193.28,POS,13,2025-04-14 18:51:58
TX000816,C2444,Morocco,6078.75,TRANSFER,55,2025-04-23 22:55:03
TX000817,C2018,USA,81.36,CARD,24,2025-04-03 20:20:04
TX000818,C1785,France,7465.55,TRANSFER,75,2025-04-01 05:19:41
TX000819,C1108,Spain,1223.09,ONLINE,27,2025-04-30 04:46:50
TX000820,C1366,China,114.82,ATM,14,2025-04-01 15:41:56
TX000821,C2154,France,168.86,CARD,62,2025-04-27 08:05:17
TX000822,C1144,France,370.54,ONLINE,60,2025-04-27 23:05:38
TX000823,C2360,Germany,701.18,CARD,41,2025-04-23 06:38:48
TX000824,C2138,Turkey,3602.19,TRANSFER,34,2025-04-24 16:51:05
TX000825,C1833,Germany,67.74,ONLINE,28,2025-04-19 00:01:05
TX000826,C2392,UAE,147.23,POS,41,2025-04-08 02:33:01
TX000827,C1601,Spain,241.77,CARD,62,2025-04-21 09:03:55
TX000828,C2282,Spain,2173.09,TRANSFER,76,2025-04-05 00:35:57
TX000829,C1608,France,127.39,ATM,68,2025-04-09 00:07:33
TX000830,C1704,UAE,917.21,ONLINE,41,2025-04-12 11:42:10
TX000831,C1287,Morocco,302.92,ONLINE,29,2025-04-12 15:47:45
TX000832,C1582,Turkey,135.56,POS,37,2025-04-17 02:11:12
TX000833,C2328,UAE,286.71,ONLINE,34,2025-04-06 13:03:57
TX000834,C2047,Spain,393.86,TRANSFER,38,2025-04-17 01:00:02
TX000835,C1516,Germany,279.04,POS,1,2025-04-17 20:39:14
TX000836,C1728,UK,451.63,TRANSFER,68,2025-04-02 05:24:46
TX000837,C1296,UAE,365.85,ATM,19,2025-04-30 04:02:35
TX000838,C1401,Morocco,55.73,POS,51,2025-04-18 09:54:48
TX000839,C2286,Turkey,369.44,ONLINE,39,2025-04-14 02:56:49
TX000840,C1856,Spain,111.39,POS,26,2025-04-07 05:41:26
TX000841,C1116,Germany,63.88,CARD,33,2025-04-29 04:29:36
TX000842,C2402,UAE,116.59,ATM,30,2025-04-28 04:23:51
TX000843,C2168,China,63.60,CARD,40,2025-04-20 11:33:34
TX000844,C2273,Morocco,449.04,ONLINE,53,2025-04-17 09:53:03
TX000845,C1105,UK,34.97,POS,29,2025-04-15 14:22:47
TX000846,C1001,USA,730.01,CARD,45,2025-04-23 13:20:03
TX000847,C1509,UK,1442.47,TRANSFER,73,2025-04-07 02:52:29
TX000848,C2457,UAE,1966.29,TRANSFER,40,2025-04-06 01:23:49
TX000849,C1270,France,251.59,POS,15,2025-04-02 14:21:43
TX000850,C1247,Canada,340.25,TRANSFER,64,2025-04-24 04:02:07
TX000851,C1157,UAE,136.54,POS,47,2025-04-15 03:12:51
TX000852,C1318,China,105.04,POS,27,2025-04-03 21:24:57
TX000853,C1382,Spain,711.04,ONLINE,57,2025-04-01 15:10:45
TX000854,C2135,UAE,3328.58,TRANSFER,87,2025-04-27 01:01:18
TX000855,C2494,UK,174.56,ATM,25,2025-04-27 03:36:11
TX000856,C1840,Spain,271.17,ONLINE,61,2025-04-23 12:50:04
TX000857,C1945,Turkey,123.56,POS,15,2025-04-21 10:49:57
TX000858,C1418,UAE,462.44,ONLINE,46,2025-04-07 07:02:39
TX000859,C1099,China,217.74,POS,14,2025-04-28 06:42:03
TX000860,C1176,Canada,90.45,ATM,8,2025-04-30 19:59:49
TX000861,C2350,UK,203.79,ATM,34,2025-04-08 03:35:46
TX000862,C2396,UK,205.85,POS,29,2025-04-01 04:29:48
TX000863,C1263,UK,60.98,CARD,42,2025-04-21 07:15:44
TX000864,C1345,Spain,371.42,CARD,50,2025-04-22 21:52:22
TX000865,C1088,UAE,375.12,CARD,20,2025-04-23 10:59:44
TX000866,C2001,France,275.72,TRANSFER,59,2025-04-04 02:03:58
TX000867,C1717,Canada,150.27,POS,30,2025-04-30 18:56:00
TX000868,C1842,Canada,54.94,ATM,5,2025-04-25 17:44:21
TX000869,C2331,China,80.12,ATM,52,2025-04-12 08:41:50
TX000870,C2465,UK,192.85,ATM,15,2025-04-27 21:45:12
TX000871,C1361,Canada,171.25,POS,14,2025-04-06 21:42:26
TX000872,C2007,UAE,269.40,TRANSFER,39,2025-04-12 02:01:25
TX000873,C2232,China,211.16,ATM,28,2025-04-26 08:05:19
TX000874,C1801,France,115.10,CARD,9,2025-04-13 14:59:17
TX000875,C1308,USA,134.83,POS,38,2025-04-25 04:06:02
TX000876,C1156,Germany,750.14,CARD,13,2025-04-17 18:17:36
TX000877,C1506,USA,113.82,ONLINE,35,2025-04-23 06:09:51
TX000878,C2232,UAE,242.26,ATM,15,2025-04-02 15:20:40
TX000879,C2259,UK,290.90,ATM,45,2025-04-29 04:17:18
TX000880,C1038,Spain,107.82,POS,8,2025-04-24 07:57:47
TX000881,C1280,Morocco,9676.03,TRANSFER,48,2025-04-30 20:43:54
TX000882,C1734,Turkey,590.40,ONLINE,98,2025-04-16 21:41:34
TX000883,C1676,Canada,110.43,ATM,6,2025-04-12 19:36:28
TX000884,C2382,Morocco,185.98,ONLINE,43,2025-04-08 01:02:50
TX000885,C1704,USA,8776.09,TRANSFER,28,2025-04-22 11:20:29
TX000886,C2326,UK,242.34,ONLINE,45,2025-04-14 04:39:56
TX000887,C2104,UAE,89.78,ATM,13,2025-04-19 04:44:09
TX000888,C1301,USA,616.12,ONLINE,37,2025-04-15 23:17:06
TX000889,C1889,Spain,183.31,CARD,67,2025-04-02 06:03:36
TX000890,C2103,France,880.34,TRANSFER,81,2025-04-02 05:26:50
TX000891,C2297,Spain,350.13,ONLINE,69,2025-04-12 11:37:53
TX000892,C2358,China,168.05,ATM,41,2025-04-04 12:29:51
TX000893,C1441,Morocco,69.70,ATM,13,2025-04-05 14:13:50
TX000894,C1738,Canada,71.27,CARD,58,2025-04-21 08:27:30
TX000895,C1611,Germany,92.38,ATM,3,2025-04-28 22:37:13
TX000896,C1322,Spain,57.80,CARD,34,2025-04-16 03:49:40
TX000897,C1830,Spain,301.92,POS,26,2025-04-08 21:00:54
TX000898,C1124,Germany,237.17,CARD,55,2025-04-12 00:56:30
TX000899,C1154,UAE,385.26,TRANSFER,70,2025-04-11 15:05:44
TX000900,C1022,UK,1019.36,TRANSFER,63,2025-04-19 03:54:03
TX000901,C1760,Canada,232.48,ATM,46,2025-04-09 18:08:22
TX000902,C1845,UAE,62.23,ATM,2,2025-04-12 23:47:18
TX000903,C1655,Spain,60.93,ATM,1,2025-04-09 19:08:40
TX000904,C2064,Canada,3586.58,TRANSFER,66,2025-04-21 04:35:45
TX000905,C1699,Morocco,210.16,TRANSFER,64,2025-04-22 20:05:31
TX000906,C1624,Canada,42.47,CARD,27,2025-04-19 11:44:51
TX000907,C1939,UAE,4330.70,TRANSFER,27,2025-04-28 08:03:20
TX000908,C1234,UAE,73.54,CARD,39,2025-04-19 12:43:49
TX000909,C2040,France,83.39,CARD,1,2025-04-04 15:28:18
TX000910,C1441,UAE,37.24,CARD,44,2025-04-24 06:37:05
TX000911,C1586,Spain,148.08,ATM,20,2025-04-12 03:49:50
TX000912,C1393,Spain,586.46,CARD,28,2025-04-16 14:11:54
TX000913,C1812,France,229.36,POS,18,2025-04-15 02:30:22
TX000914,C2478,UK,189.04,ATM,22,2025-04-17 23:55:27
TX000915,C1982,Canada,172.95,ATM,1,2025-04-02 06:53:40
TX000916,C1289,China,748.40,ONLINE,28,2025-04-30 10:22:03
TX000917,C1924,China,114.95,ATM,36,2025-04-04 12:54:24
TX000918,C2074,France,146.19,CARD,31,2025-04-02 08:11:10
TX000919,C1830,France,242.05,ATM,47,2025-04-08 16:21:39
TX000920,C2349,Canada,16160.23,TRANSFER,59,2025-04-06 09:09:02
TX000921,C1331,UAE,1171.65,TRANSFER,74,2025-04-20 11:13:57
TX000922,C1099,Spain,298.33,CARD,40,2025-04-26 15:00:44
TX000923,C2040,Morocco,93.44,POS,31,2025-04-11 14:55:09
TX000924,C1965,Spain,212.30,CARD,29,2025-04-16 02:23:27
TX000925,C2313,Spain,795.92,TRANSFER,88,2025-04-28 04:39:00
TX000926,C1900,Canada,111.23,POS,24,2025-04-16 17:11:34
TX000927,C2146,Spain,250.19,ONLINE,55,2025-04-28 09:20:42
TX000928,C2343,Turkey,35.69,POS,20,2025-04-07 02:33:49
TX000929,C2303,UAE,894.41,TRANSFER,66,2025-04-03 20:40:25
TX000930,C1924,Canada,303.46,ATM,22,2025-04-09 19:05:01
TX000931,C2449,USA,825.45,TRANSFER,65,2025-04-10 21:38:29
TX000932,C1900,China,116.82,CARD,29,2025-04-18 02:29:52
TX000933,C2198,Germany,70.28,CARD,24,2025-04-10 20:00:03
TX000934,C1457,Germany,49.38,POS,22,2025-04-27 22:22:04
TX000935,C1452,UK,3047.71,TRANSFER,48,2025-04-27 07:24:19
TX000936,C2173,Spain,2835.74,TRANSFER,58,2025-04-09 15:50:39
TX000937,C1573,France,3007.11,TRANSFER,42,2025-04-25 23:42:01
TX000938,C1601,Canada,118.56,CARD,65,2025-04-02 04:31:45
TX000939,C1535,China,856.68,ONLINE,49,2025-04-29 01:55:18
TX000940,C1272,USA,201.38,CARD,62,2025-04-08 05:03:22
TX000941,C2046,China,239.76,ATM,8,2025-04-26 11:39:44
TX000942,C1746,China,83.36,POS,38,2025-04-11 00:23:47
TX000943,C2105,Turkey,131.69,POS,22,2025-04-20 11:10:02
TX000944,C2421,Morocco,180.38,POS,23,2025-04-18 18:11:05
TX000945,C1932,Spain,385.33,ONLINE,70,2025-04-11 22:35:45
TX000946,C1765,Canada,2431.48,TRANSFER,38,2025-04-30 16:56:13
TX000947,C2261,Canada,154.77,ATM,22,2025-04-08 13:03:34
TX000948,C2068,Turkey,83.28,CARD,42,2025-04-06 13:20:04
TX000949,C1426,Germany,271.37,TRANSFER,39,2025-04-02 08:18:11
TX000950,C1840,Turkey,786.88,ONLINE,70,2025-04-19 22:07:41
TX000951,C1059,UK,524.42,ONLINE,34,2025-04-25 03:13:53
TX000952,C1819,China,409.08,ATM,24,2025-04-13 13:40:11
TX000953,C2168,Spain,870.97,ONLINE,56,2025-04-24 05:29:53
TX000954,C1331,China,133.69,ATM,38,2025-04-07 15:54:51
TX000955,C2054,Spain,32.23,POS,39,2025-04-02 06:05:04
TX000956,C2086,Morocco,75.19,ATM,1,2025-04-21 22:13:04
TX000957,C1165,Turkey,127.54,ONLINE,43,2025-04-17 05:30:05
TX000958,C1910,Morocco,205.18,ATM,7,2025-04-30 11:57:19
TX000959,C1155,Morocco,85.46,ATM,5,2025-04-04 04:17:08
TX000960,C1989,Morocco,173.70,POS,33,2025-04-01 12:29:48
TX000961,C1944,Spain,1884.93,TRANSFER,76,2025-04-27 05:56:12
TX000962,C1379,UAE,37.35,POS,17,2025-04-07 18:37:23
TX000963,C1090,China,1290.34,TRANSFER,62,2025-04-01 07:11:26
TX000964,C1138,UAE,66.30,ONLINE,64,2025-04-27 08:11:24
TX000965,C2007,China,369.04,CARD,13,2025-04-21 05:48:46
TX000966,C1195,USA,172.42,CARD,6,2025-04-01 00:15:00
TX000967,C2348,China,550.46,CARD,37,2025-04-22 06:31:54
TX000968,C1735,Canada,7.61,POS,36,2025-04-19 11:07:14
TX000969,C1859,UK,1108.10,TRANSFER,43,2025-04-24 00:01:02
TX000970,C1045,UK,111.88,ATM,10,2025-04-29 16:40:49
TX000971,C2267,USA,115.76,CARD,20,2025-04-11 10:11:23
TX000972,C2149,Turkey,486.17,CARD,62,2025-04-13 17:55:00
TX000973,C2324,Morocco,346.94,POS,50,2025-04-16 03:42:38
TX000974,C1269,Spain,276.52,ONLINE,84,2025-04-02 20:23:40
TX000975,C2476,Canada,264.70,POS,35,2025-04-12 05:48:42
TX000976,C1677,France,248.43,CARD,1,2025-04-20 07:44:07
TX000977,C1036,Turkey,185.96,ATM,32,2025-04-26 21:21:08
TX000978,C2086,China,322.78,CARD,1,2025-04-30 22:44:29
TX000979,C1639,France,308.92,ATM,47,2025-04-27 20:14:26
TX000980,C2407,France,4626.16,TRANSFER,85,2025-04-14 02:48:56
TX000981,C2036,Canada,27.02,POS,1,2025-04-23 21:43:25
TX000982,C2295,USA,635.13,ONLINE,79,2025-04-22 04:16:35
TX000983,C1331,UAE,1375.70,TRANSFER,49,2025-04-21 13:27:59
TX000984,C2380,USA,117.36,CARD,14,2025-04-26 23:09:47
TX000985,C1042,Germany,410.98,ATM,43,2025-04-07 11:23:41
TX000986,C2234,Canada,712.74,ONLINE,37,2025-04-29 07:33:41
TX000987,C2343,France,281.75,ATM,13,2025-04-18 21:35:44
TX000988,C2121,France,77.19,POS,19,2025-04-16 05:40:03
TX000989,C2144,China,58.86,POS,36,2025-04-07 22:47:32
TX000990,C2285,Canada,208.92,ONLINE,10,2025-04-04 02:25:44
TX000991,C1422,UAE,235.95,CARD,25,2025-04-08 07:36:20
TX000992,C2310,USA,56.42,POS,30,2025-04-05 06:26:35
TX000993,C1849,China,106.27,ONLINE,63,2025-04-29 05:49:11
TX000994,C1095,Canada,121.43,ATM,78,2025-04-28 03:54:30
TX000995,C1738,China,1592.34,TRANSFER,83,2025-04-13 04:40:44
TX000996,C1277,USA,84.30,ATM,57,2025-04-12 03:36:48
TX000997,C1879,UAE,469.20,ONLINE,47,2025-04-21 06:14:11
TX000998,C1231,USA,1784.56,TRANSFER,80,2025-04-25 01:05:35
TX000999,C1388,UAE,64.17,POS,1,2025-04-06 08:19:44
TX001000,C1668,USA,43.60,CARD,48,2025-04-27 23:35:25
TX001001,C1697,Morocco,6275.52,TRANSFER,40,2025-04-07 08:10:32
TX001002,C1472,France,693.13,ONLINE,70,2025-04-17 05:07:11
TX001003,C1048,Spain,352.92,ONLINE,43,2025-04-11 06:25:02
TX001004,C1683,Canada,129.57,ATM,39,2025-04-26 23:44:12
TX001005,C1166,Canada,90.04,ONLINE,53,2025-04-08 08:49:58
TX001006,C1536,Canada,1266.84,TRANSFER,77,2025-04-03 03:44:08
TX001007,C2047,Germany,42.21,POS,41,2025-04-01 04:36:38
TX001008,C1738,Spain,102.51,CARD,18,2025-04-16 08:32:41
TX001009,C2360,Morocco,122.07,POS,37,2025-04-04 10:50:02
TX001010,C2482,UAE,353.78,POS,36,2025-04-05 12:50:41
TX001011,C1365,Morocco,2119.32,TRANSFER,25,2025-04-15 10:02:07
TX001012,C1657,Canada,1481.41,TRANSFER,60,2025-04-25 20:41:28
TX001013,C1639,UAE,32.11,POS,51,2025-04-09 22:31:18
TX001014,C1443,UAE,1084.93,TRANSFER,58,2025-04-14 09:57:59
TX001015,C1455,France,1148.19,TRANSFER,46,2025-04-05 14:19:47
TX001016,C1431,Germany,134.37,POS,27,2025-04-14 12:53:57
TX001017,C1889,Germany,183.44,ONLINE,17,2025-04-07 01:17:18
TX001018,C1604,UAE,174.17,ATM,31,2025-04-19 11:15:24
TX001019,C1563,China,342.44,CARD,37,2025-04-26 13:23:52
TX001020,C1490,Spain,554.38,ONLINE,15,2025-04-21 20:39:09
TX001021,C1303,USA,699.96,TRANSFER,63,2025-04-17 17:57:57
TX001022,C1486,Germany,7211.83,TRANSFER,64,2025-04-23 10:11:14
TX001023,C1394,Canada,736.65,CARD,46,2025-04-29 21:00:05
TX001024,C1465,China,212.08,CARD,32,2025-04-15 09:14:50
TX001025,C1459,France,536.26,CARD,1,2025-04-23 22:18:52
TX001026,C1745,China,90.34,CARD,28,2025-04-02 04:57:55
TX001027,C1264,Canada,47.63,POS,10,2025-04-27 22:15:04
TX001028,C1568,Canada,7985.33,TRANSFER,51,2025-04-22 10:21:04
TX001029,C1347,UK,1113.38,TRANSFER,38,2025-04-26 17:29:25
TX001030,C2177,Turkey,2628.48,TRANSFER,53,2025-04-14 07:56:22
TX001031,C1669,France,69.97,POS,41,2025-04-19 20:18:53
TX001032,C1964,Morocco,9504.54,TRANSFER,38,2025-04-25 18:32:41
TX001033,C2241,Germany,1714.12,ONLINE,9,2025-04-25 07:40:41
TX001034,C2327,Turkey,544.20,CARD,27,2025-04-13 11:05:26
TX001035,C2232,China,35.68,POS,7,2025-04-23 18:30:03
TX001036,C1325,Germany,196.38,ONLINE,83,2025-04-09 02:59:22
TX001037,C1536,China,120.29,ATM,15,2025-04-05 08:15:05
TX001038,C1866,China,78.27,CARD,32,2025-04-17 03:43:25
TX001039,C1607,Canada,28.58,CARD,1,2025-04-03 06:19:16
TX001040,C1689,Turkey,90.81,POS,20,2025-04-18 22:52:10
TX001041,C1657,Canada,72.33,ONLINE,35,2025-04-21 08:34:04
TX001042,C1963,China,1004.09,TRANSFER,52,2025-04-17 12:35:55
TX001043,C1671,Spain,283.19,ONLINE,45,2025-04-05 06:03:46
TX001044,C2069,China,315.11,ATM,61,2025-04-21 05:37:03
TX001045,C2031,UAE,5476.65,TRANSFER,50,2025-04-17 08:11:37
TX001046,C1664,Germany,102.30,ONLINE,29,2025-04-23 18:26:21
TX001047,C1295,Spain,212.91,POS,47,2025-04-25 18:46:04
TX001048,C1440,Turkey,288.44,POS,18,2025-04-17 17:31:47
TX001049,C2173,UAE,214.71,ATM,37,2025-04-08 08:46:15
TX001050,C1079,Germany,182.20,POS,39,2025-04-12 14:05:00
TX001051,C1132,Spain,37.57,ONLINE,18,2025-04-19 08:12:55
TX001052,C1181,France,265.31,ATM,24,2025-04-08 00:18:26
TX001053,C1197,Turkey,16.86,POS,13,2025-04-04 15:59:57
TX001054,C1954,China,54.69,POS,30,2025-04-09 10:08:53
TX001055,C1447,France,138.25,CARD,29,2025-04-29 15:46:43
TX001056,C1963,China,143.20,ATM,25,2025-04-20 17:12:59
TX001057,C1253,France,74.35,CARD,34,2025-04-22 04:15:04
TX001058,C2029,USA,4793.22,TRANSFER,51,2025-04-05 23:45:08
TX001059,C2094,Morocco,139.98,POS,30,2025-04-13 07:04:09
TX001060,C1595,China,153.61,CARD,31,2025-04-18 05:00:59
TX001061,C2035,UK,155.42,CARD,54,2025-04-08 11:03:45
TX001062,C1290,UK,154.01,ATM,28,2025-04-26 02:56:11
TX001063,C1417,UK,102.77,POS,21,2025-04-03 19:38:47
TX001064,C1710,Canada,96.02,CARD,32,2025-04-01 02:45:05
TX001065,C2399,Canada,6377.64,TRANSFER,53,2025-04-02 22:34:54
TX001066,C1152,UAE,6624.41,TRANSFER,69,2025-04-01 08:18:10
TX001067,C1452,Morocco,162.53,ONLINE,33,2025-04-20 01:58:47
TX001068,C2319,UK,89.20,POS,34,2025-04-11 01:22:21
TX001069,C1804,Germany,107.59,POS,34,2025-04-23 06:57:17
TX001070,C1005,Germany,105.02,POS,11,2025-04-23 23:45:35
TX001071,C1818,Morocco,228.79,POS,10,2025-04-29 23:12:30
TX001072,C2457,Turkey,191.67,POS,1,2025-04-23 18:52:15
TX001073,C1397,USA,102.30,POS,18,2025-04-02 18:18:51
TX001074,C2141,China,262.24,CARD,21,2025-04-13 19:18:22
TX001075,C2345,USA,1334.57,TRANSFER,16,2025-04-29 18:40:49
TX001076,C1173,France,241.35,CARD,18,2025-04-04 04:32:22
TX001077,C1642,China,388.33,POS,1,2025-04-25 11:08:17
TX001078,C1649,USA,108.34,POS,16,2025-04-30 22:52:45
TX001079,C2182,France,437.52,ONLINE,15,2025-04-21 06:06:58
TX001080,C2098,UK,301.68,ATM,10,2025-04-11 09:27:18
TX001081,C2266,USA,106.51,CARD,66,2025-04-07 05:10:46
TX001082,C1411,Morocco,200.38,ATM,27,2025-04-18 10:10:20
TX001083,C1535,Canada,170.37,ONLINE,40,2025-04-21 03:48:59
TX001084,C1628,Germany,164.18,POS,22,2025-04-24 12:04:04
TX001085,C2363,UAE,2115.90,TRANSFER,62,2025-04-24 11:14:42
TX001086,C1045,Morocco,186.33,POS,36,2025-04-15 17:40:21
TX001087,C1431,France,5278.21,TRANSFER,10,2025-04-23 10:15:56
TX001088,C1926,China,27.12,ONLINE,67,2025-04-18 03:38:48
TX001089,C2438,France,87.75,ONLINE,28,2025-04-21 11:18:01
TX001090,C1392,France,212.77,ATM,74,2025-04-15 00:17:26
TX001091,C1388,Morocco,135.89,ATM,35,2025-04-06 05:52:16
TX001092,C1398,UK,113.42,ATM,39,2025-04-08 15:40:16
TX001093,C1714,France,48.79,POS,17,2025-04-26 11:56:25
TX001094,C1256,Spain,319.00,ATM,60,2025-04-11 00:19:22
TX001095,C1287,Turkey,55.45,POS,7,2025-04-21 09:12:15
TX001096,C1284,UAE,185.55,POS,23,2025-04-05 23:32:56
TX001097,C2433,Spain,108.86,POS,61,2025-04-12 10:43:40
TX001098,C1507,Spain,157.03,POS,6,2025-04-24 13:17:16
TX001099,C2405,Canada,157.52,ATM,23,2025-04-01 17:34:06
TX001100,C1555,China,346.23,ONLINE,66,2025-04-06 14:47:04
TX001101,C2087,Turkey,4269.07,TRANSFER,71,2025-04-12 21:12:53
TX001102,C2377,China,962.73,TRANSFER,84,2025-04-10 01:00:13
TX001103,C1860,USA,594.11,ONLINE,34,2025-04-05 18:47:15
TX001104,C2269,Canada,145.34,ONLINE,43,2025-04-04 17:56:22
TX001105,C2384,China,110.69,POS,1,2025-04-21 15:43:19
TX001106,C1695,Turkey,315.14,ONLINE,18,2025-04-09 22:49:54
TX001107,C1587,Spain,267.90,ONLINE,41,2025-04-08 00:04:15
TX001108,C1934,UK,34.04,POS,21,2025-04-28 20:21:16
TX001109,C1482,Turkey,423.13,ONLINE,59,2025-04-19 00:03:34
TX001110,C2198,Turkey,1423.34,TRANSFER,87,2025-04-16 06:43:50
TX001111,C1655,France,353.56,POS,26,2025-04-14 13:59:19
TX001112,C1392,Canada,5511.67,TRANSFER,33,2025-04-09 23:31:08
TX001113,C1601,Morocco,206.76,CARD,24,2025-04-14 03:42:13
TX001114,C1969,China,3044.01,TRANSFER,55,2025-04-09 12:55:56
TX001115,C2000,UK,20.56,POS,42,2025-04-04 03:54:38
TX001116,C2484,France,180.80,ONLINE,48,2025-04-20 02:57:29
TX001117,C1900,China,388.16,CARD,24,2025-04-20 23:21:55
TX001118,C2241,Turkey,72.64,POS,30,2025-04-21 20:57:57
TX001119,C2004,Germany,52.88,CARD,33,2025-04-30 08:50:49
TX001120,C1041,Canada,129.47,ONLINE,41,2025-04-21 21:12:46
TX001121,C1721,Germany,743.03,ONLINE,62,2025-04-06 05:17:29
TX001122,C1034,Turkey,2409.04,TRANSFER,32,2025-04-06 16:30:19
TX001123,C1482,Canada,396.20,POS,18,2025-04-25 23:58:23
TX001124,C1815,France,829.31,CARD,18,2025-04-08 08:00:31
TX001125,C1786,Turkey,197.85,CARD,31,2025-04-12 11:30:47
TX001126,C1374,Morocco,227.37,ATM,22,2025-04-18 17:52:16
TX001127,C1582,UK,761.64,CARD,29,2025-04-24 06:05:01
TX001128,C2079,USA,57.70,POS,6,2025-04-21 23:07:42
TX001129,C2366,USA,16354.25,TRANSFER,80,2025-04-10 00:32:19
TX001130,C2252,China,525.25,ATM,31,2025-04-16 22:02:07
TX001131,C1892,UAE,1043.16,TRANSFER,40,2025-04-12 08:56:38
TX001132,C2350,Morocco,21.13,POS,21,2025-04-04 23:22:28
TX001133,C1595,UAE,83.31,ATM,9,2025-04-27 16:07:42
TX001134,C2235,Turkey,76.08,POS,5,2025-04-09 22:22:57
TX001135,C1435,Turkey,180.53,CARD,8,2025-04-13 12:47:39
TX001136,C1932,Germany,770.79,TRANSFER,88,2025-04-06 11:54:00
TX001137,C1403,Morocco,27269.26,TRANSFER,57,2025-04-28 10:06:00
TX001138,C1579,Morocco,196.57,CARD,80,2025-04-15 19:25:35
TX001139,C2385,Canada,77.17,ATM,54,2025-04-08 22:23:36
TX001140,C2409,UAE,76.68,CARD,36,2025-04-18 04:11:13
TX001141,C1111,China,35.20,POS,28,2025-04-16 11:45:07
TX001142,C2127,Germany,150.88,TRANSFER,86,2025-04-27 05:55:02
TX001143,C2123,Turkey,259.36,ONLINE,72,2025-04-29 08:55:42
TX001144,C1001,China,449.58,CARD,46,2025-04-25 00:23:14
TX001145,C1203,UK,127.55,CARD,17,2025-04-03 03:28:32
TX001146,C2003,Turkey,207.08,POS,34,2025-04-05 13:59:45
TX001147,C1237,Spain,961.82,TRANSFER,28,2025-04-19 03:42:37
TX001148,C1472,UAE,232.13,CARD,33,2025-04-06 20:18:13
TX001149,C2234,Spain,96.89,POS,27,2025-04-20 23:38:31
TX001150,C1670,UAE,11739.48,TRANSFER,54,2025-04-30 13:54:27
TX001151,C1170,China,57.72,POS,23,2025-04-17 15:24:19
TX001152,C1303,Spain,1599.68,ONLINE,59,2025-04-05 02:49:26
TX001153,C2090,Turkey,38.38,ATM,6,2025-04-07 15:27:24
TX001154,C2037,UK,133.09,ATM,14,2025-04-03 03:23:36
TX001155,C1119,Turkey,415.42,ATM,32,2025-04-16 14:44:43
TX001156,C2261,UAE,146.37,POS,41,2025-04-18 19:33:59
TX001157,C2172,China,226.07,CARD,55,2025-04-13 17:56:04
TX001158,C2311,Canada,181.39,CARD,35,2025-04-14 18:01:32
TX001159,C2229,Morocco,57.42,ONLINE,70,2025-04-29 22:28:58
TX001160,C2236,Germany,135.88,ATM,25,2025-04-02 12:38:32
TX001161,C1271,China,94.66,POS,18,2025-04-05 23:08:13
TX001162,C2307,Spain,158.09,POS,14,2025-04-25 04:41:21
TX001163,C2413,UAE,203.75,ATM,12,2025-04-18 01:07:04
TX001164,C2126,Germany,250.91,ONLINE,47,2025-04-14 14:28:52
TX001165,C1740,Canada,8961.97,TRANSFER,46,2025-04-14 13:55:06
TX001166,C2280,France,79.20,ATM,11,2025-04-20 04:47:38
TX001167,C1488,Spain,790.90,ONLINE,38,2025-04-21 03:05:01
TX001168,C1073,Canada,73.42,ATM,11,2025-04-11 19:18:21
TX001169,C1298,UK,231.15,POS,34,2025-04-08 22:21:00
TX001170,C2328,Spain,376.64,ONLINE,47,2025-04-22 20:26:52
TX001171,C2442,Canada,66.65,POS,1,2025-04-23 09:52:28
TX001172,C2410,Spain,627.81,ONLINE,34,2025-04-07 14:59:46
TX001173,C1541,Spain,140.07,ATM,1,2025-04-23 20:17:23
TX001174,C1399,UAE,3011.34,TRANSFER,86,2025-04-20 04:03:47
TX001175,C2189,Turkey,268.60,CARD,49,2025-04-01 06:35:09
TX001176,C1272,Turkey,136.53,CARD,29,2025-04-24 09:14:48
TX001177,C2452,Canada,174.96,POS,22,2025-04-13 13:39:37
TX001178,C2464,Morocco,276.70,CARD,23,2025-04-16 10:20:25
TX001179,C1900,France,70.94,POS,12,2025-04-15 11:52:22
TX001180,C2333,France,150.88,CARD,45,2025-04-02 02:55:51
TX001181,C1193,UAE,360.00,POS,1,2025-04-11 08:55:49
TX001182,C2042,Spain,123.23,ATM,19,2025-04-05 17:29:48
TX001183,C2173,UK,336.08,ATM,55,2025-04-16 17:40:30
TX001184,C1609,Morocco,178.91,CARD,27,2025-04-17 00:17:13
TX001185,C1359,Turkey,2323.03,TRANSFER,64,2025-04-13 04:02:05
TX001186,C1931,Germany,574.24,ATM,35,2025-04-11 14:03:55
TX001187,C1614,UAE,236.44,CARD,38,2025-04-16 04:25:46
TX001188,C1483,USA,216.06,CARD,50,2025-04-08 17:27:52
TX001189,C2285,Germany,65.34,ATM,25,2025-04-02 04:29:21
TX001190,C1906,Spain,312.15,POS,25,2025-04-28 15:15:13
TX001191,C1895,France,292.47,ATM,10,2025-04-29 03:12:29
TX001192,C2453,UAE,14.00,ONLINE,52,2025-04-17 07:38:57
TX001193,C2328,China,43.26,POS,18,2025-04-19 07:07:28
TX001194,C1838,USA,622.30,CARD,15,2025-04-23 08:33:31
TX001195,C2253,France,56.72,POS,24,2025-04-24 12:01:20
TX001196,C2320,USA,2497.35,TRANSFER,42,2025-04-20 08:44:21
TX001197,C1026,Canada,62.09,ATM,6,2025-04-12 11:14:38
TX001198,C1770,China,438.49,CARD,40,2025-04-19 19:30:40
TX001199,C1056,UAE,298.15,ATM,1,2025-04-25 04:09:10
TX001200,C1661,Spain,47.16,ATM,50,2025-04-11 04:58:39
TX001201,C1043,Canada,199.22,ATM,35,2025-04-07 18:48:30
TX001202,C1672,China,36.39,POS,11,2025-04-19 15:03:39
TX001203,C1378,France,4527.22,TRANSFER,88,2025-04-09 10:03:10
TX001204,C1955,Spain,4769.98,TRANSFER,23,2025-04-16 07:18:46
TX001205,C1620,Morocco,174.04,ONLINE,59,2025-04-24 08:44:25
TX001206,C1499,UAE,139.98,ATM,21,2025-04-10 06:50:03
TX001207,C1797,Canada,39.15,ONLINE,40,2025-04-27 08:36:09
TX001208,C2261,Canada,8979.31,TRANSFER,30,2025-04-08 10:15:29
TX001209,C2417,China,84.28,CARD,1,2025-04-29 14:53:28
TX001210,C1925,UK,78.40,ATM,4,2025-04-06 08:53:41
TX001211,C2259,France,173.73,ATM,29,2025-04-29 11:14:20
TX001212,C1327,USA,368.94,POS,39,2025-04-12 19:12:03
TX001213,C1663,China,219.41,ATM,1,2025-04-13 21:13:30
TX001214,C1557,Morocco,161.75,ONLINE,46,2025-04-22 03:51:04
TX001215,C1569,Germany,2385.12,TRANSFER,45,2025-04-21 08:32:17
TX001216,C2233,China,88.35,ATM,41,2025-04-07 22:14:42
TX001217,C1789,China,173.71,POS,23,2025-04-06 04:30:32
TX001218,C1219,France,86.34,CARD,1,2025-04-27 23:49:58
TX001219,C1519,Spain,76.49,POS,23,2025-04-18 06:39:05
TX001220,C2050,France,167.33,POS,48,2025-04-15 07:48:08
TX001221,C1691,Morocco,119.79,CARD,39,2025-04-17 13:01:28
TX001222,C1692,Canada,12345.96,TRANSFER,18,2025-04-30 18:49:16
TX001223,C2156,Turkey,1037.51,TRANSFER,58,2025-04-19 22:06:04
TX001224,C1297,Spain,225.19,ONLINE,15,2025-04-16 16:17:46
TX001225,C1492,Turkey,796.83,ONLINE,68,2025-04-28 04:53:31
TX001226,C2105,Turkey,1933.32,TRANSFER,39,2025-04-22 18:15:01
TX001227,C2254,France,606.16,POS,15,2025-04-19 19:24:31
TX001228,C2165,China,288.86,TRANSFER,22,2025-04-16 01:03:46
TX001229,C1152,UAE,85.14,ATM,36,2025-04-09 22:13:05
TX001230,C2373,Spain,311.85,ONLINE,99,2025-04-16 15:38:30
TX001231,C1907,China,1105.66,CARD,39,2025-04-24 04:56:11
TX001232,C2336,Morocco,137.90,CARD,62,2025-04-19 04:23:53
TX001233,C1515,UAE,260.71,ATM,1,2025-04-28 06:21:57
TX001234,C2482,Germany,71.06,ONLINE,47,2025-04-09 02:11:09
TX001235,C1617,China,190.14,CARD,24,2025-04-03 13:24:45
TX001236,C1559,France,500.48,ONLINE,79,2025-04-01 06:27:13
TX001237,C1940,France,227.20,CARD,31,2025-04-11 01:54:51
TX001238,C2348,USA,223.18,POS,1,2025-04-12 00:59:54
TX001239,C1725,Spain,369.12,CARD,11,2025-04-19 12:27:32
TX001240,C1037,France,7270.01,TRANSFER,63,2025-04-29 23:59:31
TX001241,C1653,USA,56.46,CARD,44,2025-04-09 08:41:48
TX001242,C1606,France,115.49,POS,19,2025-04-20 12:19:50
TX001243,C1359,France,383.04,CARD,26,2025-04-09 03:02:54
TX001244,C1578,USA,279.18,ATM,22,2025-04-29 23:13:01
TX001245,C1819,USA,781.57,CARD,29,2025-04-20 17:06:15
TX001246,C2129,China,1195.11,TRANSFER,50,2025-04-21 18:06:55
TX001247,C1737,Canada,69.04,POS,15,2025-04-16 00:01:44
TX001248,C1578,UAE,1171.44,ONLINE,39,2025-04-13 23:33:22
TX001249,C1683,Germany,129.08,CARD,44,2025-04-10 22:36:12
TX001250,C1277,Spain,150.46,POS,52,2025-04-19 19:00:03
TX001251,C2320,Turkey,190.97,ATM,40,2025-04-26 09:31:31
TX001252,C1878,China,155.80,CARD,34,2025-04-01 08:46:17
TX001253,C2161,Germany,62.66,POS,28,2025-04-01 15:18:47
TX001254,C2421,Turkey,155.30,ONLINE,73,2025-04-19 21:35:23
TX001255,C1030,Germany,39.87,CARD,48,2025-04-11 08:59:59
TX001256,C2499,USA,38.78,POS,31,2025-04-19 16:18:04
TX001257,C2020,Turkey,265.03,POS,18,2025-04-22 10:12:39
TX001258,C1178,Germany,673.85,POS,44,2025-04-08 03:23:08
TX001259,C2491,China,5176.27,TRANSFER,69,2025-04-17 02:13:27
TX001260,C1117,UAE,8610.79,TRANSFER,77,2025-04-02 16:05:44
TX001261,C2191,UK,130.71,POS,44,2025-04-16 04:21:42
TX001262,C2040,USA,207.82,ATM,35,2025-04-06 08:39:09
TX001263,C1951,Morocco,350.66,CARD,20,2025-04-04 10:40:01
TX001264,C2474,Spain,96.38,POS,42,2025-04-16 19:58:04
TX001265,C2044,Turkey,79.84,ATM,1,2025-04-20 23:46:11
TX001266,C1998,UK,151.42,ONLINE,42,2025-04-24 00:22:00
TX001267,C1875,Canada,213.41,CARD,9,2025-04-10 02:06:28
TX001268,C1453,Canada,55.10,POS,37,2025-04-29 02:03:54
TX001269,C1476,USA,2079.64,TRANSFER,69,2025-04-20 01:16:53
TX001270,C2490,Spain,173.61,ATM,31,2025-04-09 09:21:39
TX001271,C2221,Turkey,94.91,ATM,51,2025-04-20 14:59:15
TX001272,C1960,Morocco,59.01,CARD,24,2025-04-14 08:55:29
TX001273,C1139,China,3222.58,TRANSFER,35,2025-04-12 14:50:54
TX001274,C2228,France,304.07,CARD,58,2025-04-27 16:28:05
TX001275,C2098,USA,102.32,ATM,16,2025-04-08 20:04:57
TX001276,C2465,Morocco,93.26,POS,6,2025-04-29 07:18:45
TX001277,C1217,China,109.90,CARD,1,2025-04-27 10:36:25
TX001278,C2096,France,523.39,TRANSFER,58,2025-04-14 04:24:55
TX001279,C2156,China,438.44,CARD,21,2025-04-22 14:34:14
TX001280,C1317,Morocco,545.60,ONLINE,56,2025-04-07 06:29:11
TX001281,C2079,France,1732.71,TRANSFER,27,2025-04-30 11:00:33
TX001282,C2180,Spain,117.41,ATM,11,2025-04-30 20:42:41
TX001283,C1691,Spain,50.97,ATM,44,2025-04-26 18:52:33
TX001284,C2058,USA,955.09,CARD,40,2025-04-19 22:06:02
TX001285,C1243,Canada,232.31,ATM,1,2025-04-13 19:40:36
TX001286,C1749,China,183.33,ATM,35,2025-04-03 03:16:28
TX001287,C1303,China,117.18,CARD,40,2025-04-10 11:10:36
TX001288,C1747,Germany,413.69,TRANSFER,75,2025-04-11 13:52:36
TX001289,C1137,Germany,3468.71,TRANSFER,46,2025-04-26 07:06:53
TX001290,C1164,France,816.77,ONLINE,43,2025-04-05 18:52:27
TX001291,C1632,Turkey,3752.24,TRANSFER,64,2025-04-14 08:25:27
TX001292,C1874,Morocco,174.15,POS,35,2025-04-27 01:41:40
TX001293,C2021,Germany,215.24,ATM,27,2025-04-10 17:13:47
TX001294,C1040,UK,57.31,CARD,22,2025-04-24 12:27:07
TX001295,C1176,Morocco,116.93,CARD,28,2025-04-06 08:07:08
TX001296,C1447,China,89.45,POS,13,2025-04-15 10:20:34
TX001297,C1997,Turkey,12551.52,TRANSFER,35,2025-04-12 17:41:21
TX001298,C2003,France,274.57,CARD,22,2025-04-10 09:05:24
TX001299,C1348,UK,666.92,ONLINE,36,2025-04-30 10:44:37
TX001300,C1271,UAE,232.55,ONLINE,13,2025-04-13 19:25:27
TX001301,C1899,UAE,936.17,CARD,31,2025-04-16 02:08:55
TX001302,C1842,France,1900.32,TRANSFER,25,2025-04-07 20:41:46
TX001303,C1763,Canada,446.68,ONLINE,44,2025-04-05 03:41:56
TX001304,C2257,China,150.16,CARD,37,2025-04-30 00:04:19
TX001305,C1941,Canada,100.86,POS,37,2025-04-24 00:57:30
TX001306,C2052,UAE,84.00,POS,28,2025-04-30 20:42:23
TX001307,C1838,UK,245.03,ONLINE,67,2025-04-10 04:45:23
TX001308,C1438,Morocco,71.41,ATM,1,2025-04-22 09:29:00
TX001309,C1411,UK,223.34,CARD,40,2025-04-15 03:19:31
TX001310,C1159,Spain,17.10,POS,25,2025-04-06 11:48:58
TX001311,C1864,France,20.91,POS,37,2025-04-07 20:44:55
TX001312,C1972,USA,456.14,TRANSFER,43,2025-04-21 13:08:36
TX001313,C1713,Germany,35245.03,TRANSFER,29,2025-04-24 14:15:19
TX001314,C1123,Germany,2994.84,TRANSFER,72,2025-04-09 04:17:43
TX001315,C1480,Spain,740.41,TRANSFER,77,2025-04-03 16:07:38
TX001316,C1062,France,218.89,CARD,24,2025-04-05 23:02:45
TX001317,C1040,France,432.81,CARD,69,2025-04-03 18:11:29
TX001318,C1147,Germany,663.28,TRANSFER,60,2025-04-04 07:03:48
TX001319,C1886,UAE,65.35,ATM,41,2025-04-04 16:30:53
TX001320,C1118,USA,796.63,ONLINE,85,2025-04-21 01:22:13
TX001321,C1999,Morocco,376.66,ATM,5,2025-04-28 08:17:00
TX001322,C1186,China,191.31,POS,23,2025-04-15 13:07:03
TX001323,C1578,Morocco,119.36,ATM,31,2025-04-10 13:14:41
TX001324,C1389,Canada,389.11,ONLINE,33,2025-04-09 12:42:14
TX001325,C1773,France,346.04,CARD,37,2025-04-19 21:11:35
TX001326,C1789,USA,52.28,ATM,39,2025-04-30 17:46:15
TX001327,C1822,France,55.97,CARD,48,2025-04-02 19:38:58
TX001328,C1973,Morocco,100.16,ONLINE,1,2025-04-15 11:18:07
TX001329,C1029,Turkey,144.95,POS,1,2025-04-03 18:00:40
TX001330,C1616,Morocco,298.92,ATM,49,2025-04-20 22:51:14
TX001331,C2095,UAE,2402.16,TRANSFER,69,2025-04-24 04:22:51
TX001332,C1367,UAE,74.61,ATM,7,2025-04-12 18:35:44
TX001333,C2209,France,73.75,CARD,29,2025-04-09 13:51:21
TX001334,C1347,Turkey,257.22,CARD,29,2025-04-22 19:39:21
TX001335,C1830,UAE,286.67,POS,13,2025-04-25 16:29:05
TX001336,C2304,UK,58.51,POS,47,2025-04-11 05:27:44
TX001337,C2212,Spain,93.61,POS,5,2025-04-02 09:37:36
TX001338,C1820,China,20.21,POS,28,2025-04-01 02:55:09
TX001339,C2250,UK,290.20,ONLINE,24,2025-04-18 17:42:11
TX001340,C1708,Spain,1017.87,ONLINE,58,2025-04-29 14:41:51
TX001341,C1120,China,85.00,ATM,18,2025-04-02 19:35:13
TX001342,C2229,USA,40.63,ONLINE,39,2025-04-15 04:30:57
TX001343,C1797,Morocco,172.32,CARD,14,2025-04-23 00:37:39
TX001344,C1367,Canada,61.21,CARD,21,2025-04-19 21:03:01
TX001345,C1067,France,472.45,CARD,2,2025-04-13 16:02:50
TX001346,C2207,Canada,2305.88,TRANSFER,42,2025-04-18 22:07:04
TX001347,C2345,Germany,249.99,POS,1,2025-04-01 11:24:45
TX001348,C1149,Canada,16.60,CARD,25,2025-04-23 16:30:58
TX001349,C1457,France,186.68,POS,29,2025-04-03 23:43:07
TX001350,C1118,UK,243.28,POS,27,2025-04-03 18:38:29
TX001351,C1616,UK,145.22,POS,23,2025-04-17 04:36:34
TX001352,C1920,France,316.11,ONLINE,1,2025-04-22 23:08:02
TX001353,C2131,Canada,147.90,ONLINE,28,2025-04-09 21:17:19
TX001354,C1968,Turkey,136.14,ONLINE,64,2025-04-20 08:18:41
TX001355,C1465,Turkey,91.34,POS,5,2025-04-02 03:14:21
TX001356,C1957,China,492.07,CARD,17,2025-04-16 02:40:04
TX001357,C1833,France,173.29,ATM,61,2025-04-26 05:56:44
TX001358,C1834,Canada,102.94,POS,42,2025-04-29 15:51:41
TX001359,C2293,Morocco,114.84,POS,12,2025-04-13 22:43:52
TX001360,C2251,France,116.07,ONLINE,41,2025-04-10 16:22:05
TX001361,C1313,Morocco,3060.59,TRANSFER,56,2025-04-13 23:34:40
TX001362,C1758,Morocco,259.49,ATM,41,2025-04-04 17:31:29
TX001363,C2448,USA,107.11,ATM,41,2025-04-25 16:42:27
TX001364,C1149,Morocco,262.03,ATM,1,2025-04-28 14:29:27
TX001365,C2497,UAE,61.01,CARD,15,2025-04-11 20:06:46
TX001366,C1045,France,232.34,ONLINE,47,2025-04-01 03:50:33
TX001367,C2498,Germany,245.39,POS,37,2025-04-11 13:22:17
TX001368,C2431,Turkey,43.93,POS,5,2025-04-20 13:19:57
TX001369,C1805,UAE,161.44,CARD,31,2025-04-21 17:27:58
TX001370,C1541,Spain,3793.23,TRANSFER,36,2025-04-24 23:10:51
TX001371,C1646,Germany,77.04,POS,2,2025-04-18 15:56:08
TX001372,C2178,Germany,138.25,ATM,16,2025-04-01 22:17:34
TX001373,C1916,Spain,265.22,POS,1,2025-04-09 11:59:00
TX001374,C1965,USA,170.90,CARD,53,2025-04-22 02:17:05
TX001375,C1936,UK,2967.81,TRANSFER,45,2025-04-14 18:53:39
TX001376,C1492,China,945.69,TRANSFER,68,2025-04-22 11:58:08
TX001377,C1308,UAE,170.40,CARD,1,2025-04-07 19:56:40
TX001378,C1199,USA,139.89,ATM,24,2025-04-14 15:52:09
TX001379,C2392,Morocco,201.26,POS,2,2025-04-23 11:41:45
TX001380,C1302,UK,203.39,CARD,64,2025-04-03 20:36:51
TX001381,C1777,Spain,175.11,POS,3,2025-04-06 14:17:21
TX001382,C1038,UAE,747.07,CARD,30,2025-04-03 00:35:58
TX001383,C1951,China,248.35,ATM,7,2025-04-27 14:02:03
TX001384,C1950,Spain,118.09,ATM,19,2025-04-23 16:56:58
TX001385,C2009,UK,532.43,TRANSFER,85,2025-04-30 01:58:05
TX001386,C1889,Canada,246.50,POS,32,2025-04-12 08:29:28
TX001387,C1115,Germany,128.25,CARD,21,2025-04-07 20:24:10
TX001388,C2173,France,69.53,CARD,29,2025-04-08 01:36:47
TX001389,C2158,China,174.84,CARD,16,2025-04-07 20:58:05
TX001390,C2184,Turkey,1776.50,TRANSFER,48,2025-04-14 13:03:26
TX001391,C1358,Turkey,438.10,TRANSFER,56,2025-04-11 21:08:48
TX001392,C2352,UAE,240.95,ATM,22,2025-04-24 02:24:32
TX001393,C2160,UAE,975.36,CARD,29,2025-04-29 20:17:57
TX001394,C1363,Germany,409.15,ONLINE,41,2025-04-08 21:25:10
TX001395,C1867,China,251.86,CARD,1,2025-04-28 20:54:44
TX001396,C2461,UAE,244.65,ATM,17,2025-04-25 14:10:00
TX001397,C2429,Canada,419.46,ATM,34,2025-04-12 14:09:56
TX001398,C1025,France,3016.71,TRANSFER,58,2025-04-10 07:34:50
TX001399,C1781,France,196.76,CARD,22,2025-04-27 09:46:46
TX001400,C1592,Canada,157.34,ATM,44,2025-04-02 22:52:16
TX001401,C2342,Turkey,375.78,POS,44,2025-04-20 14:23:16
TX001402,C2072,Turkey,269.62,ONLINE,42,2025-04-02 08:42:20
TX001403,C1700,UK,122.29,POS,28,2025-04-11 16:22:43
TX001404,C1356,China,1640.13,TRANSFER,48,2025-04-11 22:46:56
TX001405,C1752,UAE,321.56,POS,35,2025-04-19 22:42:56
TX001406,C1817,Germany,312.16,POS,1,2025-04-27 08:04:17
TX001407,C2473,Morocco,128.57,ATM,45,2025-04-04 03:42:11
TX001408,C2243,Canada,1893.85,TRANSFER,1,2025-04-12 11:05:04
TX001409,C1228,UK,291.27,CARD,64,2025-04-02 19:52:26
TX001410,C1256,UAE,100.49,CARD,32,2025-04-24 21:40:52
TX001411,C1590,Canada,62.95,ATM,23,2025-04-29 03:42:23
TX001412,C2351,Canada,368.60,CARD,60,2025-04-22 01:26:00
TX001413,C2083,China,76.74,POS,66,2025-04-20 03:59:56
TX001414,C2156,China,182.71,CARD,26,2025-04-21 13:55:30
TX001415,C1891,Canada,23053.28,TRANSFER,87,2025-04-27 14:47:54
TX001416,C2397,China,43.85,CARD,41,2025-04-16 04:21:27
TX001417,C1731,Turkey,84.38,POS,1,2025-04-05 08:37:04
TX001418,C1362,Turkey,670.14,CARD,65,2025-04-17 21:14:31
TX001419,C2363,USA,1208.69,TRANSFER,31,2025-04-08 07:31:28
TX001420,C1230,Morocco,1119.18,ONLINE,37,2025-04-12 11:53:04
TX001421,C1240,Canada,142.97,ATM,26,2025-04-25 13:18:31
TX001422,C1481,UAE,904.77,ONLINE,59,2025-04-25 15:21:33
TX001423,C1541,Spain,106.58,CARD,20,2025-04-01 22:31:59
TX001424,C2343,UK,126.12,ATM,17,2025-04-15 15:54:58
TX001425,C2180,Turkey,332.00,CARD,39,2025-04-15 16:28:55
TX001426,C1086,China,136.78,ONLINE,59,2025-04-26 19:24:07
TX001427,C2275,China,1863.65,TRANSFER,43,2025-04-06 05:30:03
TX001428,C2224,Germany,185.10,CARD,8,2025-04-24 09:36:39
TX001429,C1511,USA,36.48,ONLINE,43,2025-04-04 13:29:59
TX001430,C1516,UK,102.33,POS,54,2025-04-07 02:32:29
TX001431,C1207,Canada,87.60,POS,24,2025-04-12 11:18:21
TX001432,C1361,China,175.07,ATM,17,2025-04-19 11:09:46
TX001433,C2459,Canada,157.18,ONLINE,32,2025-04-19 15:19:10
TX001434,C2394,France,62.45,CARD,70,2025-04-28 01:35:28
TX001435,C1111,Germany,100.70,ATM,10,2025-04-07 16:16:24
TX001436,C1983,USA,118.49,CARD,29,2025-04-28 04:25:52
TX001437,C1477,Morocco,416.11,ONLINE,50,2025-04-10 04:21:20
TX001438,C1885,Germany,169.68,ATM,37,2025-04-24 12:05:30
TX001439,C1605,UK,164.29,POS,1,2025-04-13 23:52:43
TX001440,C1186,UAE,246.02,CARD,57,2025-04-21 21:27:51
TX001441,C2017,Canada,1370.97,TRANSFER,54,2025-04-22 22:11:37
TX001442,C1051,Canada,76.52,POS,54,2025-04-21 00:52:12
TX001443,C1621,China,4094.32,TRANSFER,24,2025-04-09 10:06:36
TX001444,C1673,Morocco,2007.23,TRANSFER,16,2025-04-07 11:37:24
TX001445,C1481,Morocco,5736.15,TRANSFER,34,2025-04-30 20:38:01
TX001446,C1889,UK,70.24,ATM,34,2025-04-07 03:21:46
TX001447,C1433,France,58.35,POS,22,2025-04-04 17:54:55
TX001448,C2154,Germany,172.71,ATM,38,2025-04-20 18:45:16
TX001449,C1613,UK,69.31,CARD,49,2025-04-02 13:37:09
TX001450,C2493,Morocco,286.75,ONLINE,52,2025-04-11 13:35:13
TX001451,C2481,USA,156.21,ONLINE,51,2025-04-23 21:25:30
TX001452,C1458,UAE,69.81,ATM,52,2025-04-19 12:06:14
TX001453,C1673,Canada,200.11,CARD,16,2025-04-25 05:49:13
TX001454,C2042,France,689.43,TRANSFER,33,2025-04-28 20:34:30
TX001455,C2440,Spain,2414.93,TRANSFER,87,2025-04-08 22:01:36
TX001456,C1500,China,248.97,ONLINE,38,2025-04-13 10:00:45
TX001457,C2235,USA,103.74,POS,23,2025-04-21 16:30:43
TX001458,C1423,UAE,7132.78,TRANSFER,86,2025-04-12 04:15:55
TX001459,C1862,Morocco,495.58,CARD,30,2025-04-26 20:03:13
TX001460,C2028,Turkey,59.76,POS,26,2025-04-27 14:38:56
TX001461,C1068,China,776.40,TRANSFER,69,2025-04-10 05:49:55
TX001462,C2071,Germany,454.64,ONLINE,29,2025-04-09 09:17:42
TX001463,C2399,USA,287.05,CARD,31,2025-04-08 19:29:13
TX001464,C1784,China,344.56,POS,59,2025-04-14 23:18:18
TX001465,C2174,USA,237.45,POS,1,2025-04-25 06:55:57
TX001466,C1054,USA,660.06,TRANSFER,62,2025-04-22 02:34:12
TX001467,C2149,UK,146.20,ATM,34,2025-04-07 19:08:36
TX001468,C1963,UK,208.51,CARD,23,2025-04-20 16:00:51
TX001469,C2185,Morocco,114.24,ONLINE,69,2025-04-11 15:17:11
TX001470,C1486,UAE,165.50,CARD,58,2025-04-26 00:30:53
TX001471,C1863,UK,340.83,ATM,17,2025-04-09 12:10:29
TX001472,C1411,France,417.45,CARD,50,2025-04-02 08:21:23
TX001473,C2260,UAE,126.75,ONLINE,49,2025-04-01 15:03:38
TX001474,C1832,China,206.37,POS,74,2025-04-30 00:08:07
TX001475,C1730,UAE,109.62,CARD,39,2025-04-18 08:41:59
TX001476,C1224,China,33.51,POS,19,2025-04-10 19:23:57
TX001477,C1627,China,95.70,ATM,1,2025-04-12 20:26:03
TX001478,C1505,China,1956.73,ONLINE,44,2025-04-11 21:16:41
TX001479,C2431,Canada,72.47,CARD,46,2025-04-15 00:47:31
TX001480,C2450,Morocco,124.25,POS,56,2025-04-21 13:36:19
TX001481,C2368,Morocco,173.85,CARD,55,2025-04-20 00:19:18
TX001482,C2203,Germany,235.69,CARD,28,2025-04-15 13:19:12
TX001483,C1637,France,101.87,ATM,28,2025-04-25 11:05:14
TX001484,C1726,China,212.34,ATM,10,2025-04-15 20:24:14
TX001485,C1324,France,39.90,POS,8,2025-04-18 21:35:03
TX001486,C1665,France,1153.32,TRANSFER,57,2025-04-10 17:03:05
TX001487,C2266,UAE,505.36,CARD,25,2025-04-18 03:09:41
TX001488,C1565,Spain,183.44,ATM,40,2025-04-01 12:43:30
TX001489,C1811,France,378.48,ONLINE,35,2025-04-06 08:19:34
TX001490,C1300,France,93.17,ATM,28,2025-04-01 20:40:37
TX001491,C2033,Germany,3422.61,TRANSFER,51,2025-04-06 14:31:23
TX001492,C1168,Turkey,168.48,CARD,45,2025-04-22 02:41:40
TX001493,C1915,Germany,131.38,CARD,15,2025-04-28 02:00:42
TX001494,C2122,China,312.40,CARD,20,2025-04-28 03:18:01
TX001495,C1726,Morocco,2198.18,TRANSFER,51,2025-04-19 07:07:45
TX001496,C1892,Morocco,48.09,POS,10,2025-04-22 21:49:52
TX001497,C1270,Germany,3694.91,TRANSFER,76,2025-04-22 05:16:29
TX001498,C1462,UAE,2419.70,TRANSFER,67,2025-04-18 00:55:24
TX001499,C2097,UAE,2892.44,TRANSFER,68,2025-04-21 21:39:15
TX001500,C1797,Morocco,179.55,ONLINE,43,2025-04-14 21:09:29
TX001501,C1789,UAE,211.96,ATM,4,2025-04-30 18:19:28
TX001502,C2487,China,217.81,TRANSFER,72,2025-04-11 05:16:01
TX001503,C1865,Spain,55.91,POS,15,2025-04-04 05:33:24
TX001504,C2319,China,621.23,TRANSFER,47,2025-04-18 12:13:41
TX001505,C2212,Spain,859.85,TRANSFER,45,2025-04-12 23:36:14
TX001506,C1617,Spain,1836.80,TRANSFER,46,2025-04-07 06:18:03
TX001507,C2385,France,159.53,TRANSFER,29,2025-04-26 15:11:04
TX001508,C1326,China,161.09,ATM,36,2025-04-10 07:13:10
TX001509,C1169,China,66.23,CARD,28,2025-04-05 19:28:28
TX001510,C1496,France,614.90,ONLINE,39,2025-04-19 10:09:29
TX001511,C1251,France,142.78,ATM,35,2025-04-27 15:29:30
TX001512,C1484,France,1629.14,TRANSFER,90,2025-04-23 21:38:50
TX001513,C2326,Spain,637.35,TRANSFER,55,2025-04-15 18:59:37
TX001514,C1812,Germany,262.86,ATM,1,2025-04-15 21:42:20
TX001515,C2392,Canada,160.59,POS,21,2025-04-26 15:58:43
TX001516,C2115,France,7317.64,TRANSFER,47,2025-04-24 12:41:59
TX001517,C2030,UAE,41.85,ONLINE,77,2025-04-11 00:57:30
TX001518,C1763,UK,167.74,CARD,60,2025-04-17 14:53:24
TX001519,C2271,China,85.12,POS,30,2025-04-10 22:19:51
TX001520,C1033,France,93.14,CARD,18,2025-04-26 14:48:29
TX001521,C1969,France,511.24,ONLINE,76,2025-04-14 01:16:15
TX001522,C1075,Morocco,200.46,ONLINE,55,2025-04-29 13:49:44
TX001523,C1691,Spain,428.20,ATM,25,2025-04-08 15:30:33
TX001524,C1334,Morocco,39.95,POS,33,2025-04-28 07:00:58
TX001525,C2438,Spain,40.46,POS,34,2025-04-24 20:52:57
TX001526,C1701,Spain,163.41,CARD,1,2025-04-29 08:26:51
TX001527,C2341,Morocco,27.40,POS,1,2025-04-15 16:39:23
TX001528,C2274,Turkey,717.71,TRANSFER,29,2025-04-23 21:14:32
TX001529,C2270,China,5257.05,TRANSFER,33,2025-04-10 16:36:26
TX001530,C1054,USA,1169.70,TRANSFER,61,2025-04-25 20:37:24
TX001531,C1152,France,92.81,POS,25,2025-04-14 05:01:22
TX001532,C1695,USA,2427.90,TRANSFER,69,2025-04-17 10:02:34
TX001533,C2336,Canada,43.01,POS,70,2025-04-05 03:45:04
TX001534,C1080,Turkey,152.09,CARD,42,2025-04-07 15:06:59
TX001535,C2392,France,82.73,POS,24,2025-04-17 12:42:58
TX001536,C1477,Spain,71.38,ONLINE,26,2025-04-15 15:44:46
TX001537,C2347,UK,29.45,POS,1,2025-04-01 23:27:52
TX001538,C1016,France,39.34,CARD,1,2025-04-26 17:18:18
TX001539,C2252,UK,1386.93,TRANSFER,56,2025-04-09 22:49:53
TX001540,C1698,USA,71.54,POS,19,2025-04-29 16:00:26
TX001541,C1597,China,2212.17,TRANSFER,74,2025-04-07 17:20:55
TX001542,C1947,Turkey,93.85,CARD,16,2025-04-17 06:06:51
TX001543,C1377,USA,182.38,ATM,31,2025-04-24 05:39:11
TX001544,C2088,Morocco,23.13,POS,1,2025-04-17 14:17:36
TX001545,C2285,Turkey,365.61,TRANSFER,69,2025-04-01 14:59:40
TX001546,C2449,Morocco,285.63,CARD,34,2025-04-07 05:50:17
TX001547,C1465,Spain,541.06,CARD,56,2025-04-03 17:24:56
TX001548,C1192,France,15923.89,TRANSFER,62,2025-04-03 20:33:11
TX001549,C2402,China,301.23,CARD,40,2025-04-16 02:45:07
TX001550,C1934,Germany,163.32,POS,20,2025-04-10 06:10:45
TX001551,C1516,USA,107.03,CARD,4,2025-04-14 10:33:57
TX001552,C2248,Morocco,221.17,ATM,54,2025-04-14 05:42:22
TX001553,C1281,Morocco,158.61,ATM,40,2025-04-04 22:20:44
TX001554,C1052,Spain,47.76,POS,38,2025-04-23 18:05:33
TX001555,C2053,Turkey,199.73,CARD,15,2025-04-21 13:50:58
TX001556,C2264,Spain,238.90,ATM,36,2025-04-17 15:30:22
TX001557,C2476,Spain,270.27,POS,19,2025-04-26 06:49:12
TX001558,C1865,USA,410.42,CARD,30,2025-04-24 22:02:53
TX001559,C1992,Morocco,55.61,CARD,15,2025-04-28 14:53:42
TX001560,C1923,China,151.82,ATM,43,2025-04-11 01:52:54
TX001561,C2323,Canada,49.21,ATM,33,2025-04-25 14:33:57
TX001562,C1193,France,17093.99,TRANSFER,53,2025-04-15 09:27:11
TX001563,C1475,Canada,61.75,ATM,57,2025-04-22 21:13:59
TX001564,C1245,France,94.80,POS,29,2025-04-26 23:48:10
TX001565,C1762,Canada,177.27,CARD,26,2025-04-02 07:24:50
TX001566,C2083,UAE,645.05,ONLINE,74,2025-04-08 03:04:40
TX001567,C1634,Turkey,24.74,POS,39,2025-04-09 15:20:51
TX001568,C2305,Spain,96.59,ATM,53,2025-04-05 04:50:58
TX001569,C2218,Canada,275.60,CARD,48,2025-04-12 12:27:06
TX001570,C1980,China,399.30,CARD,13,2025-04-25 14:30:27
TX001571,C1334,France,1562.27,ONLINE,36,2025-04-06 15:17:25
TX001572,C1090,China,29.74,ATM,18,2025-04-08 19:26:48
TX001573,C1589,UAE,144.07,ATM,22,2025-04-12 16:16:42
TX001574,C2420,France,740.83,TRANSFER,64,2025-04-24 03:52:49
TX001575,C2204,China,69.99,CARD,29,2025-04-26 22:54:02
TX001576,C1349,China,66.14,ATM,11,2025-04-20 21:27:13
TX001577,C1724,France,334.57,POS,43,2025-04-24 12:49:51
TX001578,C1797,Canada,131.35,CARD,29,2025-04-15 06:36:58
TX001579,C1495,Spain,2431.69,TRANSFER,56,2025-04-10 08:26:49
TX001580,C1348,China,51.45,ONLINE,65,2025-04-11 18:28:03
TX001581,C1418,Morocco,138.47,POS,52,2025-04-06 15:06:44
TX001582,C2143,Morocco,387.59,CARD,1,2025-04-30 17:15:45
TX001583,C2408,China,182.48,ONLINE,19,2025-04-15 09:01:18
TX001584,C1650,Morocco,1988.31,TRANSFER,63,2025-04-27 06:13:38
TX001585,C1535,UAE,86.11,POS,30,2025-04-25 11:18:53
TX001586,C1127,China,112.82,CARD,39,2025-04-02 03:10:25
TX001587,C2459,Canada,270.16,ONLINE,56,2025-04-29 23:34:41
TX001588,C1726,UAE,64.92,POS,28,2025-04-30 02:13:37
TX001589,C1697,UAE,804.36,TRANSFER,56,2025-04-12 06:32:30
TX001590,C1050,China,173.19,ATM,48,2025-04-17 13:18:21
TX001591,C2093,Germany,473.29,ONLINE,75,2025-04-21 23:16:07
TX001592,C2005,China,757.09,ONLINE,80,2025-04-22 16:53:19
TX001593,C1501,Canada,175.83,CARD,23,2025-04-04 04:05:48
TX001594,C2116,China,268.70,POS,35,2025-04-23 02:46:55
TX001595,C2251,Turkey,86.50,CARD,17,2025-04-22 20:33:56
TX001596,C1245,Germany,386.10,ONLINE,57,2025-04-05 00:31:12
TX001597,C1293,Germany,14156.48,TRANSFER,83,2025-04-02 15:48:28
TX001598,C1846,China,161.19,CARD,1,2025-04-10 12:34:49
TX001599,C1900,Germany,414.48,TRANSFER,45,2025-04-26 09:30:27
TX001600,C1016,UK,234.28,CARD,45,2025-04-22 01:23:03
TX001601,C1510,Morocco,553.06,ONLINE,55,2025-04-19 06:56:31
TX001602,C1972,China,603.38,CARD,44,2025-04-15 13:29:10
TX001603,C1097,France,156.21,ATM,33,2025-04-11 20:01:36
TX001604,C1447,Germany,2998.07,TRANSFER,43,2025-04-10 14:47:00
TX001605,C1869,Morocco,1424.75,TRANSFER,62,2025-04-13 00:31:17
TX001606,C1780,Turkey,164.50,POS,1,2025-04-13 19:20:01
TX001607,C1376,UAE,290.68,ONLINE,26,2025-04-25 23:40:33
TX001608,C2218,Morocco,181.30,ONLINE,63,2025-04-22 20:09:15
TX001609,C1202,China,271.21,ONLINE,55,2025-04-18 14:45:37
TX001610,C1588,UK,448.32,ATM,27,2025-04-23 20:15:45
TX001611,C2454,Canada,71.37,ATM,35,2025-04-08 13:41:14
TX001612,C1250,France,441.64,CARD,11,2025-04-18 21:55:25
TX001613,C2487,Turkey,1848.45,TRANSFER,77,2025-04-14 00:12:56
TX001614,C1580,Germany,37.39,POS,8,2025-04-20 14:31:27
TX001615,C1608,France,308.63,ONLINE,42,2025-04-28 16:40:25
TX001616,C1849,Morocco,454.29,ONLINE,40,2025-04-03 15:49:21
TX001617,C1037,China,110.15,POS,26,2025-04-11 16:00:54
TX001618,C2029,France,1997.40,TRANSFER,58,2025-04-11 04:42:27
TX001619,C1026,USA,37.13,CARD,17,2025-04-02 04:48:19
TX001620,C1275,China,262.81,ONLINE,27,2025-04-19 20:37:06
TX001621,C1813,Morocco,43.23,ONLINE,49,2025-04-16 08:54:54
TX001622,C1675,Germany,225.67,POS,30,2025-04-02 15:12:36
TX001623,C1730,China,32.65,POS,18,2025-04-04 00:51:36
TX001624,C1456,France,119.64,ATM,23,2025-04-03 17:02:13
TX001625,C1510,France,126.42,ONLINE,34,2025-04-11 06:08:58
TX001626,C1358,France,142.38,POS,27,2025-04-15 01:41:45
TX001627,C2441,Canada,439.36,ATM,50,2025-04-06 23:07:22
TX001628,C2294,Germany,101.12,CARD,42,2025-04-04 06:59:02
TX001629,C2141,USA,88.17,ATM,23,2025-04-05 10:08:46
TX001630,C2258,UK,270.44,CARD,23,2025-04-04 13:30:50
TX001631,C2159,Germany,5124.96,TRANSFER,65,2025-04-25 07:46:15
TX001632,C1601,Spain,370.55,CARD,41,2025-04-03 08:07:35
TX001633,C1232,Canada,287.32,POS,17,2025-04-08 10:40:05
TX001634,C1634,Germany,1324.69,TRANSFER,69,2025-04-05 13:41:37
TX001635,C1488,UK,55.22,POS,40,2025-04-05 03:22:09
TX001636,C1932,USA,2686.66,TRANSFER,67,2025-04-06 09:52:05
TX001637,C2124,USA,137.92,ATM,36,2025-04-15 05:44:03
TX001638,C2376,France,158.34,CARD,3,2025-04-04 18:11:33
TX001639,C1683,France,101.58,POS,17,2025-04-26 14:38:21
TX001640,C1840,UAE,491.15,CARD,48,2025-04-14 00:04:36
TX001641,C1193,Germany,5086.64,TRANSFER,38,2025-04-11 20:46:51
TX001642,C2098,Turkey,71.20,CARD,60,2025-04-09 05:32:30
TX001643,C1796,UK,72.60,POS,34,2025-04-06 05:47:57
TX001644,C1400,USA,175.26,POS,49,2025-04-12 00:22:38
TX001645,C1801,Canada,1495.30,ONLINE,35,2025-04-08 17:28:45
TX001646,C1754,France,142.24,CARD,1,2025-04-16 09:52:56
TX001647,C1100,Canada,244.10,POS,29,2025-04-19 19:24:40
TX001648,C1754,Spain,215.60,ATM,47,2025-04-16 03:36:46
TX001649,C1115,UK,305.09,CARD,52,2025-04-20 04:53:37
TX001650,C1855,Spain,38.56,ONLINE,34,2025-04-01 02:17:16
TX001651,C1901,Canada,1623.90,ONLINE,40,2025-04-29 22:05:22
TX001652,C2002,Morocco,159.30,ATM,43,2025-04-15 05:14:08
TX001653,C1062,UK,10530.69,TRANSFER,42,2025-04-13 21:10:58
TX001654,C1520,Spain,19.58,POS,10,2025-04-09 17:13:09
TX001655,C2449,USA,164.63,ATM,13,2025-04-16 20:30:06
TX001656,C1765,France,427.53,ATM,12,2025-04-25 10:53:29
TX001657,C2177,France,92.04,POS,36,2025-04-22 00:34:15
TX001658,C2463,France,75.47,ATM,24,2025-04-03 09:31:20
TX001659,C2457,UAE,54.42,POS,48,2025-04-11 01:53:56
TX001660,C2047,China,132.36,ONLINE,46,2025-04-06 05:57:06
TX001661,C2180,Spain,22.14,POS,27,2025-04-24 08:49:00
TX001662,C1201,USA,142.49,ATM,3,2025-04-16 23:12:36
TX001663,C2313,Morocco,121.48,POS,71,2025-04-30 18:04:44
TX001664,C1221,France,230.32,CARD,46,2025-04-27 13:31:55
TX001665,C2075,France,402.74,CARD,13,2025-04-18 14:15:20
TX001666,C2057,UK,53.28,POS,3,2025-04-29 13:26:06
TX001667,C2302,USA,4724.80,TRANSFER,50,2025-04-25 02:00:33
TX001668,C1515,France,188.46,CARD,36,2025-04-01 18:20:39
TX001669,C1791,Germany,164.74,ATM,36,2025-04-10 07:30:48
TX001670,C1293,UAE,2988.22,TRANSFER,22,2025-04-15 18:53:54
TX001671,C2409,Morocco,130.37,POS,35,2025-04-28 05:55:02
TX001672,C2242,UK,284.91,ATM,25,2025-04-10 03:34:01
TX001673,C1343,France,1283.36,TRANSFER,33,2025-04-19 19:48:52
TX001674,C1168,UK,229.72,CARD,47,2025-04-19 19:19:17
TX001675,C1637,UK,28.55,ONLINE,36,2025-04-14 18:01:38
TX001676,C1204,Spain,19.79,CARD,27,2025-04-27 12:28:42
TX001677,C1407,Spain,62.20,CARD,33,2025-04-27 07:47:38
TX001678,C2331,China,91.75,CARD,34,2025-04-16 08:14:11
TX001679,C1348,Morocco,3290.69,TRANSFER,55,2025-04-18 13:57:15
TX001680,C1313,Spain,80.66,POS,43,2025-04-22 16:33:31
TX001681,C2332,Spain,28.07,POS,33,2025-04-04 08:17:58
TX001682,C1220,China,2201.51,TRANSFER,87,2025-04-18 05:01:24
TX001683,C1364,Germany,1120.68,TRANSFER,43,2025-04-01 11:22:09
TX001684,C1845,Canada,7826.39,TRANSFER,48,2025-04-12 09:10:30
TX001685,C2255,France,2140.19,TRANSFER,63,2025-04-18 23:35:24
TX001686,C1890,Turkey,213.45,ONLINE,24,2025-04-25 16:52:36
TX001687,C1623,UK,200.27,CARD,45,2025-04-18 02:05:12
TX001688,C2235,France,176.02,ONLINE,60,2025-04-24 02:28:49
TX001689,C2172,UAE,407.30,POS,15,2025-04-21 20:45:43
TX001690,C1196,USA,155.90,POS,30,2025-04-08 11:33:58
TX001691,C1735,France,143.90,POS,20,2025-04-10 04:30:18
TX001692,C2345,China,132.20,CARD,10,2025-04-21 11:33:37
TX001693,C1890,Turkey,700.52,ONLINE,83,2025-04-08 02:03:32
TX001694,C2486,Germany,74.79,ATM,25,2025-04-13 17:38:24
TX001695,C1248,Germany,176.72,ATM,49,2025-04-11 00:24:17
TX001696,C1488,Canada,152.15,ATM,12,2025-04-11 16:35:31
TX001697,C1267,Germany,383.59,ONLINE,64,2025-04-10 19:13:57
TX001698,C2467,UAE,35.95,ONLINE,19,2025-04-01 19:51:55
TX001699,C1793,Spain,182.39,ATM,1,2025-04-03 22:08:05
TX001700,C2336,China,249.12,ATM,38,2025-04-04 01:21:39
TX001701,C1891,France,125.45,CARD,17,2025-04-01 16:50:54
TX001702,C1571,France,68.87,POS,18,2025-04-28 15:00:53
TX001703,C2068,Morocco,766.85,TRANSFER,53,2025-04-19 20:09:44
TX001704,C2073,USA,76.61,CARD,18,2025-04-26 07:44:14
TX001705,C2231,France,603.14,CARD,27,2025-04-12 10:55:50
TX001706,C2370,Morocco,461.60,TRANSFER,54,2025-04-10 00:55:16
TX001707,C1527,Morocco,175.14,ATM,29,2025-04-06 15:49:33
TX001708,C1288,UAE,89.15,ATM,34,2025-04-03 14:38:53
TX001709,C2255,Turkey,501.55,POS,33,2025-04-18 10:59:30
TX001710,C1609,France,349.41,TRANSFER,52,2025-04-15 14:59:54
TX001711,C2053,France,43.65,POS,46,2025-04-20 04:06:23
TX001712,C2386,China,73.13,CARD,33,2025-04-25 08:26:36
TX001713,C2120,Germany,186.57,ATM,33,2025-04-25 17:29:52
TX001714,C1428,Morocco,54.81,ONLINE,64,2025-04-14 04:21:25
TX001715,C1058,Canada,135.38,ATM,41,2025-04-18 10:44:51
TX001716,C1653,Canada,88.99,CARD,27,2025-04-15 23:14:53
TX001717,C1117,Germany,259.49,CARD,20,2025-04-26 08:38:06
TX001718,C1610,Canada,45.11,POS,26,2025-04-06 03:43:50
TX001719,C1134,China,13483.41,TRANSFER,84,2025-04-28 08:49:53
TX001720,C1277,UK,288.58,POS,44,2025-04-20 05:24:39
TX001721,C2321,China,226.46,ATM,24,2025-04-12 14:04:29
TX001722,C1067,Morocco,842.41,TRANSFER,55,2025-04-26 07:19:41
TX001723,C1359,France,220.23,ATM,14,2025-04-22 07:46:04
TX001724,C2362,Turkey,4368.40,TRANSFER,29,2025-04-15 18:04:57
TX001725,C1789,Morocco,132.29,POS,48,2025-04-19 11:52:08
TX001726,C1708,UAE,30.70,POS,4,2025-04-10 11:40:45
TX001727,C1339,France,147.76,CARD,63,2025-04-12 04:41:29
TX001728,C1502,Turkey,132.84,ATM,34,2025-04-09 09:59:41
TX001729,C1555,Morocco,80.64,POS,38,2025-04-13 09:23:40
TX001730,C2432,Canada,221.92,ATM,2,2025-04-26 18:57:03
TX001731,C2269,France,262.79,CARD,36,2025-04-23 20:09:28
TX001732,C1462,Morocco,155.92,TRANSFER,60,2025-04-07 08:26:12
TX001733,C2081,USA,175.14,ONLINE,56,2025-04-05 16:29:06
TX001734,C2137,USA,3083.63,TRANSFER,84,2025-04-09 12:50:02
TX001735,C2060,USA,230.74,CARD,6,2025-04-12 16:23:59
TX001736,C1635,France,3958.67,TRANSFER,33,2025-04-18 22:36:28
TX001737,C1022,USA,116.51,ATM,39,2025-04-08 14:55:13
TX001738,C1742,UK,176.00,ATM,20,2025-04-08 10:38:15
TX001739,C1057,Germany,516.15,TRANSFER,59,2025-04-23 12:21:21
TX001740,C2488,Canada,546.79,POS,35,2025-04-12 08:57:18
TX001741,C1944,Canada,137.66,POS,8,2025-04-03 04:25:24
TX001742,C1244,Morocco,182.45,CARD,45,2025-04-03 11:42:31
TX001743,C2161,UAE,76.46,POS,1,2025-04-06 07:21:43
TX001744,C1538,Turkey,87.45,POS,8,2025-04-17 19:27:23
TX001745,C1076,France,865.07,ONLINE,55,2025-04-24 17:04:48
TX001746,C2066,Canada,600.60,ATM,13,2025-04-22 00:11:15
TX001747,C2131,USA,198.42,POS,1,2025-04-24 18:50:48
TX001748,C1007,Morocco,127.56,ONLINE,57,2025-04-16 00:36:13
TX001749,C1518,Morocco,365.98,ATM,33,2025-04-05 11:02:56
TX001750,C1661,UK,54.13,ATM,37,2025-04-08 20:41:03
TX001751,C1330,France,279.34,CARD,9,2025-04-23 06:47:26
TX001752,C1156,Morocco,36.38,POS,2,2025-04-01 11:41:49
TX001753,C2378,Canada,41.84,POS,1,2025-04-30 07:34:32
TX001754,C1277,UAE,6387.37,TRANSFER,68,2025-04-17 20:37:49
TX001755,C1727,Morocco,1078.35,ONLINE,36,2025-04-14 22:36:54
TX001756,C2085,USA,857.27,ONLINE,37,2025-04-18 13:36:19
TX001757,C1347,UK,15453.38,TRANSFER,36,2025-04-21 06:00:40
TX001758,C1280,Germany,71.16,CARD,47,2025-04-07 20:22:05
TX001759,C1607,Canada,82.24,POS,43,2025-04-29 21:49:37
TX001760,C1867,China,1488.51,TRANSFER,25,2025-04-02 23:07:21
TX001761,C2086,France,5206.40,TRANSFER,52,2025-04-23 18:45:22
TX001762,C1396,France,629.48,TRANSFER,58,2025-04-12 05:35:54
TX001763,C1028,Canada,206.60,CARD,26,2025-04-03 19:38:28
TX001764,C1015,France,291.77,ATM,50,2025-04-02 05:04:17
TX001765,C1767,Morocco,1520.59,TRANSFER,28,2025-04-22 09:59:40
TX001766,C2103,Germany,109.24,CARD,35,2025-04-24 13:48:32
TX001767,C1969,Germany,388.26,ONLINE,28,2025-04-25 09:35:37
TX001768,C1685,China,521.89,CARD,40,2025-04-02 19:01:41
TX001769,C2423,Germany,351.78,CARD,30,2025-04-05 22:23:01
TX001770,C2233,Morocco,1716.96,TRANSFER,73,2025-04-03 09:26:56
TX001771,C1679,UK,190.66,ATM,8,2025-04-23 03:56:38
TX001772,C1323,China,1070.35,TRANSFER,85,2025-04-10 16:38:06
TX001773,C1446,France,121.56,ATM,38,2025-04-27 07:45:01
TX001774,C2290,France,1555.12,TRANSFER,99,2025-04-12 05:44:10
TX001775,C1984,Germany,70.75,POS,12,2025-04-21 20:41:00
TX001776,C1720,France,73.66,ATM,43,2025-04-29 00:30:41
TX001777,C1339,France,45.82,POS,41,2025-04-23 11:10:14
TX001778,C1006,UAE,8274.68,TRANSFER,64,2025-04-09 23:41:48
TX001779,C1039,Germany,136.93,CARD,1,2025-04-27 09:35:12
TX001780,C1092,UK,150.11,CARD,18,2025-04-21 08:49:53
TX001781,C2001,Morocco,80.23,POS,29,2025-04-16 12:39:59
TX001782,C1336,Germany,436.42,ATM,37,2025-04-06 19:16:34
TX001783,C2390,UAE,68.67,ATM,20,2025-04-30 19:43:43
TX001784,C1442,Germany,712.15,TRANSFER,37,2025-04-27 19:48:26
TX001785,C1695,UAE,396.70,ONLINE,55,2025-04-04 19:32:58
TX001786,C1049,France,28.81,POS,38,2025-04-04 19:12:15
TX001787,C2090,UAE,156.03,ATM,1,2025-04-01 10:44:23
TX001788,C2078,China,470.66,ONLINE,43,2025-04-25 05:47:24
TX001789,C2132,Morocco,103.28,ONLINE,43,2025-04-05 16:36:49
TX001790,C1499,Canada,3695.35,TRANSFER,97,2025-04-05 15:15:56
TX001791,C1238,Turkey,163.28,ONLINE,49,2025-04-14 21:41:24
TX001792,C1975,Spain,561.21,ONLINE,67,2025-04-14 22:32:52
TX001793,C1441,Spain,3454.34,TRANSFER,61,2025-04-25 14:55:14
TX001794,C1204,China,301.32,ATM,31,2025-04-04 03:55:01
TX001795,C2018,China,186.97,ONLINE,66,2025-04-08 11:58:27
TX001796,C2263,Germany,219.17,CARD,53,2025-04-28 08:06:26
TX001797,C2207,France,1588.31,ONLINE,51,2025-04-19 16:09:04
TX001798,C2211,France,160.30,ATM,13,2025-04-19 10:56:00
TX001799,C1362,UAE,107.09,ONLINE,32,2025-04-01 11:20:32
TX001800,C1746,UAE,885.51,ONLINE,53,2025-04-10 10:33:40
TX001801,C1007,Morocco,256.56,ATM,42,2025-04-15 11:53:05
TX001802,C2246,Morocco,326.00,CARD,40,2025-04-05 16:05:57
TX001803,C2387,Canada,101.08,ATM,24,2025-04-03 19:29:58
TX001804,C2362,Spain,52.85,ONLINE,65,2025-04-13 18:10:48
TX001805,C1363,UAE,174.21,ATM,42,2025-04-23 04:32:11
TX001806,C2358,UK,4779.06,TRANSFER,26,2025-04-14 11:39:09
TX001807,C1939,Turkey,55.68,POS,28,2025-04-24 19:33:42
TX001808,C2276,France,196.99,POS,42,2025-04-12 02:17:43
TX001809,C1883,Spain,32.63,ATM,42,2025-04-29 01:14:11
TX001810,C1480,Turkey,155.41,ATM,1,2025-04-18 19:35:42
TX001811,C2237,USA,76.97,POS,1,2025-04-21 16:10:10
TX001812,C1040,Canada,761.77,TRANSFER,89,2025-04-13 05:43:55
TX001813,C2164,France,197.69,ONLINE,51,2025-04-18 08:13:30
TX001814,C1894,UAE,4381.32,TRANSFER,63,2025-04-30 07:53:34
TX001815,C1240,Morocco,180.36,POS,8,2025-04-26 08:44:57
TX001816,C2456,USA,187.17,ATM,13,2025-04-13 11:36:24
TX001817,C1468,UK,65.51,POS,8,2025-04-26 20:56:29
TX001818,C2291,Canada,266.75,ATM,11,2025-04-04 16:08:52
TX001819,C2397,UK,4689.74,TRANSFER,61,2025-04-02 15:22:25
TX001820,C1878,USA,101.44,ATM,25,2025-04-04 16:57:33
TX001821,C2042,UK,41.37,POS,28,2025-04-08 07:18:01
TX001822,C2444,France,123.83,ATM,39,2025-04-16 11:24:43
TX001823,C2141,Morocco,159.00,ATM,16,2025-04-12 01:48:30
TX001824,C1462,Morocco,1106.21,ONLINE,48,2025-04-28 12:21:38
TX001825,C1609,USA,262.17,ATM,34,2025-04-09 15:39:53
TX001826,C1671,Morocco,535.23,CARD,50,2025-04-04 01:06:25
TX001827,C1659,France,81.44,POS,29,2025-04-07 10:28:20
TX001828,C2112,Turkey,70.89,ONLINE,53,2025-04-23 09:15:07
TX001829,C1895,France,94.95,POS,12,2025-04-21 23:32:33
TX001830,C1680,UAE,1699.29,ONLINE,11,2025-04-19 12:21:38
TX001831,C2181,Spain,2199.14,TRANSFER,40,2025-04-02 06:32:24
TX001832,C2022,Germany,115.43,ONLINE,41,2025-04-11 03:09:01
TX001833,C2102,UAE,51.51,POS,7,2025-04-16 22:52:57
TX001834,C2071,UK,133.00,CARD,40,2025-04-20 19:25:52
TX001835,C1734,China,263.65,CARD,28,2025-04-09 02:15:11
TX001836,C1230,Canada,223.93,POS,1,2025-04-11 14:33:47
TX001837,C1028,UAE,467.77,ONLINE,47,2025-04-02 17:40:06
TX001838,C2196,Turkey,248.25,ONLINE,87,2025-04-13 02:11:15
TX001839,C1804,Turkey,179.78,POS,24,2025-04-12 06:22:55
TX001840,C2128,China,1384.08,TRANSFER,53,2025-04-24 15:50:22
TX001841,C1609,Morocco,107.77,CARD,37,2025-04-06 03:05:21
TX001842,C1541,Spain,104.80,POS,15,2025-04-20 06:31:45
TX001843,C1944,China,129.59,ATM,43,2025-04-19 08:04:58
TX001844,C2237,UAE,83.92,ONLINE,34,2025-04-15 14:27:47
TX001845,C1170,Germany,298.18,CARD,58,2025-04-12 14:57:12
TX001846,C2349,Canada,133.16,ONLINE,39,2025-04-02 01:35:27
TX001847,C1858,Spain,4247.64,TRANSFER,50,2025-04-18 09:00:21
TX001848,C1874,Germany,497.68,CARD,33,2025-04-29 07:46:06
TX001849,C2464,UK,16986.31,TRANSFER,66,2025-04-26 03:28:12
TX001850,C1274,Morocco,174.32,ATM,43,2025-04-05 09:33:30
TX001851,C2355,Morocco,2992.66,TRANSFER,67,2025-04-19 10:48:11
TX001852,C1114,Canada,841.22,TRANSFER,62,2025-04-10 08:32:16
TX001853,C1877,Germany,334.27,ATM,54,2025-04-17 10:52:11
TX001854,C1036,Turkey,123.76,CARD,51,2025-04-22 12:12:03
TX001855,C1109,Morocco,55.32,ATM,37,2025-04-03 17:52:30
TX001856,C1329,China,26.18,CARD,38,2025-04-12 00:22:12
TX001857,C1239,Turkey,152.54,ATM,35,2025-04-11 19:31:38
TX001858,C1801,France,801.77,CARD,38,2025-04-16 04:19:20
TX001859,C2008,UK,1093.42,TRANSFER,68,2025-04-15 00:32:28
TX001860,C1832,Germany,686.23,ONLINE,19,2025-04-21 12:49:25
TX001861,C1281,UK,119.44,CARD,33,2025-04-09 16:02:15
TX001862,C1617,Spain,576.51,POS,28,2025-04-18 05:51:22
TX001863,C1643,Canada,100.42,ONLINE,50,2025-04-10 23:12:04
TX001864,C2451,USA,218.08,ATM,17,2025-04-06 09:31:04
TX001865,C1130,China,49.41,POS,56,2025-04-30 00:35:44
TX001866,C1521,France,48.32,CARD,16,2025-04-24 02:46:06
TX001867,C2053,Spain,960.40,ONLINE,27,2025-04-19 23:09:28
TX001868,C2109,Germany,307.12,ONLINE,24,2025-04-03 00:11:34
TX001869,C2115,Morocco,1206.37,TRANSFER,34,2025-04-25 16:10:48
TX001870,C1761,Canada,726.24,TRANSFER,50,2025-04-18 23:32:23
TX001871,C1374,Canada,226.23,ONLINE,46,2025-04-10 17:04:35
TX001872,C1621,USA,198.23,ATM,11,2025-04-12 08:06:03
TX001873,C2109,Canada,2730.38,TRANSFER,68,2025-04-25 14:22:45
TX001874,C1328,Canada,218.96,CARD,28,2025-04-14 12:40:35
TX001875,C1239,China,39133.76,TRANSFER,43,2025-04-16 21:36:18
TX001876,C2033,USA,64.72,ATM,1,2025-04-04 13:09:45
TX001877,C1201,China,29.19,ATM,43,2025-04-07 02:14:44
TX001878,C1108,UK,240.57,ONLINE,28,2025-04-09 21:19:12
TX001879,C2151,Canada,91.10,POS,46,2025-04-24 20:14:24
TX001880,C1615,Turkey,117.82,ATM,32,2025-04-24 15:23:24
TX001881,C1391,France,173.44,ATM,32,2025-04-16 19:38:01
TX001882,C2275,Spain,2493.95,TRANSFER,99,2025-04-15 00:01:23
TX001883,C2307,Canada,111.70,CARD,43,2025-04-08 13:05:39
TX001884,C2350,UK,740.81,ONLINE,46,2025-04-17 14:39:07
TX001885,C1740,Canada,137.76,POS,23,2025-04-02 12:25:30
TX001886,C1878,Canada,178.47,ATM,3,2025-04-01 23:35:17
TX001887,C2196,China,760.90,CARD,26,2025-04-23 14:50:19
TX001888,C1288,Spain,92.19,POS,46,2025-04-22 02:25:19
TX001889,C2180,France,65.67,CARD,22,2025-04-10 00:35:38
TX001890,C2138,Germany,242.02,ONLINE,32,2025-04-28 12:22:15
TX001891,C2431,UAE,8744.88,TRANSFER,68,2025-04-27 14:50:32
TX001892,C1678,UK,1645.87,TRANSFER,59,2025-04-18 17:03:56
TX001893,C2037,Spain,433.64,ATM,9,2025-04-12 19:15:08
TX001894,C1108,Germany,352.39,POS,39,2025-04-17 04:38:07
TX001895,C1090,China,182.88,ONLINE,49,2025-04-23 12:20:22
TX001896,C1867,Germany,2002.35,TRANSFER,71,2025-04-04 20:22:36
TX001897,C2473,Canada,1215.76,TRANSFER,94,2025-04-15 03:32:48
TX001898,C1782,USA,253.65,ATM,20,2025-04-27 16:04:23
TX001899,C1625,France,184.50,POS,1,2025-04-03 09:33:04
TX001900,C2328,USA,126.41,POS,62,2025-04-21 13:40:33
TX001901,C1754,France,556.35,ONLINE,52,2025-04-08 13:16:39
TX001902,C2242,USA,319.92,CARD,7,2025-04-24 12:44:47
TX001903,C2186,UK,414.62,ONLINE,54,2025-04-06 04:50:10
TX001904,C1975,Canada,142.41,ONLINE,66,2025-04-19 06:35:05
TX001905,C1791,China,127.71,ATM,17,2025-04-15 22:47:54
TX001906,C1009,France,264.51,POS,53,2025-04-17 13:36:05
TX001907,C1342,Spain,90.17,CARD,40,2025-04-22 12:44:33
TX001908,C2389,UAE,347.14,TRANSFER,84,2025-04-10 15:01:12
TX001909,C1106,France,199.69,ATM,49,2025-04-23 06:03:41
TX001910,C1650,France,1319.59,ONLINE,50,2025-04-29 13:04:33
TX001911,C1931,China,1467.63,TRANSFER,71,2025-04-17 21:32:48
TX001912,C1216,Turkey,371.03,TRANSFER,23,2025-04-27 23:03:14
TX001913,C1656,UK,478.41,ONLINE,46,2025-04-18 16:36:27
TX001914,C1934,USA,184.57,POS,4,2025-04-15 16:29:46
TX001915,C1387,UAE,180.12,CARD,34,2025-04-19 17:19:32
TX001916,C2148,France,397.33,ATM,18,2025-04-14 17:33:05
TX001917,C1096,USA,258.43,ATM,1,2025-04-02 09:56:06
TX001918,C1989,France,306.58,POS,18,2025-04-26 01:11:52
TX001919,C1311,China,66.32,ATM,11,2025-04-19 17:10:04
TX001920,C1136,USA,98.60,CARD,1,2025-04-16 19:47:58
TX001921,C1304,Morocco,6395.22,TRANSFER,72,2025-04-07 02:35:42
TX001922,C2184,UAE,222.93,ONLINE,68,2025-04-04 08:59:22
TX001923,C2313,China,230.38,CARD,48,2025-04-05 03:32:45
TX001924,C1314,USA,1506.36,TRANSFER,22,2025-04-16 23:20:38
TX001925,C1104,China,196.29,POS,51,2025-04-16 05:05:21
TX001926,C2340,UAE,99.10,ATM,65,2025-04-06 02:10:13
TX001927,C1966,France,37.43,ATM,38,2025-04-26 02:17:03
TX001928,C1434,Morocco,30.25,ONLINE,82,2025-04-10 03:38:18
TX001929,C1353,Spain,33.52,POS,11,2025-04-25 18:56:01
TX001930,C1316,China,211.47,POS,34,2025-04-19 05:39:42
TX001931,C1750,Turkey,103.82,POS,31,2025-04-11 14:57:36
TX001932,C1682,France,33.37,ONLINE,6,2025-04-18 17:54:17
TX001933,C2286,Morocco,241.31,POS,1,2025-04-15 05:09:05
TX001934,C1386,UK,167.66,ATM,1,2025-04-27 21:35:41
TX001935,C1663,Canada,160.03,ONLINE,51,2025-04-11 23:12:05
TX001936,C2209,Turkey,8978.91,TRANSFER,66,2025-04-05 20:32:01
TX001937,C2417,UAE,146.47,ONLINE,47,2025-04-22 06:09:05
TX001938,C1049,China,292.85,CARD,29,2025-04-29 18:54:18
TX001939,C1436,China,89.22,POS,35,2025-04-14 16:34:04
TX001940,C1304,UAE,819.12,TRANSFER,60,2025-04-25 21:24:42
TX001941,C1295,Turkey,713.02,CARD,32,2025-04-08 10:11:16
TX001942,C2394,UK,245.82,CARD,34,2025-04-01 23:31:23
TX001943,C2032,UK,90.40,CARD,46,2025-04-14 19:58:18
TX001944,C1683,France,156.90,POS,1,2025-04-18 10:05:42
TX001945,C2376,Turkey,40.48,ONLINE,43,2025-04-09 18:43:31
TX001946,C1148,China,56.72,ONLINE,42,2025-04-25 15:38:29
TX001947,C1914,Germany,106.41,POS,25,2025-04-23 22:01:16
TX001948,C1421,China,208.69,POS,25,2025-04-18 21:32:47
TX001949,C1524,Canada,44.52,POS,44,2025-04-28 21:59:31
TX001950,C2455,UK,2615.57,TRANSFER,64,2025-04-04 15:42:25
TX001951,C1482,Turkey,133.39,POS,14,2025-04-13 15:46:14
TX001952,C1699,Morocco,178.80,ONLINE,45,2025-04-19 09:38:26
TX001953,C1808,Turkey,39.42,CARD,6,2025-04-14 20:01:32
TX001954,C1196,Germany,577.26,ONLINE,44,2025-04-22 07:38:22
TX001955,C2111,France,8.55,POS,21,2025-04-08 00:00:49
TX001956,C1782,Spain,244.49,ATM,43,2025-04-11 11:58:30
TX001957,C1718,Spain,435.08,ONLINE,9,2025-04-14 15:45:08
TX001958,C1571,Morocco,21956.12,TRANSFER,64,2025-04-07 08:39:33
TX001959,C1622,Germany,1320.51,TRANSFER,65,2025-04-01 15:16:21
TX001960,C1180,USA,54.56,CARD,22,2025-04-12 22:04:10
TX001961,C2325,China,259.64,CARD,45,2025-04-11 07:31:43
TX001962,C1486,USA,870.33,TRANSFER,66,2025-04-20 05:46:27
TX001963,C1428,UK,71.40,POS,22,2025-04-12 11:58:45
TX001964,C1313,Morocco,2088.15,TRANSFER,27,2025-04-02 13:33:31
TX001965,C2296,UAE,97.84,ATM,2,2025-04-12 13:10:53
TX001966,C1840,Germany,1762.62,TRANSFER,35,2025-04-25 18:27:59
TX001967,C1447,UAE,111.49,POS,29,2025-04-23 13:12:03
TX001968,C2114,UK,108.15,ATM,44,2025-04-07 05:33:29
TX001969,C1002,Germany,481.69,ONLINE,29,2025-04-29 19:50:38
TX001970,C1096,USA,390.84,ONLINE,65,2025-04-18 02:17:12
TX001971,C2079,Turkey,320.52,CARD,66,2025-04-20 02:49:46
TX001972,C1309,China,3595.09,TRANSFER,43,2025-04-23 04:19:17
TX001973,C1136,China,518.61,CARD,46,2025-04-30 21:07:45
TX001974,C1951,Morocco,77.91,CARD,12,2025-04-12 16:39:05
TX001975,C2259,France,391.19,ONLINE,41,2025-04-17 19:30:53
TX001976,C1452,Spain,1929.83,CARD,22,2025-04-21 13:08:42
TX001977,C2445,Germany,351.68,ATM,13,2025-04-25 02:06:51
TX001978,C1065,Spain,139.50,ATM,13,2025-04-11 07:34:41
TX001979,C1470,Turkey,862.72,TRANSFER,67,2025-04-25 06:50:50
TX001980,C1069,UAE,2208.18,TRANSFER,88,2025-04-30 01:12:40
TX001981,C1951,UK,422.09,CARD,13,2025-04-08 14:07:43
TX001982,C1608,Germany,1163.48,TRANSFER,40,2025-04-18 22:50:32
TX001983,C2379,China,158.81,ATM,40,2025-04-19 08:20:56
TX001984,C1034,Spain,26.80,POS,23,2025-04-18 19:35:28
TX001985,C2090,France,1070.39,TRANSFER,79,2025-04-03 03:44:34
TX001986,C1970,Spain,1031.06,ONLINE,73,2025-04-27 00:02:34
TX001987,C2367,UK,281.71,ATM,37,2025-04-19 19:49:54
TX001988,C2341,Germany,207.40,ATM,1,2025-04-02 23:23:35
TX001989,C1586,Spain,67.23,ATM,2,2025-04-02 21:30:22
TX001990,C1078,Turkey,239.76,POS,38,2025-04-10 23:32:25
TX001991,C1156,UAE,171.59,ATM,5,2025-04-06 23:36:26
TX001992,C1700,France,197.53,POS,8,2025-04-23 17:38:15
TX001993,C2003,USA,133.20,TRANSFER,59,2025-04-28 09:28:03
TX001994,C2428,Spain,145.91,POS,32,2025-04-03 04:40:43
TX001995,C2191,Spain,599.48,TRANSFER,45,2025-04-18 20:25:43
TX001996,C2160,Canada,385.72,CARD,60,2025-04-16 16:39:26
TX001997,C1875,UK,32.46,ONLINE,85,2025-04-19 02:50:06
TX001998,C1780,Turkey,420.14,POS,21,2025-04-04 05:22:19
TX001999,C2285,UK,49.69,POS,33,2025-04-10 01:57:15
TX002000,C2041,China,3847.47,TRANSFER,63,2025-04-19 11:26:18
TX002001,C1550,China,133.42,CARD,21,2025-04-10 21:14:26
TX002002,C1092,Turkey,123.76,POS,11,2025-04-22 18:54:24
TX002003,C2449,France,228.16,ATM,9,2025-04-13 01:41:14
TX002004,C1140,Canada,750.86,ONLINE,16,2025-04-23 08:43:24
TX002005,C2474,France,4842.64,ONLINE,60,2025-04-13 11:55:42
TX002006,C2093,UK,556.67,CARD,60,2025-04-25 06:40:04
TX002007,C2473,Canada,388.75,POS,5,2025-04-08 00:48:55
TX002008,C2102,Morocco,331.81,ATM,17,2025-04-26 05:54:35
TX002009,C1195,China,3452.58,TRANSFER,59,2025-04-28 22:16:40
TX002010,C1340,Morocco,714.35,TRANSFER,37,2025-04-10 07:41:42
TX002011,C1420,France,136.75,POS,32,2025-04-21 23:26:14
TX002012,C1518,Spain,181.04,CARD,32,2025-04-10 00:45:45
TX002013,C2106,Spain,134.41,ATM,43,2025-04-24 02:01:56
TX002014,C1424,Morocco,142.85,ONLINE,66,2025-04-09 13:36:52
TX002015,C2081,France,418.56,CARD,44,2025-04-09 11:18:07
TX002016,C2031,UK,128.99,ATM,36,2025-04-02 13:26:12
TX002017,C2265,France,151.19,POS,25,2025-04-22 03:48:48
TX002018,C1287,Canada,108.82,ONLINE,61,2025-04-11 16:36:55
TX002019,C1885,UAE,119.76,ATM,29,2025-04-06 07:25:46
TX002020,C1860,Spain,1424.47,TRANSFER,51,2025-04-29 21:58:43
TX002021,C1180,France,117.17,ATM,2,2025-04-05 17:34:49
TX002022,C1821,USA,1499.05,TRANSFER,65,2025-04-08 05:24:21
TX002023,C2347,France,371.14,ATM,51,2025-04-06 03:12:07
TX002024,C2287,Canada,345.78,ONLINE,32,2025-04-10 17:29:32
TX002025,C2179,Spain,491.94,CARD,56,2025-04-01 00:32:46
TX002026,C1640,Canada,69.01,POS,36,2025-04-27 23:35:43
TX002027,C2284,Turkey,49.87,POS,66,2025-04-23 00:17:38
TX002028,C1825,Morocco,224.44,POS,32,2025-04-03 00:40:02
TX002029,C2282,France,56.85,ATM,1,2025-04-14 09:02:19
TX002030,C1254,UAE,112.25,CARD,16,2025-04-26 04:44:12
TX002031,C1074,Turkey,125.43,ATM,30,2025-04-12 13:49:58
TX002032,C1040,China,35.28,POS,21,2025-04-13 04:42:42
TX002033,C1593,Canada,46.35,ATM,34,2025-04-22 18:05:02
TX002034,C1757,China,731.66,ONLINE,30,2025-04-01 09:25:17
TX002035,C1100,UAE,1987.23,TRANSFER,60,2025-04-14 10:30:36
TX002036,C1547,Morocco,1079.41,TRANSFER,58,2025-04-29 11:41:15
TX002037,C1214,UAE,70.70,POS,28,2025-04-28 04:23:04
TX002038,C1492,Spain,218.74,POS,44,2025-04-06 05:01:15
TX002039,C1105,UK,1464.67,TRANSFER,72,2025-04-26 08:10:07
TX002040,C1831,Morocco,145.43,ATM,67,2025-04-16 22:28:24
TX002041,C1173,Canada,2107.17,ONLINE,14,2025-04-01 22:56:26
TX002042,C1903,Spain,507.25,CARD,14,2025-04-05 06:10:04
TX002043,C1231,UAE,2983.98,TRANSFER,72,2025-04-22 11:00:24
TX002044,C1157,China,504.10,TRANSFER,59,2025-04-13 14:39:08
TX002045,C2399,Canada,443.94,ATM,30,2025-04-11 09:56:26
TX002046,C1535,USA,179.99,CARD,33,2025-04-26 12:23:05
TX002047,C1828,Morocco,69.33,ATM,41,2025-04-07 10:19:19
TX002048,C2239,UAE,305.75,ONLINE,55,2025-04-06 10:03:35
TX002049,C1720,Spain,143.43,ATM,29,2025-04-11 10:37:00
TX002050,C2492,UAE,45.59,CARD,41,2025-04-01 07:18:28
TX002051,C1407,China,550.08,ATM,4,2025-04-03 19:22:55
TX002052,C1660,Canada,1147.93,ONLINE,42,2025-04-29 21:28:09
TX002053,C1195,China,1126.74,CARD,37,2025-04-06 21:55:08
TX002054,C1324,Turkey,451.89,POS,25,2025-04-02 07:49:15
TX002055,C2164,Turkey,180.93,ATM,36,2025-04-02 22:17:54
TX002056,C1590,UAE,138.59,ONLINE,38,2025-04-12 02:03:56
TX002057,C2110,Spain,895.51,ONLINE,49,2025-04-20 00:15:32
TX002058,C2048,France,218.14,ATM,53,2025-04-11 08:00:20
TX002059,C1173,Germany,334.99,ATM,13,2025-04-07 18:43:28
TX002060,C2310,UAE,82.89,POS,40,2025-04-11 02:58:39
TX002061,C1617,Spain,85.04,POS,65,2025-04-17 03:57:13
TX002062,C1579,France,198.21,ATM,35,2025-04-23 07:14:16
TX002063,C1737,Spain,44.21,CARD,43,2025-04-16 05:33:20
TX002064,C2058,Canada,6144.70,TRANSFER,16,2025-04-06 07:07:39
TX002065,C2453,Turkey,272.67,POS,27,2025-04-28 00:09:15
TX002066,C1082,France,213.82,CARD,49,2025-04-17 02:47:43
TX002067,C1204,France,149.55,ATM,1,2025-04-07 04:41:17
TX002068,C1513,France,8152.03,TRANSFER,66,2025-04-08 02:04:16
TX002069,C1325,France,115.94,CARD,14,2025-04-09 04:59:11
TX002070,C2397,UK,2053.59,ONLINE,46,2025-04-05 13:14:33
TX002071,C2403,Germany,308.23,TRANSFER,59,2025-04-29 05:28:53
TX002072,C2351,UAE,653.96,TRANSFER,67,2025-04-12 14:52:03
TX002073,C1966,France,244.78,CARD,20,2025-04-12 17:24:15
TX002074,C2333,China,877.59,TRANSFER,59,2025-04-06 18:29:51
TX002075,C1975,USA,377.92,ONLINE,49,2025-04-02 10:59:07
TX002076,C2131,UAE,2109.67,TRANSFER,65,2025-04-20 22:09:53
TX002077,C1260,UAE,108.25,CARD,69,2025-04-20 04:52:15
TX002078,C1218,China,22.97,POS,28,2025-04-21 09:13:27
TX002079,C1914,Turkey,21304.53,TRANSFER,91,2025-04-21 04:13:07
TX002080,C1746,Morocco,161.86,ATM,1,2025-04-27 10:02:27
TX002081,C2051,Spain,95.94,ATM,41,2025-04-24 06:31:38
TX002082,C1471,Spain,138.24,ATM,34,2025-04-17 17:57:24
TX002083,C1982,France,357.42,CARD,25,2025-04-29 15:03:42
TX002084,C1515,Turkey,324.70,TRANSFER,47,2025-04-19 10:38:05
TX002085,C2434,Canada,6178.08,TRANSFER,29,2025-04-06 13:03:45
TX002086,C1980,UAE,69.99,CARD,11,2025-04-08 10:41:00
TX002087,C1333,France,207.19,ATM,14,2025-04-01 20:07:07
TX002088,C1367,Canada,425.83,ONLINE,49,2025-04-30 01:03:55
TX002089,C2306,Canada,279.42,ATM,1,2025-04-12 21:34:36
TX002090,C1688,China,230.00,CARD,41,2025-04-10 16:47:02
TX002091,C2296,China,168.53,CARD,20,2025-04-20 15:20:38
TX002092,C1935,Spain,131.73,ATM,41,2025-04-26 02:05:40
TX002093,C2471,China,3275.93,TRANSFER,85,2025-04-11 04:35:29
TX002094,C1150,UAE,133.87,ONLINE,32,2025-04-18 18:15:02
TX002095,C2318,China,294.94,ONLINE,59,2025-04-26 19:04:27
TX002096,C1109,France,421.58,CARD,33,2025-04-06 20:34:27
TX002097,C1289,UAE,63.12,ATM,7,2025-04-05 21:11:18
TX002098,C1731,France,160.60,CARD,1,2025-04-18 14:15:11
TX002099,C1151,Germany,852.54,ONLINE,65,2025-04-27 02:01:45
TX002100,C1132,Canada,281.80,TRANSFER,56,2025-04-06 13:56:22
TX002101,C1024,UK,111.91,ATM,17,2025-04-08 01:57:15
TX002102,C2359,Germany,39.56,POS,43,2025-04-28 05:29:13
TX002103,C1845,UAE,27.01,CARD,43,2025-04-17 01:33:58
TX002104,C1753,UK,137.97,ATM,17,2025-04-24 22:30:25
TX002105,C2130,France,744.34,ONLINE,26,2025-04-21 23:57:14
TX002106,C1993,Spain,1086.81,ONLINE,62,2025-04-09 00:34:22
TX002107,C1755,China,297.96,ONLINE,45,2025-04-04 00:42:54
TX002108,C2406,UK,138.28,CARD,34,2025-04-26 09:23:31
TX002109,C1878,Morocco,79.93,ONLINE,76,2025-04-09 18:48:59
TX002110,C1605,Spain,110.38,CARD,32,2025-04-26 15:18:13
TX002111,C1109,Germany,160.61,CARD,35,2025-04-16 11:56:29
TX002112,C2217,Turkey,740.47,TRANSFER,46,2025-04-25 07:00:02
TX002113,C1072,China,175.86,ATM,28,2025-04-09 00:13:08
TX002114,C1793,Germany,201.22,ATM,26,2025-04-07 13:50:35
TX002115,C2219,UK,151.97,CARD,36,2025-04-11 20:03:32
TX002116,C2066,Canada,77.48,ONLINE,66,2025-04-28 03:20:03
TX002117,C1693,UAE,523.02,CARD,40,2025-04-17 03:12:17
TX002118,C1968,Spain,65.96,ATM,13,2025-04-26 11:25:09
TX002119,C1475,UK,152.43,ONLINE,69,2025-04-29 08:00:59
TX002120,C1577,Germany,201.54,POS,1,2025-04-15 23:59:42
TX002121,C1051,UK,161.69,ATM,6,2025-04-23 11:39:08
TX002122,C1665,Morocco,118.78,CARD,27,2025-04-03 20:26:30
TX002123,C1432,UAE,635.38,CARD,21,2025-04-26 20:48:24
TX002124,C1130,Canada,33.79,ONLINE,40,2025-04-08 14:26:11
TX002125,C1171,Germany,2013.19,TRANSFER,45,2025-04-07 06:31:16
TX002126,C1821,Morocco,108.13,CARD,39,2025-04-15 16:07:49
TX002127,C2081,USA,87.42,CARD,39,2025-04-18 00:09:30
TX002128,C1367,France,188.99,CARD,33,2025-04-02 01:26:36
TX002129,C1280,Spain,518.98,ONLINE,50,2025-04-22 14:39:46
TX002130,C2043,Morocco,41.84,CARD,41,2025-04-01 08:41:58
TX002131,C1916,Morocco,122.20,CARD,32,2025-04-20 21:55:02
TX002132,C2047,UK,32.52,POS,23,2025-04-13 11:07:30
TX002133,C1956,Morocco,2370.31,TRANSFER,44,2025-04-02 05:36:10
TX002134,C2007,USA,806.40,CARD,56,2025-04-13 02:34:07
TX002135,C2103,Turkey,1821.01,TRANSFER,95,2025-04-14 22:30:47
TX002136,C1068,Spain,741.74,ONLINE,38,2025-04-06 09:01:20
TX002137,C2256,China,1804.10,TRANSFER,72,2025-04-13 00:47:33
TX002138,C1227,Canada,765.00,TRANSFER,88,2025-04-21 04:32:46
TX002139,C1149,Germany,373.52,CARD,7,2025-04-06 18:19:33
TX002140,C1975,Spain,2490.44,TRANSFER,82,2025-04-29 20:38:08
TX002141,C2272,Morocco,153.22,POS,33,2025-04-17 02:59:22
TX002142,C1959,France,7312.22,TRANSFER,24,2025-04-25 06:13:33
TX002143,C1807,USA,1053.72,CARD,9,2025-04-20 05:14:05
TX002144,C2158,Morocco,258.17,POS,29,2025-04-06 00:53:43
TX002145,C1950,Canada,82.02,POS,12,2025-04-11 00:00:49
TX002146,C1533,Canada,93.93,ATM,22,2025-04-20 20:56:32
TX002147,C1109,USA,78.47,ATM,41,2025-04-23 01:07:45
TX002148,C2282,UK,162.18,CARD,7,2025-04-20 20:41:50
TX002149,C1935,China,225.28,CARD,8,2025-04-16 19:16:07
TX002150,C1232,China,77.63,POS,65,2025-04-29 12:05:11
TX002151,C2192,Morocco,8116.59,TRANSFER,58,2025-04-25 19:29:38
TX002152,C1413,Spain,397.76,CARD,33,2025-04-18 04:54:12
TX002153,C2295,Canada,288.80,POS,16,2025-04-18 19:23:48
TX002154,C1672,USA,85.66,ATM,38,2025-04-08 17:11:08
TX002155,C2350,France,114.55,POS,10,2025-04-07 23:15:08
TX002156,C1189,Canada,152.91,ATM,30,2025-04-13 07:32:11
TX002157,C2159,Germany,216.98,CARD,46,2025-04-02 15:39:04
TX002158,C2114,USA,80.88,ATM,74,2025-04-03 02:12:41
TX002159,C2013,China,152.19,ONLINE,22,2025-04-25 08:27:56
TX002160,C2041,UAE,210.61,ATM,68,2025-04-05 04:07:38
TX002161,C2405,UK,4809.18,TRANSFER,75,2025-04-14 23:57:20
TX002162,C1904,China,55.35,ATM,30,2025-04-24 05:20:14
TX002163,C1783,UK,10476.72,TRANSFER,46,2025-04-24 13:26:07
TX002164,C2390,Turkey,218.12,CARD,28,2025-04-09 02:55:16
TX002165,C1825,France,51.29,POS,30,2025-04-01 01:59:27
TX002166,C2346,Spain,631.34,CARD,19,2025-04-01 16:16:45
TX002167,C2374,Spain,215.13,ONLINE,69,2025-04-26 10:40:54
TX002168,C1558,Germany,321.62,ATM,58,2025-04-18 10:30:23
TX002169,C2387,Canada,78.57,POS,1,2025-04-29 03:38:50
TX002170,C1655,Turkey,48.74,CARD,34,2025-04-27 01:47:14
TX002171,C1592,USA,79.67,POS,50,2025-04-18 01:59:26
TX002172,C1402,Spain,76.95,POS,1,2025-04-23 15:12:25
TX002173,C1878,France,333.41,ATM,1,2025-04-24 20:18:19
TX002174,C1092,Morocco,146.84,ATM,21,2025-04-10 02:03:09
TX002175,C1175,UAE,50.97,POS,18,2025-04-08 02:04:18
TX002176,C1163,France,97.40,ATM,37,2025-04-28 19:59:10
TX002177,C1831,Germany,208.42,POS,61,2025-04-01 19:46:42
TX002178,C2081,Spain,248.60,CARD,25,2025-04-03 14:04:54
TX002179,C1690,UK,724.56,ATM,6,2025-04-26 20:12:04
TX002180,C1771,France,747.97,CARD,45,2025-04-13 07:43:47
TX002181,C1751,Spain,169.91,POS,6,2025-04-28 12:44:43
TX002182,C2059,Turkey,80.57,ONLINE,59,2025-04-06 06:23:58
TX002183,C1350,France,421.70,ONLINE,9,2025-04-01 23:25:47
TX002184,C1668,France,296.33,ONLINE,61,2025-04-05 06:48:27
TX002185,C1790,Turkey,62.03,POS,48,2025-04-15 11:58:21
TX002186,C2226,UAE,713.65,TRANSFER,49,2025-04-17 10:13:32
TX002187,C2315,UAE,361.03,ONLINE,55,2025-04-13 01:45:23
TX002188,C1056,Morocco,107.78,ATM,17,2025-04-22 18:19:14
TX002189,C1036,China,663.75,CARD,24,2025-04-10 21:42:58
TX002190,C2427,UK,50.57,POS,68,2025-04-27 02:40:09
TX002191,C1052,UK,494.49,CARD,55,2025-04-25 11:22:46
TX002192,C2323,China,402.69,POS,1,2025-04-03 07:49:00
TX002193,C1878,USA,354.56,ONLINE,33,2025-04-23 08:23:03
TX002194,C2369,Spain,258.04,ONLINE,10,2025-04-16 18:50:34
TX002195,C1452,Canada,232.02,ONLINE,78,2025-04-30 01:24:15
TX002196,C1742,Turkey,45.95,ATM,20,2025-04-07 11:11:27
TX002197,C1300,Turkey,111.87,POS,36,2025-04-27 18:40:57
TX002198,C2473,Germany,72.22,POS,47,2025-04-07 09:44:21
TX002199,C1867,UK,104.48,CARD,31,2025-04-22 03:01:03
TX002200,C2249,UAE,45.81,POS,59,2025-04-19 02:39:47
TX002201,C1882,Morocco,100.50,POS,65,2025-04-16 02:39:05
TX002202,C1846,Turkey,23.17,CARD,1,2025-04-09 09:10:55
TX002203,C2266,UAE,17.95,POS,39,2025-04-02 19:58:28
TX002204,C1376,Germany,512.11,CARD,41,2025-04-08 21:51:03
TX002205,C1473,China,88.87,CARD,27,2025-04-27 19:09:33
TX002206,C2445,USA,362.25,ATM,53,2025-04-30 18:13:56
TX002207,C1114,UAE,63.63,CARD,51,2025-04-03 14:57:51
TX002208,C1069,China,316.81,CARD,15,2025-04-09 08:30:05
TX002209,C2096,UK,50.25,CARD,59,2025-04-03 15:55:48
TX002210,C1543,Turkey,407.42,ONLINE,50,2025-04-07 10:38:10
TX002211,C1279,France,275.46,CARD,29,2025-04-28 17:23:35
TX002212,C2319,Spain,47.27,CARD,23,2025-04-21 06:24:56
TX002213,C1344,UK,115.61,ATM,16,2025-04-24 07:39:22
TX002214,C2188,Morocco,380.58,ONLINE,50,2025-04-19 15:04:57
TX002215,C1756,France,323.74,ONLINE,38,2025-04-04 12:15:24
TX002216,C2233,Morocco,115.52,ATM,22,2025-04-17 05:36:28
TX002217,C1243,China,113.57,CARD,10,2025-04-03 20:46:19
TX002218,C1714,China,48.54,POS,25,2025-04-17 18:23:28
TX002219,C2042,UK,219.30,CARD,9,2025-04-01 14:48:01
TX002220,C1035,Canada,369.86,ATM,18,2025-04-04 12:00:58
TX002221,C1023,China,742.12,CARD,56,2025-04-21 15:22:13
TX002222,C2186,France,126.07,ATM,45,2025-04-14 07:13:51
TX002223,C1735,Spain,1033.47,TRANSFER,31,2025-04-13 14:36:19
TX002224,C2188,Germany,1998.68,TRANSFER,34,2025-04-23 13:06:44
TX002225,C1732,USA,1822.57,ONLINE,42,2025-04-26 07:16:03
TX002226,C1761,China,112.81,ATM,33,2025-04-28 04:38:56
TX002227,C1094,Turkey,66.23,ONLINE,35,2025-04-23 21:59:53
TX002228,C1260,UK,185.87,ATM,37,2025-04-18 15:47:07
TX002229,C1851,Turkey,734.19,ONLINE,33,2025-04-06 17:42:08
TX002230,C2112,China,241.77,CARD,55,2025-04-15 05:06:37
TX002231,C1958,Canada,3064.95,TRANSFER,75,2025-04-10 13:30:29
TX002232,C1676,USA,142.31,ATM,28,2025-04-19 09:09:45
TX002233,C1273,USA,34.25,POS,20,2025-04-10 20:36:50
TX002234,C1997,Turkey,43.43,POS,18,2025-04-23 15:57:37
TX002235,C1758,USA,124.33,POS,25,2025-04-20 02:30:09
TX002236,C1666,China,144.58,ATM,56,2025-04-18 13:18:06
TX002237,C1686,Morocco,243.79,POS,31,2025-04-12 06:51:29
TX002238,C1179,Morocco,110.04,ONLINE,40,2025-04-28 18:10:19
TX002239,C1982,UAE,5698.92,TRANSFER,55,2025-04-12 12:11:53
TX002240,C1581,Germany,102.90,ATM,52,2025-04-09 02:16:09
TX002241,C1630,Morocco,3516.94,TRANSFER,74,2025-04-14 11:07:26
TX002242,C1397,Canada,176.42,CARD,19,2025-04-28 00:32:59
TX002243,C1338,UK,750.77,CARD,10,2025-04-19 13:38:02
TX002244,C2486,Morocco,148.52,CARD,23,2025-04-14 02:57:03
TX002245,C1657,USA,356.97,ONLINE,61,2025-04-03 18:12:32
TX002246,C2028,UAE,54.83,ATM,39,2025-04-13 08:39:02
TX002247,C1843,China,199.34,POS,8,2025-04-22 06:01:43
TX002248,C2350,UAE,158.45,CARD,41,2025-04-25 17:45:52
TX002249,C2145,China,195.52,ATM,18,2025-04-19 17:08:18
TX002250,C2249,Morocco,328.82,CARD,22,2025-04-13 10:40:49
TX002251,C1375,China,286.70,ATM,47,2025-04-20 02:32:50
TX002252,C2456,Turkey,277.05,POS,53,2025-04-15 02:58:36
TX002253,C1092,Turkey,188.20,POS,8,2025-04-04 17:07:35
TX002254,C1372,France,170.86,ATM,8,2025-04-21 15:35:44
TX002255,C1102,Morocco,3457.15,TRANSFER,31,2025-04-02 07:38:43
TX002256,C1086,France,117.01,CARD,16,2025-04-05 06:58:24
TX002257,C1617,France,38.05,CARD,6,2025-04-04 17:34:40
TX002258,C1076,France,199.62,CARD,10,2025-04-01 22:18:49
TX002259,C2114,China,188.19,ONLINE,23,2025-04-14 13:05:58
TX002260,C1127,UAE,1459.49,TRANSFER,69,2025-04-16 11:14:44
TX002261,C1633,UAE,344.95,ATM,1,2025-04-26 06:25:45
TX002262,C2456,France,1071.21,TRANSFER,42,2025-04-17 10:33:16
TX002263,C1087,Morocco,599.09,ONLINE,20,2025-04-05 22:52:14
TX002264,C1866,Morocco,321.53,CARD,55,2025-04-12 14:54:27
TX002265,C2130,Spain,266.21,POS,1,2025-04-16 22:44:20
TX002266,C1749,China,38.74,POS,49,2025-04-19 05:20:56
TX002267,C1574,China,147.84,POS,27,2025-04-11 10:40:33
TX002268,C1049,Turkey,28.32,CARD,23,2025-04-04 11:43:36
TX002269,C1675,Morocco,528.29,POS,15,2025-04-20 05:25:56
TX002270,C1530,UK,90.07,ATM,41,2025-04-28 11:47:11
TX002271,C1238,Germany,179.62,ATM,47,2025-04-01 02:16:58
TX002272,C2167,Turkey,243.69,ATM,5,2025-04-19 08:50:25
TX002273,C2303,UAE,77.92,ATM,44,2025-04-16 12:25:31
TX002274,C1089,Spain,390.62,ATM,40,2025-04-05 20:36:43
TX002275,C1795,Germany,18.59,POS,13,2025-04-04 09:39:27
TX002276,C1580,China,288.88,POS,42,2025-04-14 02:09:51
TX002277,C1409,Spain,75.82,ATM,25,2025-04-12 15:15:14
TX002278,C1663,France,122.25,ATM,43,2025-04-15 08:38:09
TX002279,C1667,UAE,732.68,CARD,29,2025-04-10 05:00:36
TX002280,C1429,Germany,34.65,CARD,35,2025-04-07 02:56:10
TX002281,C1853,USA,36.13,POS,35,2025-04-28 11:19:40
TX002282,C1858,UK,362.87,CARD,27,2025-04-11 08:09:27
TX002283,C1294,Canada,154.52,CARD,37,2025-04-03 19:09:22
TX002284,C1759,Spain,175.38,ATM,56,2025-04-08 01:56:57
TX002285,C2302,USA,175.59,CARD,39,2025-04-22 18:52:14
TX002286,C1281,France,684.31,TRANSFER,61,2025-04-09 20:53:30
TX002287,C1891,China,21.61,POS,34,2025-04-10 18:36:28
TX002288,C1278,China,1141.62,ONLINE,52,2025-04-02 02:45:51
TX002289,C2414,UK,142.76,ONLINE,23,2025-04-28 05:06:38
TX002290,C1801,UAE,3858.13,TRANSFER,46,2025-04-13 01:39:59
TX002291,C2262,China,136.95,POS,6,2025-04-10 22:33:13
TX002292,C1139,Canada,1530.81,TRANSFER,75,2025-04-26 01:49:39
TX002293,C2391,Germany,231.99,ONLINE,51,2025-04-16 00:30:32
TX002294,C2085,UK,790.77,ONLINE,63,2025-04-03 20:25:18
TX002295,C1966,Morocco,5109.37,TRANSFER,34,2025-04-07 19:29:00
TX002296,C2164,Germany,185.18,ATM,9,2025-04-01 16:08:10
TX002297,C1136,Canada,80.39,POS,39,2025-04-22 03:32:14
TX002298,C1844,UK,1633.61,TRANSFER,99,2025-04-07 07:33:33
TX002299,C1022,Spain,57.37,ATM,15,2025-04-25 13:36:47
TX002300,C1277,China,1780.32,TRANSFER,49,2025-04-24 02:36:46
TX002301,C1297,UAE,146.90,POS,22,2025-04-13 05:30:37
TX002302,C1340,Morocco,1360.43,ONLINE,48,2025-04-10 02:34:15
TX002303,C2330,USA,2826.93,TRANSFER,57,2025-04-30 12:40:57
TX002304,C1984,Germany,3924.58,TRANSFER,79,2025-04-02 20:06:06
TX002305,C1109,Morocco,217.54,ATM,34,2025-04-14 09:54:22
TX002306,C1149,China,282.83,ATM,9,2025-04-09 20:24:28
TX002307,C1532,Turkey,117.90,ATM,51,2025-04-27 15:25:14
TX002308,C1445,Morocco,100.53,POS,1,2025-04-22 14:30:59
TX002309,C2186,Canada,51.88,POS,43,2025-04-10 08:01:51
TX002310,C1745,Turkey,1480.54,TRANSFER,61,2025-04-04 19:50:29
TX002311,C1412,China,82.06,ONLINE,54,2025-04-11 02:13:18
TX002312,C2396,UK,78.59,CARD,20,2025-04-28 15:53:54
TX002313,C2196,Germany,154.92,ATM,25,2025-04-01 09:25:31
TX002314,C1856,France,95.48,ATM,55,2025-04-02 22:12:57
TX002315,C1321,UK,516.53,CARD,31,2025-04-21 15:05:40
TX002316,C1301,USA,110.50,ATM,52,2025-04-30 13:50:39
TX002317,C1691,France,156.19,ATM,1,2025-04-11 18:40:52
TX002318,C1531,China,40.36,CARD,40,2025-04-25 21:21:10
TX002319,C2476,Canada,342.72,CARD,20,2025-04-23 20:21:55
TX002320,C1357,Germany,119.10,ONLINE,29,2025-04-13 11:46:53
TX002321,C1231,Germany,191.53,CARD,25,2025-04-20 15:00:03
TX002322,C2046,UAE,188.58,ATM,8,2025-04-23 06:19:38
TX002323,C2099,UK,74.18,ATM,35,2025-04-11 12:52:23
TX002324,C2034,Turkey,155.14,ONLINE,42,2025-04-26 18:28:35
TX002325,C1018,UAE,385.86,ATM,43,2025-04-27 01:32:37
TX002326,C2459,China,284.64,CARD,8,2025-04-07 21:35:48
TX002327,C1043,Germany,411.31,CARD,31,2025-04-14 16:03:29
TX002328,C1699,Canada,1351.49,ONLINE,53,2025-04-25 16:14:22
TX002329,C2103,USA,114.55,ATM,21,2025-04-15 07:44:27
TX002330,C1303,USA,101.38,CARD,29,2025-04-06 19:51:13
TX002331,C1846,Morocco,2246.45,TRANSFER,64,2025-04-17 20:01:22
TX002332,C1104,Germany,627.67,ONLINE,50,2025-04-10 18:27:54
TX002333,C1371,UK,5234.86,TRANSFER,76,2025-04-10 18:26:37
TX002334,C1092,China,39.32,POS,13,2025-04-25 11:53:09
TX002335,C2496,UK,150.41,POS,8,2025-04-06 03:55:12
TX002336,C1544,Germany,110.37,POS,43,2025-04-10 00:47:19
TX002337,C1764,UAE,368.15,POS,7,2025-04-03 17:56:06
TX002338,C1012,China,131.75,ATM,31,2025-04-26 21:11:29
TX002339,C1081,USA,115.24,CARD,51,2025-04-26 01:18:30
TX002340,C1073,Turkey,40.55,ONLINE,58,2025-04-09 02:40:54
TX002341,C2191,Canada,106.20,POS,51,2025-04-17 17:30:34
TX002342,C2118,Germany,171.83,POS,1,2025-04-05 11:19:12
TX002343,C1928,China,171.59,ATM,49,2025-04-17 20:56:36
TX002344,C2481,China,618.29,TRANSFER,76,2025-04-29 05:05:20
TX002345,C1440,Turkey,668.24,CARD,18,2025-04-26 23:04:31
TX002346,C2045,France,318.73,TRANSFER,19,2025-04-04 22:18:28
TX002347,C1065,Morocco,372.19,ONLINE,41,2025-04-04 16:31:51
TX002348,C1494,Canada,43.35,CARD,26,2025-04-27 07:03:44
TX002349,C1338,Germany,58.73,POS,16,2025-04-28 18:39:48
TX002350,C2135,Morocco,79.41,POS,1,2025-04-18 17:55:06
TX002351,C1882,China,32.34,POS,1,2025-04-13 09:16:03
TX002352,C2427,Morocco,351.32,CARD,43,2025-04-23 02:17:55
TX002353,C2457,Morocco,101.65,CARD,1,2025-04-08 13:40:46
TX002354,C1181,China,752.84,CARD,41,2025-04-04 02:32:53
TX002355,C1772,Germany,43.66,POS,16,2025-04-28 13:49:13
TX002356,C2374,UAE,67.21,POS,21,2025-04-06 07:59:22
TX002357,C1634,USA,274.24,TRANSFER,73,2025-04-19 04:05:33
TX002358,C1493,Morocco,436.23,CARD,28,2025-04-28 13:25:27
TX002359,C1839,China,1984.06,TRANSFER,77,2025-04-27 20:50:46
TX002360,C1536,UK,5687.20,TRANSFER,42,2025-04-12 20:14:50
TX002361,C2191,France,399.55,TRANSFER,75,2025-04-22 18:33:48
TX002362,C1645,Turkey,222.94,POS,52,2025-04-24 05:19:31
TX002363,C1284,USA,155.24,ATM,16,2025-04-11 09:08:29
TX002364,C1691,China,107.32,ATM,21,2025-04-13 14:13:46
TX002365,C2492,UAE,174.20,POS,64,2025-04-18 04:45:40
TX002366,C1439,Germany,150.94,POS,25,2025-04-05 04:15:24
TX002367,C1226,Germany,481.44,ATM,62,2025-04-17 01:18:49
TX002368,C1278,Canada,102.52,ATM,23,2025-04-19 12:50:17
TX002369,C1437,Spain,7119.22,TRANSFER,67,2025-04-08 11:11:24
TX002370,C2024,China,989.58,CARD,22,2025-04-20 17:12:32
TX002371,C2399,China,89.12,CARD,57,2025-04-07 05:11:39
TX002372,C1202,Turkey,104.33,ATM,15,2025-04-01 12:53:27
TX002373,C2100,UK,259.64,ATM,32,2025-04-16 05:52:33
TX002374,C1276,UK,100.02,POS,32,2025-04-25 12:20:38
TX002375,C2263,USA,115.88,ONLINE,69,2025-04-19 06:17:43
TX002376,C1213,Morocco,106.95,POS,17,2025-04-16 11:24:08
TX002377,C2411,UK,73.86,POS,33,2025-04-04 20:49:20
TX002378,C2474,USA,68.52,POS,15,2025-04-03 20:12:25
TX002379,C2425,Germany,200.08,CARD,32,2025-04-07 05:01:11
TX002380,C1928,UAE,26695.12,TRANSFER,53,2025-04-11 16:16:01
TX002381,C1040,Germany,310.29,CARD,45,2025-04-11 18:37:48
TX002382,C1549,France,6772.71,TRANSFER,24,2025-04-07 17:14:01
TX002383,C2219,Germany,119.07,ATM,27,2025-04-03 08:10:40
TX002384,C1734,Turkey,209.99,ATM,30,2025-04-13 04:34:57
TX002385,C1965,Turkey,84.00,ATM,48,2025-04-05 10:31:16
TX002386,C1364,France,39.05,POS,29,2025-04-05 06:26:45
TX002387,C1416,China,69.39,POS,40,2025-04-12 09:14:24
TX002388,C1404,France,108.30,CARD,22,2025-04-23 16:02:53
TX002389,C1719,France,410.66,TRANSFER,93,2025-04-03 20:52:16
TX002390,C1408,Turkey,341.52,ONLINE,39,2025-04-27 02:38:25
TX002391,C1802,UK,179.04,ATM,36,2025-04-04 13:18:55
TX002392,C1459,UK,262.00,ATM,19,2025-04-02 18:57:00
TX002393,C1068,Germany,304.87,CARD,57,2025-04-08 02:08:46
TX002394,C1524,Spain,202.04,CARD,20,2025-04-25 20:09:33
TX002395,C2446,USA,591.25,ONLINE,35,2025-04-20 20:33:44
TX002396,C2434,Morocco,268.69,ATM,10,2025-04-20 10:50:24
TX002397,C1740,Turkey,1612.60,ONLINE,53,2025-04-19 11:46:46
TX002398,C2380,Germany,384.67,ONLINE,27,2025-04-26 13:34:51
TX002399,C1738,Canada,90.65,ATM,48,2025-04-12 19:03:34
TX002400,C1100,UAE,377.59,CARD,24,2025-04-18 18:28:58
TX002401,C1652,Germany,81.72,ATM,32,2025-04-30 04:49:19
TX002402,C1416,China,372.70,ATM,36,2025-04-27 17:42:35
TX002403,C2031,USA,128.34,ATM,19,2025-04-10 16:56:37
TX002404,C1819,China,349.33,CARD,12,2025-04-07 13:43:59
TX002405,C1434,Morocco,1150.48,ONLINE,34,2025-04-15 21:18:49
TX002406,C1878,Turkey,84.60,POS,57,2025-04-05 04:28:49
TX002407,C1178,Morocco,7466.76,TRANSFER,49,2025-04-15 07:08:36
TX002408,C2153,Morocco,140.47,POS,21,2025-04-27 07:16:20
TX002409,C1408,Spain,1761.92,TRANSFER,29,2025-04-20 06:14:48
TX002410,C1021,UAE,38.93,POS,43,2025-04-23 02:14:14
TX002411,C1944,France,231.04,TRANSFER,52,2025-04-22 18:49:43
TX002412,C1766,Spain,705.12,ONLINE,47,2025-04-29 04:18:35
TX002413,C1543,Morocco,79.31,ATM,1,2025-04-24 17:51:44
TX002414,C1588,France,624.95,ONLINE,44,2025-04-01 01:48:51
TX002415,C1452,Germany,244.35,ONLINE,34,2025-04-27 22:40:36
TX002416,C1658,China,1161.11,TRANSFER,48,2025-04-28 21:05:49
TX002417,C1762,Germany,77.52,ATM,8,2025-04-03 05:42:55
TX002418,C1175,China,68.03,ONLINE,31,2025-04-25 14:46:19
TX002419,C1640,France,53.43,POS,35,2025-04-06 19:59:30
TX002420,C1580,Germany,4524.58,TRANSFER,61,2025-04-26 11:14:12
TX002421,C1618,France,57.57,POS,1,2025-04-13 20:02:44
TX002422,C2114,France,89.40,CARD,6,2025-04-05 06:55:22
TX002423,C1062,Germany,3126.96,TRANSFER,30,2025-04-26 20:03:33
TX002424,C1920,Germany,212.87,CARD,33,2025-04-27 12:22:44
TX002425,C1525,Canada,131.34,POS,51,2025-04-06 04:35:52
TX002426,C1850,Spain,768.17,CARD,29,2025-04-20 18:47:30
TX002427,C1934,USA,9294.35,TRANSFER,72,2025-04-12 22:19:55
TX002428,C1968,UAE,1604.24,TRANSFER,94,2025-04-15 03:38:58
TX002429,C1176,Turkey,799.74,ONLINE,20,2025-04-13 17:46:45
TX002430,C1131,France,612.12,ONLINE,79,2025-04-23 01:25:12
TX002431,C2245,Germany,129.87,CARD,59,2025-04-02 03:39:23
TX002432,C1470,China,1394.54,TRANSFER,34,2025-04-22 18:27:24
TX002433,C2328,Morocco,1851.94,TRANSFER,48,2025-04-12 03:37:07
TX002434,C1066,UAE,780.48,TRANSFER,66,2025-04-20 01:09:59
TX002435,C2406,France,887.61,ONLINE,56,2025-04-10 11:36:39
TX002436,C1071,UAE,72.66,POS,37,2025-04-02 01:06:50
TX002437,C1999,Spain,77.75,POS,43,2025-04-23 07:31:24
TX002438,C1632,Canada,233.77,ONLINE,25,2025-04-08 07:54:53
TX002439,C2218,UAE,105.64,ATM,24,2025-04-15 17:36:19
TX002440,C1289,Morocco,80.10,POS,37,2025-04-10 22:49:59
TX002441,C1487,Germany,2646.34,TRANSFER,65,2025-04-09 03:40:39
TX002442,C1904,France,78.03,POS,14,2025-04-27 22:04:33
TX002443,C1198,UK,88.47,ATM,52,2025-04-19 22:09:18
TX002444,C1260,Spain,207.56,CARD,5,2025-04-06 07:01:47
TX002445,C1817,Turkey,7296.23,TRANSFER,84,2025-04-30 14:46:22
TX002446,C2159,China,72.33,ONLINE,34,2025-04-01 14:44:31
TX002447,C2020,UK,118.82,ATM,44,2025-04-13 13:00:38
TX002448,C1962,UAE,262.56,ONLINE,36,2025-04-10 09:15:56
TX002449,C2013,Germany,9159.62,TRANSFER,82,2025-04-18 01:19:27
TX002450,C1859,Morocco,45.62,CARD,35,2025-04-06 22:02:51
TX002451,C2354,Turkey,162.44,ATM,28,2025-04-15 18:42:51
TX002452,C2221,UK,199.30,ATM,8,2025-04-17 10:21:17
TX002453,C1860,UAE,44.37,CARD,32,2025-04-02 23:22:17
TX002454,C2265,Spain,16.02,POS,47,2025-04-22 02:04:36
TX002455,C2342,UAE,133.59,ATM,21,2025-04-18 11:56:35
TX002456,C1138,Spain,38.82,POS,41,2025-04-13 00:10:06
TX002457,C1823,Morocco,276.35,ATM,30,2025-04-27 10:27:54
TX002458,C1490,Turkey,31.61,POS,41,2025-04-23 12:52:53
TX002459,C1204,USA,1793.06,TRANSFER,76,2025-04-15 23:22:49
TX002460,C1911,Germany,241.00,POS,13,2025-04-30 02:48:30
TX002461,C2475,Turkey,814.22,TRANSFER,66,2025-04-19 03:50:58
TX002462,C2379,Germany,178.98,ONLINE,39,2025-04-13 07:54:43
TX002463,C1573,Germany,328.62,ONLINE,45,2025-04-26 05:13:41
TX002464,C1662,France,1041.26,TRANSFER,45,2025-04-23 23:16:55
TX002465,C1349,Turkey,2193.95,TRANSFER,61,2025-04-24 05:50:01
TX002466,C1148,USA,275.19,ATM,18,2025-04-19 12:12:47
TX002467,C1583,Germany,761.37,ONLINE,96,2025-04-12 07:45:46
TX002468,C1292,Canada,9542.95,TRANSFER,50,2025-04-28 04:17:29
TX002469,C2013,Morocco,449.13,CARD,42,2025-04-28 02:12:02
TX002470,C1591,France,181.81,ATM,25,2025-04-16 01:09:30
TX002471,C1524,Turkey,46.34,CARD,42,2025-04-29 12:53:48
TX002472,C2463,China,78.40,POS,39,2025-04-11 00:02:01
TX002473,C1986,Canada,102.27,CARD,1,2025-04-05 14:30:12
TX002474,C1401,UK,165.14,ATM,3,2025-04-07 02:35:11
TX002475,C2096,France,126.44,POS,30,2025-04-02 03:45:34
TX002476,C1033,China,119.17,POS,56,2025-04-22 11:57:43
TX002477,C1034,USA,236.73,ONLINE,38,2025-04-16 08:57:26
TX002478,C1734,Morocco,149.84,CARD,22,2025-04-18 06:18:44
TX002479,C1531,UAE,98.76,ATM,30,2025-04-06 02:58:00
TX002480,C1895,UK,635.75,TRANSFER,48,2025-04-07 15:27:37
TX002481,C1608,Germany,146.08,ATM,66,2025-04-04 05:51:59
TX002482,C1220,UAE,121.15,POS,38,2025-04-12 12:38:38
TX002483,C1565,China,163.44,ATM,30,2025-04-28 08:27:37
TX002484,C1166,Morocco,320.85,CARD,62,2025-04-20 07:24:16
TX002485,C1987,Spain,3529.19,TRANSFER,62,2025-04-21 10:32:18
TX002486,C2092,Spain,208.70,ATM,5,2025-04-11 23:45:11
TX002487,C1901,UAE,600.13,TRANSFER,29,2025-04-23 22:07:31
TX002488,C2267,USA,62.67,CARD,56,2025-04-17 05:00:38
TX002489,C1165,China,232.07,POS,8,2025-04-16 14:19:37
TX002490,C2226,France,48.07,POS,34,2025-04-15 05:13:00
TX002491,C2258,UAE,179.96,POS,12,2025-04-14 12:24:27
TX002492,C1296,Canada,261.81,CARD,50,2025-04-15 01:49:03
TX002493,C1839,UAE,137.40,CARD,5,2025-04-03 06:44:15
TX002494,C1988,UAE,18536.79,TRANSFER,52,2025-04-06 10:04:04
TX002495,C2493,France,136.57,ONLINE,48,2025-04-26 11:13:37
TX002496,C1824,Canada,40.54,POS,4,2025-04-04 06:55:48
TX002497,C1933,UK,611.32,ONLINE,47,2025-04-29 07:23:49
TX002498,C1843,Germany,329.28,TRANSFER,78,2025-04-20 03:42:53
TX002499,C2328,Germany,76.88,POS,29,2025-04-09 16:18:45
TX002500,C2089,France,1124.66,TRANSFER,73,2025-04-04 14:02:43
TX002501,C1267,Germany,393.24,ATM,26,2025-04-14 13:05:54
TX002502,C1276,USA,2957.27,TRANSFER,30,2025-04-01 09:13:59
TX002503,C1646,Canada,162.16,CARD,22,2025-04-03 02:23:02
TX002504,C1887,Morocco,439.71,CARD,53,2025-04-12 19:42:56
TX002505,C2164,China,501.49,POS,13,2025-04-29 20:04:54
TX002506,C2376,France,15.90,CARD,19,2025-04-18 19:34:58
TX002507,C1367,USA,1380.82,TRANSFER,48,2025-04-18 13:59:08
TX002508,C2412,UAE,617.06,TRANSFER,26,2025-04-19 19:44:05
TX002509,C2066,Morocco,388.72,ONLINE,13,2025-04-26 15:58:24
TX002510,C1882,Germany,18.69,POS,1,2025-04-24 23:54:24
TX002511,C1755,Morocco,385.38,TRANSFER,55,2025-04-29 14:16:38
TX002512,C1566,France,63.21,ONLINE,43,2025-04-07 15:54:04
TX002513,C1362,Spain,102.02,CARD,3,2025-04-01 20:02:29
TX002514,C1933,UK,492.23,CARD,35,2025-04-02 22:53:23
TX002515,C1222,Canada,299.14,ONLINE,37,2025-04-12 03:47:22
TX002516,C2270,Turkey,43.58,POS,62,2025-04-15 05:17:23
TX002517,C1969,Germany,110.41,POS,25,2025-04-24 20:18:16
TX002518,C1530,Canada,83.80,ATM,42,2025-04-25 11:40:17
TX002519,C1478,UAE,73.30,CARD,51,2025-04-29 19:50:44
TX002520,C2310,Germany,1050.98,TRANSFER,30,2025-04-17 16:47:30
TX002521,C1147,Morocco,9431.94,TRANSFER,62,2025-04-05 15:12:33
TX002522,C2445,Spain,56.18,CARD,29,2025-04-06 08:59:35
TX002523,C1427,Germany,7155.86,TRANSFER,44,2025-04-29 09:56:26
TX002524,C1702,China,200.78,ATM,15,2025-04-01 15:51:01
TX002525,C1744,China,256.25,ONLINE,57,2025-04-16 23:03:07
TX002526,C1472,France,240.10,CARD,26,2025-04-18 06:49:43
TX002527,C2422,Canada,192.59,POS,21,2025-04-25 15:19:39
TX002528,C2043,Canada,207.81,CARD,24,2025-04-05 04:38:26
TX002529,C1682,Spain,280.25,ATM,1,2025-04-18 03:15:29
TX002530,C1648,USA,506.74,TRANSFER,70,2025-04-12 11:29:47
TX002531,C2198,Morocco,62.54,CARD,17,2025-04-26 21:58:47
TX002532,C1663,UK,346.31,CARD,18,2025-04-21 15:26:30
TX002533,C1060,USA,135.54,CARD,28,2025-04-10 08:21:49
TX002534,C2028,UK,261.27,ONLINE,45,2025-04-12 12:58:08
TX002535,C2301,Morocco,118.41,POS,62,2025-04-03 03:34:51
TX002536,C2100,Turkey,106.62,ATM,37,2025-04-21 09:31:40
TX002537,C1721,China,134.52,ATM,42,2025-04-09 20:08:23
TX002538,C1826,UK,6169.67,TRANSFER,40,2025-04-26 08:17:43
TX002539,C1512,Morocco,125.62,ATM,52,2025-04-08 06:29:51
TX002540,C2081,Germany,3149.08,TRANSFER,22,2025-04-22 10:47:53
TX002541,C2168,China,170.63,ATM,11,2025-04-03 12:49:18
TX002542,C1852,France,142.65,CARD,32,2025-04-03 06:47:34
TX002543,C2296,Germany,216.09,ONLINE,3,2025-04-28 09:55:38
TX002544,C2432,Germany,13430.42,TRANSFER,23,2025-04-28 20:57:40
TX002545,C1671,Turkey,103.74,CARD,16,2025-04-09 18:08:16
TX002546,C1263,UK,105.10,CARD,33,2025-04-01 19:53:35
TX002547,C1101,Spain,186.19,CARD,1,2025-04-15 07:59:38
TX002548,C1718,China,49.42,POS,52,2025-04-09 02:29:02
TX002549,C2385,Canada,374.94,ONLINE,59,2025-04-12 19:08:16
TX002550,C1361,Turkey,225.45,POS,45,2025-04-28 23:58:17
TX002551,C1299,Germany,10.57,POS,1,2025-04-09 00:48:57
TX002552,C1353,Germany,34.18,POS,20,2025-04-08 14:56:14
TX002553,C1331,France,190.78,ATM,35,2025-04-16 00:57:05
TX002554,C1796,Turkey,324.48,CARD,4,2025-04-05 15:13:11
TX002555,C2114,Canada,79.60,CARD,18,2025-04-05 12:31:56
TX002556,C1146,UAE,160.04,CARD,47,2025-04-24 11:59:47
TX002557,C1537,Turkey,819.35,TRANSFER,54,2025-04-25 10:07:15
TX002558,C1089,France,153.80,ONLINE,62,2025-04-16 22:01:54
TX002559,C1857,Germany,315.87,POS,23,2025-04-26 13:16:57
TX002560,C1325,Turkey,378.03,CARD,36,2025-04-24 12:05:51
TX002561,C1249,USA,805.79,TRANSFER,75,2025-04-08 03:28:22
TX002562,C2433,UAE,210.63,ATM,38,2025-04-04 10:59:52
TX002563,C2394,UK,110.02,POS,28,2025-04-27 11:41:45
TX002564,C2091,Morocco,426.43,ATM,32,2025-04-01 19:53:01
TX002565,C2010,China,15.18,POS,20,2025-04-05 01:02:59
TX002566,C2491,Germany,204.79,POS,46,2025-04-20 03:06:12
TX002567,C2257,Spain,125.53,POS,39,2025-04-09 05:44:15
TX002568,C2288,Turkey,33400.95,TRANSFER,82,2025-04-16 10:36:37
TX002569,C1567,Germany,88.67,ATM,45,2025-04-12 16:27:32
TX002570,C2442,UK,179.80,ONLINE,17,2025-04-09 11:19:58
TX002571,C2118,Morocco,564.38,POS,1,2025-04-18 07:34:33
TX002572,C2415,Canada,427.41,CARD,37,2025-04-08 09:24:00
TX002573,C2303,Morocco,1337.53,TRANSFER,50,2025-04-10 23:23:37
TX002574,C1426,Morocco,101.58,ONLINE,50,2025-04-22 13:01:28
TX002575,C1679,USA,328.03,TRANSFER,68,2025-04-03 07:42:06
TX002576,C2292,Spain,264.99,ATM,77,2025-04-05 05:05:02
TX002577,C1768,UK,80.28,ONLINE,52,2025-04-14 04:46:07
TX002578,C2025,UAE,247.93,CARD,52,2025-04-22 05:24:40
TX002579,C2424,UAE,290.38,CARD,49,2025-04-09 14:08:18
TX002580,C1188,France,218.35,ATM,28,2025-04-13 19:49:29
TX002581,C1315,Spain,51.87,POS,1,2025-04-16 12:14:01
TX002582,C1845,Germany,79.80,POS,67,2025-04-19 03:40:13
TX002583,C1937,USA,194.38,ATM,45,2025-04-02 19:41:21
TX002584,C2335,Germany,152.54,POS,21,2025-04-05 11:27:42
TX002585,C1656,China,85.42,POS,16,2025-04-10 14:55:10
TX002586,C1137,UAE,120.28,ONLINE,60,2025-04-02 19:20:53
TX002587,C2233,China,56.44,ATM,21,2025-04-03 22:01:53
TX002588,C1951,Canada,88.44,ATM,27,2025-04-30 08:48:45
TX002589,C2123,Canada,192.60,CARD,49,2025-04-22 03:05:55
TX002590,C2366,UAE,45.04,ATM,48,2025-04-18 13:38:34
TX002591,C2312,France,324.57,ATM,3,2025-04-26 19:01:16
TX002592,C1674,UAE,117.95,ATM,46,2025-04-27 12:34:44
TX002593,C1062,China,325.15,CARD,37,2025-04-02 08:19:06
TX002594,C2380,Germany,446.79,CARD,51,2025-04-15 20:56:14
TX002595,C2111,UK,367.72,ONLINE,91,2025-04-19 09:06:41
TX002596,C1323,Germany,90.79,POS,52,2025-04-29 08:35:59
TX002597,C1164,Turkey,18632.98,TRANSFER,58,2025-04-01 22:22:40
TX002598,C1595,UAE,1546.80,TRANSFER,44,2025-04-27 15:03:50
TX002599,C1263,Spain,82.97,CARD,43,2025-04-12 12:56:58
TX002600,C1989,Canada,66.14,ONLINE,54,2025-04-25 15:02:39
TX002601,C1670,Morocco,63.63,ATM,34,2025-04-19 15:45:04
TX002602,C1544,France,199.49,POS,35,2025-04-05 12:35:20
TX002603,C1325,France,9440.58,TRANSFER,30,2025-04-21 21:25:51
TX002604,C2178,China,445.13,TRANSFER,52,2025-04-15 01:05:26
TX002605,C1566,Canada,1428.99,TRANSFER,65,2025-04-25 13:05:03
TX002606,C1257,Spain,241.70,POS,56,2025-04-18 04:01:32
TX002607,C1867,Turkey,145.90,ATM,38,2025-04-13 03:18:50
TX002608,C2168,Morocco,47.36,ATM,16,2025-04-14 22:29:39
TX002609,C1613,Morocco,140.74,ATM,16,2025-04-19 22:21:55
TX002610,C1478,Spain,127.26,ONLINE,30,2025-04-17 06:32:39
TX002611,C1304,China,1446.37,TRANSFER,84,2025-04-15 21:17:28
TX002612,C1961,UAE,150.35,ATM,31,2025-04-16 22:56:41
TX002613,C1145,Canada,105.64,POS,18,2025-04-04 04:18:25
TX002614,C2417,Morocco,332.79,ONLINE,82,2025-04-11 11:28:28
TX002615,C1853,Canada,398.55,POS,30,2025-04-09 12:15:24
TX002616,C2240,UK,42.64,POS,39,2025-04-12 05:05:32
TX002617,C2167,Canada,52.16,POS,17,2025-04-21 14:53:03
TX002618,C1061,China,65.32,POS,12,2025-04-26 09:31:17
TX002619,C1892,Turkey,47.59,POS,14,2025-04-16 12:23:57
TX002620,C1984,Spain,67.77,ATM,15,2025-04-22 11:53:55
TX002621,C2488,Spain,1092.96,TRANSFER,31,2025-04-07 15:11:42
TX002622,C1379,UAE,157.30,POS,1,2025-04-18 13:52:59
TX002623,C2034,Morocco,89.15,ATM,26,2025-04-23 09:32:40
TX002624,C2151,Spain,1777.21,CARD,38,2025-04-05 19:51:33
TX002625,C2346,Turkey,291.61,ATM,3,2025-04-23 19:00:26
TX002626,C2273,Morocco,54.18,POS,1,2025-04-15 08:12:50
TX002627,C1901,China,93.53,POS,1,2025-04-01 19:29:13
TX002628,C2438,Germany,480.96,ATM,43,2025-04-22 22:51:07
TX002629,C1309,Spain,79.35,POS,1,2025-04-22 23:54:18
TX002630,C1866,Germany,531.27,ONLINE,54,2025-04-17 19:58:06
TX002631,C1648,UK,34.55,CARD,38,2025-04-16 04:00:55
TX002632,C1549,UAE,55.05,CARD,53,2025-04-25 13:23:40
TX002633,C1858,China,299.02,ATM,23,2025-04-06 18:22:13
TX002634,C1786,UK,198.71,ATM,28,2025-04-29 09:49:57
TX002635,C2032,Spain,197.57,ONLINE,42,2025-04-14 21:22:08
TX002636,C1112,Canada,145.96,ONLINE,31,2025-04-10 08:13:09
TX002637,C2320,Canada,152.01,ATM,14,2025-04-09 17:32:43
TX002638,C1224,Germany,58.11,CARD,8,2025-04-07 10:14:49
TX002639,C1487,Germany,123.13,ATM,23,2025-04-01 01:46:40
TX002640,C2468,UK,99.48,POS,35,2025-04-19 03:11:46
TX002641,C1444,UK,91.48,ATM,19,2025-04-02 03:12:22
TX002642,C1817,UK,823.31,ATM,23,2025-04-21 10:29:01
TX002643,C1170,UK,132.44,POS,47,2025-04-08 13:47:39
TX002644,C1501,USA,141.08,ATM,8,2025-04-09 07:35:01
TX002645,C2188,UK,92.54,ATM,38,2025-04-15 00:26:18
TX002646,C1001,Spain,51.41,CARD,34,2025-04-28 08:55:52
TX002647,C1186,Spain,347.03,ATM,30,2025-04-24 20:09:38
TX002648,C1986,China,110.30,ONLINE,65,2025-04-03 03:26:57
TX002649,C2187,Canada,89.75,CARD,38,2025-04-06 22:14:46
TX002650,C1373,France,1179.13,ONLINE,65,2025-04-16 05:28:05
TX002651,C2155,France,89.49,ATM,55,2025-04-20 17:50:24
TX002652,C1937,Turkey,76.87,POS,1,2025-04-29 13:02:47
TX002653,C1862,France,47.97,POS,48,2025-04-12 13:42:48
TX002654,C2123,China,229.50,ATM,14,2025-04-30 10:21:01
TX002655,C1114,UK,632.64,TRANSFER,35,2025-04-18 08:11:51
TX002656,C1456,China,157.45,POS,1,2025-04-02 21:27:13
TX002657,C1110,Turkey,97.37,CARD,27,2025-04-15 20:57:47
TX002658,C1211,UAE,808.71,ATM,44,2025-04-13 11:38:44
TX002659,C1176,France,4607.68,ONLINE,76,2025-04-15 08:29:31
TX002660,C2186,Germany,169.56,POS,1,2025-04-29 15:11:46
TX002661,C2035,France,898.39,ATM,1,2025-04-06 17:56:39
TX002662,C2018,Turkey,7709.12,TRANSFER,70,2025-04-22 18:00:39
TX002663,C2273,Spain,136.63,ATM,22,2025-04-04 12:54:15
TX002664,C2315,Canada,204.02,ONLINE,40,2025-04-14 19:21:11
TX002665,C1810,Germany,5201.56,TRANSFER,70,2025-04-17 23:47:26
TX002666,C1131,UAE,123.21,ATM,41,2025-04-12 07:05:48
TX002667,C1998,UAE,346.82,ONLINE,66,2025-04-04 17:54:47
TX002668,C1448,China,644.19,CARD,59,2025-04-25 01:53:59
TX002669,C2103,France,116.11,CARD,1,2025-04-04 14:17:13
TX002670,C1034,Canada,116.54,CARD,4,2025-04-24 16:33:46
TX002671,C1564,Spain,6024.69,TRANSFER,61,2025-04-20 22:34:18
TX002672,C1997,UAE,1617.13,TRANSFER,53,2025-04-04 09:22:56
TX002673,C2234,Germany,53.17,ATM,12,2025-04-19 02:45:57
TX002674,C1526,Morocco,16.76,POS,12,2025-04-02 09:40:54
TX002675,C2065,China,52.70,POS,1,2025-04-14 09:05:48
TX002676,C1192,Canada,73.14,ONLINE,77,2025-04-24 03:07:52
TX002677,C1077,Spain,53.04,POS,37,2025-04-14 21:22:09
TX002678,C1564,Morocco,48.58,ATM,40,2025-04-27 23:31:06
TX002679,C1531,UK,131.46,ONLINE,32,2025-04-15 11:04:10
TX002680,C1384,Germany,177.10,ATM,30,2025-04-14 19:10:44
TX002681,C1159,UAE,201.49,ATM,26,2025-04-01 19:31:06
TX002682,C1111,UK,234.88,ONLINE,41,2025-04-06 17:56:54
TX002683,C1254,Morocco,200.62,POS,46,2025-04-21 03:52:27
TX002684,C1023,UK,40.10,POS,37,2025-04-08 10:11:17
TX002685,C1022,Spain,253.49,ONLINE,23,2025-04-19 18:16:44
TX002686,C1761,Turkey,933.46,TRANSFER,72,2025-04-22 15:14:23
TX002687,C1701,Spain,318.73,POS,27,2025-04-22 04:05:28
TX002688,C1143,Spain,100.45,POS,26,2025-04-24 14:23:25
TX002689,C1066,France,113.45,POS,46,2025-04-05 06:15:40
TX002690,C1680,Germany,66.00,ONLINE,67,2025-04-05 18:28:55
TX002691,C1075,China,97.33,POS,16,2025-04-20 01:27:26
TX002692,C1002,USA,18541.22,TRANSFER,53,2025-04-17 07:28:41
TX002693,C2319,China,48.22,ATM,30,2025-04-10 22:28:48
TX002694,C1593,UK,3403.46,TRANSFER,46,2025-04-19 08:10:07
TX002695,C1844,UK,273.85,ONLINE,38,2025-04-10 09:39:09
TX002696,C2208,China,253.64,CARD,45,2025-04-08 00:34:30
TX002697,C2126,China,143.93,CARD,27,2025-04-21 10:40:44
TX002698,C1510,France,264.00,POS,17,2025-04-22 19:15:22
TX002699,C2347,Morocco,151.20,POS,49,2025-04-10 04:02:33
TX002700,C2045,Morocco,408.24,CARD,41,2025-04-21 16:41:28
TX002701,C1703,Morocco,54.93,ATM,63,2025-04-19 19:49:54
TX002702,C1082,Germany,236.44,ATM,35,2025-04-01 18:42:01
TX002703,C1238,France,418.17,TRANSFER,37,2025-04-25 16:45:29
TX002704,C1349,China,169.95,POS,47,2025-04-28 01:18:45
TX002705,C1042,Turkey,131.89,CARD,2,2025-04-22 18:29:13
TX002706,C1743,USA,53.88,POS,52,2025-04-04 00:02:51
TX002707,C2144,USA,77.29,CARD,35,2025-04-09 01:40:16
TX002708,C2128,Germany,1756.86,TRANSFER,61,2025-04-12 18:32:38
TX002709,C1568,USA,262.96,ONLINE,53,2025-04-21 16:03:00
TX002710,C2088,USA,84.77,ATM,20,2025-04-21 17:28:47
TX002711,C1676,Germany,74.21,ATM,54,2025-04-11 02:20:37
TX002712,C2045,UK,158.80,POS,16,2025-04-16 01:15:31
TX002713,C1946,Morocco,252.83,POS,26,2025-04-27 03:58:37
TX002714,C1005,UAE,565.21,ONLINE,47,2025-04-26 04:29:19
TX002715,C1345,Turkey,186.85,POS,12,2025-04-19 20:14:12
TX002716,C1048,China,144.09,CARD,32,2025-04-14 08:02:34
TX002717,C1512,Canada,151.26,ATM,27,2025-04-01 18:15:14
TX002718,C2067,UAE,188.60,ONLINE,65,2025-04-28 10:46:39
TX002719,C2237,USA,806.97,CARD,34,2025-04-23 16:17:37
TX002720,C1870,Germany,34.83,POS,41,2025-04-27 01:13:59
TX002721,C1152,France,3691.93,TRANSFER,81,2025-04-07 11:17:03
TX002722,C1178,UK,1703.42,TRANSFER,44,2025-04-03 06:52:29
TX002723,C2123,Germany,119.24,CARD,37,2025-04-29 23:47:49
TX002724,C1134,China,59.71,POS,33,2025-04-29 04:33:35
TX002725,C1822,Spain,245.53,ATM,26,2025-04-12 18:21:47
TX002726,C2373,China,106.79,ONLINE,76,2025-04-21 04:19:56
TX002727,C1087,Spain,567.63,TRANSFER,40,2025-04-04 01:17:02
TX002728,C1521,Morocco,454.85,ONLINE,58,2025-04-17 15:06:59
TX002729,C1741,Germany,223.05,ONLINE,37,2025-04-14 16:24:42
TX002730,C2129,France,156.68,ATM,7,2025-04-14 08:36:55
TX002731,C1248,Germany,146.36,ATM,43,2025-04-23 04:29:30
TX002732,C1326,UK,118.49,CARD,50,2025-04-08 17:53:53
TX002733,C2356,Morocco,27.93,POS,45,2025-04-20 12:00:28
TX002734,C1720,Turkey,106.38,POS,38,2025-04-24 10:04:18
TX002735,C2241,Canada,373.11,POS,55,2025-04-03 14:04:49
TX002736,C2110,Morocco,288.02,ATM,7,2025-04-20 14:09:55
TX002737,C2363,Spain,600.91,CARD,1,2025-04-01 11:13:21
TX002738,C1311,Morocco,67.98,POS,36,2025-04-28 02:28:14
TX002739,C2236,France,105.48,POS,36,2025-04-19 23:28:07
TX002740,C1159,China,95.22,POS,20,2025-04-12 13:32:06
TX002741,C1269,China,770.80,TRANSFER,68,2025-04-17 12:06:53
TX002742,C1982,China,158.89,ATM,28,2025-04-11 06:43:09
TX002743,C2151,Canada,2930.91,TRANSFER,46,2025-04-18 17:22:29
TX002744,C1222,Spain,66.22,ATM,1,2025-04-25 19:45:12
TX002745,C2085,Canada,100.45,ATM,29,2025-04-26 01:19:20
TX002746,C1032,UAE,280.54,CARD,12,2025-04-23 07:13:19
TX002747,C1247,China,230.94,ATM,50,2025-04-23 18:11:11
TX002748,C1019,UAE,49.52,POS,82,2025-04-26 00:03:29
TX002749,C2268,UAE,92.72,ATM,29,2025-04-13 12:06:13
TX002750,C1236,UAE,73.78,POS,7,2025-04-08 06:10:38
TX002751,C1428,Germany,397.94,POS,6,2025-04-20 19:57:40
TX002752,C1490,China,124.32,ATM,21,2025-04-11 12:49:02
TX002753,C1538,Spain,109.27,ATM,6,2025-04-23 11:13:20
TX002754,C1293,Morocco,43.12,ONLINE,45,2025-04-14 21:49:56
TX002755,C1407,Turkey,667.31,CARD,26,2025-04-22 18:31:33
TX002756,C1240,China,132.90,ATM,28,2025-04-06 20:51:28
TX002757,C1351,Morocco,6091.03,TRANSFER,79,2025-04-03 21:27:19
TX002758,C2291,Germany,63.47,POS,35,2025-04-06 02:03:45
TX002759,C1587,Germany,1968.02,TRANSFER,61,2025-04-16 15:34:49
TX002760,C2020,France,723.82,ONLINE,48,2025-04-25 09:20:51
TX002761,C1028,USA,423.12,ATM,62,2025-04-14 02:00:52
TX002762,C1145,UK,622.09,ONLINE,49,2025-04-29 07:17:40
TX002763,C2028,Morocco,105.07,ATM,27,2025-04-20 15:25:35
TX002764,C2176,France,58.38,ONLINE,65,2025-04-06 17:21:24
TX002765,C1275,China,1550.10,TRANSFER,49,2025-04-30 14:28:01
TX002766,C2313,UK,60.13,POS,33,2025-04-08 02:01:28
TX002767,C1387,Canada,82.89,POS,49,2025-04-28 08:00:34
TX002768,C1446,UAE,13692.97,TRANSFER,55,2025-04-29 17:20:18
TX002769,C2219,Morocco,494.35,TRANSFER,57,2025-04-21 23:07:56
TX002770,C1280,Germany,33.55,POS,1,2025-04-26 17:01:53
TX002771,C1582,China,112.51,CARD,8,2025-04-02 02:36:11
TX002772,C2453,Turkey,278.05,CARD,5,2025-04-20 15:22:37
TX002773,C1623,China,135.27,CARD,50,2025-04-05 07:44:52
TX002774,C1279,France,79.20,POS,54,2025-04-23 01:50:04
TX002775,C1338,Spain,133.20,ONLINE,25,2025-04-15 16:53:56
TX002776,C1806,USA,3719.63,TRANSFER,76,2025-04-13 07:39:23
TX002777,C1610,Morocco,159.28,ATM,78,2025-04-19 02:10:26
TX002778,C1367,Germany,360.30,ATM,1,2025-04-23 14:43:48
TX002779,C1599,Spain,337.43,ATM,41,2025-04-21 00:21:05
TX002780,C1494,UAE,196.24,POS,39,2025-04-11 11:23:20
TX002781,C2310,Germany,65.23,ATM,17,2025-04-26 08:22:19
TX002782,C2060,Morocco,650.20,TRANSFER,87,2025-04-16 17:48:43
TX002783,C2470,France,89.52,ATM,59,2025-04-22 15:57:07
TX002784,C1475,Morocco,44.04,ONLINE,41,2025-04-05 23:49:42
TX002785,C1845,Turkey,858.97,ONLINE,31,2025-04-16 02:30:50
TX002786,C2320,Morocco,154.21,ATM,62,2025-04-28 19:31:08
TX002787,C2122,Germany,70.24,ATM,65,2025-04-03 04:28:13
TX002788,C1073,Turkey,33.13,POS,1,2025-04-30 06:18:22
TX002789,C1793,China,4455.49,TRANSFER,38,2025-04-24 08:02:21
TX002790,C2206,Morocco,36.79,CARD,41,2025-04-08 17:47:45
TX002791,C1777,USA,139.10,ATM,1,2025-04-28 23:44:27
TX002792,C1151,Canada,3226.52,TRANSFER,81,2025-04-24 03:33:19
TX002793,C1298,China,214.81,POS,53,2025-04-03 04:45:59
TX002794,C2264,UK,121.00,ONLINE,29,2025-04-02 09:09:40
TX002795,C1872,UAE,95.89,POS,13,2025-04-20 06:05:19
TX002796,C1170,Spain,27.75,ONLINE,62,2025-04-18 11:44:14
TX002797,C2257,Spain,401.70,TRANSFER,28,2025-04-10 09:34:28
TX002798,C2099,UK,318.10,ONLINE,55,2025-04-16 09:30:07
TX002799,C2099,Spain,173.05,ATM,43,2025-04-17 01:37:08
TX002800,C2059,Morocco,115.20,CARD,54,2025-04-01 02:15:47
TX002801,C1659,UAE,70.31,POS,46,2025-04-01 21:59:09
TX002802,C1623,China,326.54,ATM,1,2025-04-10 22:25:37
TX002803,C1733,Canada,161.01,ONLINE,28,2025-04-10 16:53:54
TX002804,C1079,China,206.14,CARD,28,2025-04-04 15:30:30
TX002805,C1611,Canada,276.01,POS,17,2025-04-13 06:14:03
TX002806,C1486,France,164.71,ATM,13,2025-04-02 02:59:28
TX002807,C2075,UAE,99.93,POS,29,2025-04-06 15:16:18
TX002808,C1949,France,398.67,ATM,22,2025-04-09 18:36:11
TX002809,C2081,China,97.87,CARD,54,2025-04-05 00:38:48
TX002810,C1525,UK,542.98,ONLINE,11,2025-04-28 10:21:54
TX002811,C1310,Spain,240.17,CARD,42,2025-04-27 17:19:55
TX002812,C1722,UK,145.80,ONLINE,53,2025-04-20 12:04:54
TX002813,C1497,Germany,272.58,ONLINE,31,2025-04-28 17:51:40
TX002814,C2477,Spain,779.10,TRANSFER,49,2025-04-27 20:04:00
TX002815,C1078,Turkey,169.35,POS,24,2025-04-08 12:05:07
TX002816,C2444,France,43.39,POS,14,2025-04-15 21:50:06
TX002817,C1035,France,830.06,TRANSFER,40,2025-04-14 10:11:24
TX002818,C2325,Morocco,2760.71,TRANSFER,65,2025-04-11 16:46:52
TX002819,C1817,USA,463.10,POS,5,2025-04-16 00:58:36
TX002820,C1219,Germany,7294.24,TRANSFER,32,2025-04-30 14:49:18
TX002821,C1595,UAE,910.51,ONLINE,64,2025-04-24 19:25:29
TX002822,C2126,Morocco,112.87,POS,32,2025-04-28 07:29:25
TX002823,C1555,UK,76.95,CARD,41,2025-04-25 17:14:43
TX002824,C1781,Germany,81.78,ATM,18,2025-04-30 10:40:30
TX002825,C2266,USA,10463.35,TRANSFER,80,2025-04-07 05:00:33
TX002826,C2258,Morocco,119.44,CARD,45,2025-04-21 10:21:42
TX002827,C1085,USA,279.97,ATM,16,2025-04-08 15:09:13
TX002828,C1124,UK,727.69,CARD,42,2025-04-18 12:29:03
TX002829,C1335,Morocco,1371.46,TRANSFER,70,2025-04-12 03:10:13
TX002830,C1734,Morocco,1247.25,ONLINE,29,2025-04-06 15:49:09
TX002831,C1780,Turkey,232.21,POS,62,2025-04-21 03:56:22
TX002832,C1696,Spain,1306.55,TRANSFER,44,2025-04-03 20:23:37
TX002833,C1819,Turkey,47.67,ONLINE,41,2025-04-16 01:28:55
TX002834,C2287,Turkey,124.13,POS,13,2025-04-07 15:48:50
TX002835,C1728,Spain,183.12,ONLINE,37,2025-04-27 17:16:21
TX002836,C2496,France,546.17,CARD,28,2025-04-13 21:18:32
TX002837,C1171,Canada,132.36,ATM,42,2025-04-26 16:27:03
TX002838,C2463,Germany,35.96,ONLINE,45,2025-04-27 09:42:06
TX002839,C1925,Spain,70.36,POS,25,2025-04-27 15:47:25
TX002840,C1774,Germany,162.31,POS,19,2025-04-13 17:42:55
TX002841,C2232,Spain,87.70,ATM,18,2025-04-17 00:54:36
TX002842,C1538,China,331.53,ATM,1,2025-04-14 09:19:21
TX002843,C1829,USA,204.63,CARD,32,2025-04-07 03:46:44
TX002844,C1212,Canada,4602.31,TRANSFER,34,2025-04-29 12:37:46
TX002845,C1868,Morocco,240.41,POS,57,2025-04-22 02:26:09
TX002846,C1456,France,143.28,POS,42,2025-04-30 04:11:58
TX002847,C1698,Germany,912.26,TRANSFER,74,2025-04-26 02:56:32
TX002848,C1622,UK,420.00,POS,45,2025-04-28 11:24:49
TX002849,C2233,Spain,339.37,ATM,1,2025-04-10 13:15:41
TX002850,C2114,Spain,112.83,ATM,15,2025-04-30 17:18:53
TX002851,C1638,Germany,99.23,POS,4,2025-04-06 08:05:31
TX002852,C1523,Spain,171.41,CARD,23,2025-04-16 20:37:16
TX002853,C1744,China,63.58,ONLINE,86,2025-04-14 17:15:40
TX002854,C1045,Germany,200.44,POS,26,2025-04-05 22:23:23
TX002855,C1364,UK,505.69,TRANSFER,23,2025-04-27 17:59:56
TX002856,C1159,France,30.85,POS,27,2025-04-19 09:54:30
TX002857,C1167,Spain,583.75,ONLINE,48,2025-04-02 13:35:22
TX002858,C1223,Turkey,58.00,ATM,31,2025-04-07 23:32:55
TX002859,C1466,China,712.02,ONLINE,25,2025-04-29 17:49:00
TX002860,C2409,Canada,155.82,ATM,57,2025-04-18 02:15:42
TX002861,C2317,Canada,140.41,CARD,16,2025-04-18 09:00:21
TX002862,C1474,Spain,122.07,ATM,21,2025-04-16 22:44:13
TX002863,C1070,Morocco,155.50,ATM,26,2025-04-26 18:37:46
TX002864,C1199,China,47.85,POS,1,2025-04-10 06:30:18
TX002865,C2157,China,188.64,POS,3,2025-04-22 10:33:45
TX002866,C1652,Germany,47.99,POS,4,2025-04-28 11:50:05
TX002867,C2009,Spain,67.43,CARD,38,2025-04-08 23:49:21
TX002868,C1063,France,315.94,ATM,15,2025-04-09 15:32:44
TX002869,C2010,China,264.24,CARD,65,2025-04-25 02:31:35
TX002870,C2045,Turkey,35.61,POS,44,2025-04-03 03:04:22
TX002871,C2108,Morocco,363.97,CARD,38,2025-04-09 19:40:09
TX002872,C1925,China,1412.08,TRANSFER,76,2025-04-30 22:07:48
TX002873,C1828,UAE,43.39,POS,45,2025-04-19 20:40:53
TX002874,C2472,Germany,87.56,ATM,39,2025-04-26 22:16:33
TX002875,C2307,UK,185.48,CARD,61,2025-04-28 08:07:13
TX002876,C1052,Germany,310.40,TRANSFER,77,2025-04-16 07:38:49
TX002877,C1630,Spain,75.41,POS,25,2025-04-08 21:23:17
TX002878,C2090,UK,320.44,ONLINE,21,2025-04-18 08:19:13
TX002879,C2088,UAE,108.32,ATM,18,2025-04-14 15:39:29
TX002880,C1843,France,34.46,CARD,39,2025-04-18 15:45:41
TX002881,C1746,Spain,251.11,POS,1,2025-04-07 16:33:23
TX002882,C2150,France,169.56,ATM,34,2025-04-22 20:59:43
TX002883,C1923,Morocco,310.31,TRANSFER,90,2025-04-01 16:03:36
TX002884,C1847,Morocco,179.95,ATM,60,2025-04-27 03:46:57
TX002885,C1804,Spain,93.24,ATM,29,2025-04-13 22:54:13
TX002886,C1972,USA,1227.80,TRANSFER,90,2025-04-04 21:47:06
TX002887,C1246,Morocco,202.58,ONLINE,1,2025-04-18 20:44:35
TX002888,C2363,USA,144.18,ATM,16,2025-04-23 23:21:04
TX002889,C1372,Germany,1174.72,TRANSFER,42,2025-04-02 20:47:25
TX002890,C2329,Turkey,1301.73,TRANSFER,67,2025-04-13 05:00:54
TX002891,C1994,France,89.26,POS,42,2025-04-09 15:11:58
TX002892,C1330,UK,179.63,ONLINE,41,2025-04-24 03:21:29
TX002893,C2014,France,62.77,ONLINE,51,2025-04-26 19:47:56
TX002894,C1401,Turkey,38.96,ATM,79,2025-04-09 02:27:00
TX002895,C1842,Canada,39.07,ONLINE,39,2025-04-18 19:10:59
TX002896,C2415,USA,102.80,ATM,32,2025-04-15 07:19:14
TX002897,C2432,China,434.51,TRANSFER,63,2025-04-21 13:36:43
TX002898,C2136,UK,214.09,POS,42,2025-04-18 22:17:07
TX002899,C2209,Spain,486.15,CARD,28,2025-04-17 17:55:19
TX002900,C1998,China,96.53,CARD,52,2025-04-21 22:59:42
TX002901,C2499,Spain,71.00,POS,29,2025-04-25 03:38:56
TX002902,C1292,UAE,193.08,POS,21,2025-04-19 14:56:11
TX002903,C1659,Spain,161.98,CARD,20,2025-04-25 14:16:20
TX002904,C2023,China,993.75,CARD,30,2025-04-06 23:14:03
TX002905,C1870,USA,430.04,CARD,57,2025-04-04 01:53:13
TX002906,C1447,Morocco,40.17,CARD,35,2025-04-02 09:56:22
TX002907,C2025,Canada,319.60,ONLINE,56,2025-04-28 02:21:49
TX002908,C1388,China,15.00,POS,46,2025-04-07 00:35:57
TX002909,C1941,France,696.78,ONLINE,66,2025-04-01 20:52:40
TX002910,C1471,Morocco,115.75,ATM,24,2025-04-02 12:30:15
TX002911,C2080,UAE,88.56,POS,20,2025-04-21 04:02:37
TX002912,C1324,Turkey,90.09,ATM,21,2025-04-07 14:30:43
TX002913,C1955,France,207.27,CARD,27,2025-04-09 13:59:17
TX002914,C2410,Canada,102.29,CARD,23,2025-04-12 05:41:07
TX002915,C1112,China,61.40,CARD,28,2025-04-12 07:16:50
TX002916,C1559,UK,253.05,CARD,23,2025-04-04 16:29:21
TX002917,C2429,UAE,210.47,ONLINE,65,2025-04-14 15:43:17
TX002918,C1328,UAE,100.50,ATM,28,2025-04-21 14:15:56
TX002919,C1114,France,44.79,CARD,49,2025-04-22 07:25:44
TX002920,C1611,Morocco,239.48,ONLINE,75,2025-04-22 13:02:37
TX002921,C2461,UK,204.39,ATM,60,2025-04-28 05:37:50
TX002922,C2431,China,245.19,ONLINE,59,2025-04-09 00:59:03
TX002923,C1639,Germany,3162.39,TRANSFER,74,2025-04-24 11:12:58
TX002924,C1551,Morocco,109.24,POS,17,2025-04-05 10:45:26
TX002925,C1163,Morocco,17.26,POS,23,2025-04-28 13:02:58
TX002926,C1850,USA,1681.18,TRANSFER,63,2025-04-02 09:38:59
TX002927,C1143,UAE,66.30,ONLINE,36,2025-04-27 23:56:21
TX002928,C1474,UAE,538.73,TRANSFER,84,2025-04-06 19:04:32
TX002929,C1158,France,76.32,POS,63,2025-04-16 20:33:11
TX002930,C1952,Morocco,1258.38,TRANSFER,29,2025-04-17 13:48:48
TX002931,C1934,China,309.85,ATM,59,2025-04-07 02:52:30
TX002932,C1330,China,43.61,CARD,56,2025-04-09 17:56:54
TX002933,C1112,UAE,200.63,POS,21,2025-04-22 13:00:48
TX002934,C1847,Spain,719.41,ONLINE,33,2025-04-07 10:19:12
TX002935,C2166,Canada,984.24,TRANSFER,51,2025-04-01 16:21:12
TX002936,C1161,USA,174.54,CARD,57,2025-04-10 07:14:05
TX002937,C1796,China,1123.47,ONLINE,52,2025-04-14 18:19:30
TX002938,C2441,Spain,743.71,ONLINE,29,2025-04-02 15:07:06
TX002939,C2297,China,287.25,ATM,39,2025-04-29 01:37:25
TX002940,C2416,China,133.68,POS,21,2025-04-06 15:53:47
TX002941,C1742,Morocco,81.40,ATM,48,2025-04-19 05:16:29
TX002942,C1881,France,40.91,POS,36,2025-04-02 00:37:14
TX002943,C1527,Morocco,675.41,CARD,33,2025-04-26 19:43:56
TX002944,C1234,Morocco,178.31,ATM,6,2025-04-25 15:25:11
TX002945,C1356,Turkey,1807.81,TRANSFER,94,2025-04-10 22:11:44
TX002946,C1452,UAE,334.91,CARD,57,2025-04-06 05:00:52
TX002947,C1255,UAE,85.48,ATM,1,2025-04-22 11:09:00
TX002948,C1425,USA,4441.36,TRANSFER,65,2025-04-29 07:55:07
TX002949,C1752,Turkey,134.41,POS,39,2025-04-22 01:12:42
TX002950,C1279,Spain,60000.00,TRANSFER,81,2025-04-17 03:05:26
TX002951,C1517,Turkey,52.12,POS,45,2025-04-14 20:46:24
TX002952,C1622,Germany,205.19,CARD,25,2025-04-13 00:57:45
TX002953,C1099,Turkey,226.63,CARD,78,2025-04-07 03:28:29
TX002954,C2231,Spain,239.73,ATM,1,2025-04-23 07:36:34
TX002955,C2479,China,201.07,ONLINE,87,2025-04-17 02:56:47
TX002956,C2267,Turkey,52.09,ATM,20,2025-04-10 22:50:56
TX002957,C1248,Germany,73.48,ATM,33,2025-04-19 03:35:03
TX002958,C1986,USA,704.46,ONLINE,52,2025-04-30 23:02:16
TX002959,C2317,Canada,777.18,TRANSFER,64,2025-04-11 20:33:38
TX002960,C1398,Turkey,2491.95,TRANSFER,63,2025-04-23 05:31:29
TX002961,C1575,Turkey,1803.37,ONLINE,53,2025-04-03 00:00:05
TX002962,C2419,UAE,178.84,POS,1,2025-04-27 07:25:39
TX002963,C1038,UAE,48.06,POS,1,2025-04-13 05:44:19
TX002964,C2307,France,100.90,CARD,18,2025-04-21 22:50:44
TX002965,C1378,China,204.48,ONLINE,57,2025-04-28 00:35:14
TX002966,C1307,France,27.33,POS,16,2025-04-28 19:35:59
TX002967,C1775,Germany,313.05,ONLINE,53,2025-04-10 18:31:38
TX002968,C2190,China,122.22,POS,15,2025-04-19 17:07:35
TX002969,C1573,Canada,182.52,ONLINE,55,2025-04-17 00:33:26
TX002970,C1243,Turkey,674.26,CARD,1,2025-04-28 10:07:44
TX002971,C2033,China,112.16,CARD,30,2025-04-29 09:53:23
TX002972,C1190,Germany,236.56,ONLINE,60,2025-04-13 02:01:58
TX002973,C1884,USA,72.07,POS,33,2025-04-18 13:13:29
TX002974,C1755,USA,50.56,ATM,34,2025-04-16 21:50:33
TX002975,C1014,UAE,129.67,ATM,41,2025-04-24 22:28:07
TX002976,C1757,France,260.17,TRANSFER,74,2025-04-20 08:38:45
TX002977,C1912,Canada,93.62,CARD,6,2025-04-28 14:36:48
TX002978,C1874,Canada,90.71,POS,47,2025-04-10 16:36:06
TX002979,C2436,China,2065.49,TRANSFER,19,2025-04-02 11:09:13
TX002980,C1268,China,159.60,ATM,5,2025-04-17 00:51:27
TX002981,C1049,China,860.01,TRANSFER,81,2025-04-11 16:03:23
TX002982,C1782,UK,85.70,ONLINE,31,2025-04-22 20:36:46
TX002983,C1498,Spain,5390.34,TRANSFER,76,2025-04-27 15:25:42
TX002984,C2168,UAE,181.07,CARD,23,2025-04-24 17:40:59
TX002985,C2304,Turkey,58.15,POS,45,2025-04-07 12:56:50
TX002986,C1907,Germany,14372.23,TRANSFER,41,2025-04-16 22:00:31
TX002987,C1883,Germany,55.27,POS,41,2025-04-22 03:23:13
TX002988,C1267,UAE,12.28,POS,4,2025-04-12 21:31:55
TX002989,C2268,France,130.18,ATM,35,2025-04-11 09:05:21
TX002990,C1970,Spain,62.65,ONLINE,46,2025-04-28 09:09:19
TX002991,C1771,Spain,83.50,ATM,22,2025-04-28 01:58:54
TX002992,C1269,UK,4428.04,TRANSFER,35,2025-04-23 20:15:48
TX002993,C1946,Spain,105.51,CARD,40,2025-04-23 14:17:02
TX002994,C2471,UK,113.77,CARD,29,2025-04-22 18:34:53
TX002995,C1889,France,241.07,CARD,33,2025-04-21 15:33:09
TX002996,C1243,Canada,169.27,ONLINE,47,2025-04-15 06:55:51
TX002997,C1235,China,102.29,ATM,28,2025-04-15 17:22:34
TX002998,C1877,France,221.40,ATM,14,2025-04-05 03:41:29
TX002999,C1473,China,9896.48,TRANSFER,66,2025-04-03 10:49:56
TX003000,C2461,France,96.81,ONLINE,49,2025-04-17 10:39:19
TX003001,C1390,UAE,130.86,ATM,2,2025-04-24 10:13:55
TX003002,C1689,China,208.35,ONLINE,63,2025-04-07 02:04:21
TX003003,C1427,Canada,205.24,ATM,66,2025-04-11 00:21:45
TX003004,C2361,China,456.38,CARD,41,2025-04-17 03:03:58
TX003005,C2155,Canada,868.88,CARD,12,2025-04-30 05:21:00
TX003006,C2256,China,292.41,POS,1,2025-04-06 23:25:45
TX003007,C1714,UK,964.42,TRANSFER,11,2025-04-18 10:14:41
TX003008,C1096,China,1995.85,TRANSFER,25,2025-04-29 10:55:35
TX003009,C2397,Canada,503.21,CARD,65,2025-04-13 06:24:24
TX003010,C1927,China,1261.07,ONLINE,69,2025-04-24 02:32:50
TX003011,C1910,China,871.87,ONLINE,67,2025-04-04 22:41:15
TX003012,C2249,Spain,268.40,ATM,8,2025-04-28 19:59:19
TX003013,C2421,Canada,39.52,ATM,57,2025-04-22 19:40:24
TX003014,C2027,Germany,4838.28,TRANSFER,45,2025-04-13 10:27:21
TX003015,C2024,China,174.00,POS,1,2025-04-05 18:07:02
TX003016,C1082,Spain,2591.21,TRANSFER,46,2025-04-22 20:28:18
TX003017,C1022,Turkey,447.62,POS,5,2025-04-11 08:16:56
TX003018,C2208,Turkey,292.23,ATM,16,2025-04-16 06:15:34
TX003019,C1132,Spain,358.28,ONLINE,51,2025-04-02 08:56:27
TX003020,C1331,UAE,123.66,POS,15,2025-04-14 05:19:15
TX003021,C1520,UK,516.99,ONLINE,9,2025-04-20 01:31:31
TX003022,C1934,Spain,2271.69,TRANSFER,68,2025-04-08 05:34:34
TX003023,C2450,Canada,69.71,CARD,29,2025-04-14 09:43:30
TX003024,C2172,France,138.10,ATM,28,2025-04-04 14:14:23
TX003025,C2230,Morocco,2032.09,TRANSFER,46,2025-04-27 18:55:23
TX003026,C2130,Germany,221.31,CARD,29,2025-04-01 06:32:52
TX003027,C1580,UAE,16.77,POS,31,2025-04-21 13:57:26
TX003028,C2339,UAE,88.40,ATM,36,2025-04-07 21:07:13
TX003029,C1446,France,206.15,POS,30,2025-04-01 19:20:36
TX003030,C1096,Canada,234.34,POS,57,2025-04-17 02:15:25
TX003031,C1388,Turkey,552.44,CARD,28,2025-04-24 14:37:22
TX003032,C1437,China,82.38,ATM,32,2025-04-08 08:12:21
TX003033,C1957,UK,672.94,TRANSFER,44,2025-04-25 23:21:32
TX003034,C1005,Turkey,55.09,POS,56,2025-04-12 00:49:53
TX003035,C1236,Spain,644.99,ONLINE,25,2025-04-03 07:56:55
TX003036,C1282,USA,6646.56,TRANSFER,66,2025-04-19 01:42:47
TX003037,C1660,Morocco,262.67,POS,11,2025-04-14 02:49:10
TX003038,C1255,Spain,27.28,POS,1,2025-04-06 05:00:41
TX003039,C1475,Morocco,10.77,POS,9,2025-04-25 11:46:58
TX003040,C1007,Spain,653.55,CARD,32,2025-04-04 05:38:49
TX003041,C1872,Germany,1135.74,TRANSFER,65,2025-04-03 13:20:11
TX003042,C1983,China,114.93,ATM,16,2025-04-17 10:12:46
TX003043,C2378,Spain,211.71,ATM,48,2025-04-30 20:33:50
TX003044,C1126,UAE,1077.53,TRANSFER,67,2025-04-13 17:00:02
TX003045,C1262,Spain,171.88,POS,31,2025-04-26 00:10:24
TX003046,C1577,France,66.32,POS,1,2025-04-27 23:11:19
TX003047,C2023,Turkey,597.83,ONLINE,43,2025-04-08 19:51:31
TX003048,C1181,Spain,64.64,ATM,41,2025-04-29 17:54:21
TX003049,C2437,USA,166.32,ATM,52,2025-04-23 22:34:37
TX003050,C2081,China,143.95,POS,43,2025-04-08 14:39:14
TX003051,C1327,UK,67.74,ATM,27,2025-04-16 06:00:21
TX003052,C1866,France,450.50,CARD,62,2025-04-07 01:54:03
TX003053,C1902,UAE,120.60,ATM,35,2025-04-08 15:46:14
TX003054,C1422,China,115.61,ONLINE,24,2025-04-06 17:27:07
TX003055,C1447,UAE,28.62,CARD,35,2025-04-01 09:40:57
TX003056,C1687,Morocco,102.15,CARD,25,2025-04-05 14:54:00
TX003057,C2325,UAE,361.54,ATM,32,2025-04-03 17:03:59
TX003058,C2177,Canada,1331.19,TRANSFER,56,2025-04-03 23:51:26
TX003059,C1592,Turkey,578.93,TRANSFER,63,2025-04-20 03:11:17
TX003060,C2464,UAE,165.02,ATM,19,2025-04-07 23:49:55
TX003061,C1107,Germany,147.58,ATM,45,2025-04-12 02:46:10
TX003062,C2467,UAE,360.80,ONLINE,22,2025-04-08 15:36:38
TX003063,C1301,France,95.90,ONLINE,44,2025-04-21 13:09:59
TX003064,C2178,France,296.36,ONLINE,56,2025-04-21 07:48:08
TX003065,C1318,UK,288.38,CARD,36,2025-04-22 19:25:34
TX003066,C1214,Germany,251.27,ONLINE,61,2025-04-28 05:36:16
TX003067,C1657,Morocco,110.47,ATM,19,2025-04-19 20:34:52
TX003068,C2451,UK,49.89,CARD,15,2025-04-10 10:46:04
TX003069,C2022,UAE,96.58,ONLINE,57,2025-04-17 09:14:02
TX003070,C2255,Turkey,302.77,ATM,44,2025-04-23 20:07:30
TX003071,C2433,Morocco,2713.43,TRANSFER,59,2025-04-27 16:17:44
TX003072,C2473,Spain,98.86,POS,1,2025-04-07 20:23:45
TX003073,C2389,China,2513.75,ONLINE,37,2025-04-15 07:29:00
TX003074,C2154,France,4886.34,TRANSFER,69,2025-04-19 13:10:20
TX003075,C2039,UAE,122.54,CARD,36,2025-04-11 20:22:27
TX003076,C1779,France,976.53,TRANSFER,43,2025-04-21 10:40:22
TX003077,C1053,Morocco,233.94,ATM,19,2025-04-14 07:23:28
TX003078,C1604,UK,132.56,CARD,15,2025-04-22 12:43:04
TX003079,C1072,France,202.18,CARD,1,2025-04-01 23:27:43
TX003080,C1693,Spain,66.39,CARD,29,2025-04-02 22:57:29
TX003081,C1018,UAE,453.90,CARD,9,2025-04-10 20:06:09
TX003082,C2005,UK,244.63,ATM,26,2025-04-12 23:01:44
TX003083,C2125,Morocco,2206.29,TRANSFER,69,2025-04-20 13:34:31
TX003084,C1219,France,678.90,CARD,1,2025-04-17 22:02:42
TX003085,C1421,USA,115.38,ATM,28,2025-04-04 17:40:07
TX003086,C1076,USA,214.27,CARD,15,2025-04-30 07:46:00
TX003087,C1816,Morocco,242.38,TRANSFER,81,2025-04-21 05:38:59
TX003088,C1649,UAE,97.40,ATM,13,2025-04-03 09:35:00
TX003089,C2356,Turkey,38.29,POS,37,2025-04-15 14:30:16
TX003090,C1652,France,1313.62,TRANSFER,46,2025-04-09 15:41:16
TX003091,C1356,Germany,199.90,CARD,34,2025-04-05 09:11:03
TX003092,C2373,France,213.57,ONLINE,17,2025-04-02 20:07:58
TX003093,C2256,USA,141.01,ATM,9,2025-04-28 22:37:03
TX003094,C2368,Turkey,713.39,ONLINE,17,2025-04-08 17:57:25
TX003095,C2436,France,125.30,POS,25,2025-04-28 07:52:23
TX003096,C2208,Germany,324.43,ONLINE,41,2025-04-25 08:51:40
TX003097,C1400,China,51.33,POS,26,2025-04-07 08:31:15
TX003098,C2351,Morocco,1455.43,TRANSFER,69,2025-04-18 06:45:36
TX003099,C1480,France,58.92,POS,8,2025-04-16 09:34:19
TX003100,C1420,Morocco,132.44,ONLINE,65,2025-04-05 22:22:44
TX003101,C2116,Germany,281.56,POS,13,2025-04-09 03:13:42
TX003102,C2365,China,11359.18,TRANSFER,75,2025-04-28 14:23:15
TX003103,C1840,Turkey,84.23,CARD,32,2025-04-21 10:34:56
TX003104,C2444,Germany,204.15,ONLINE,59,2025-04-17 16:49:07
TX003105,C1714,Turkey,917.38,CARD,21,2025-04-11 00:27:03
TX003106,C2456,Turkey,252.97,ATM,20,2025-04-18 01:29:20
TX003107,C1306,Germany,575.04,ONLINE,31,2025-04-14 16:15:35
TX003108,C1483,UAE,515.02,CARD,54,2025-04-03 04:39:42
TX003109,C1636,China,181.83,ATM,45,2025-04-16 23:47:28
TX003110,C1413,Germany,97.05,POS,38,2025-04-12 00:47:10
TX003111,C1940,Morocco,115.14,ATM,43,2025-04-12 08:32:13
TX003112,C2110,USA,101.82,ATM,31,2025-04-07 20:43:04
TX003113,C1653,Canada,223.80,CARD,32,2025-04-10 18:21:22
TX003114,C1896,Germany,86.67,ATM,36,2025-04-29 21:01:07
TX003115,C1278,France,195.39,CARD,45,2025-04-26 10:40:02
TX003116,C2023,Turkey,291.42,CARD,13,2025-04-28 11:37:12
TX003117,C1949,USA,698.64,CARD,87,2025-04-16 16:03:14
TX003118,C1732,Turkey,468.46,ONLINE,20,2025-04-22 18:47:54
TX003119,C1333,UK,51.19,CARD,1,2025-04-24 03:46:25
TX003120,C1902,USA,52.77,POS,18,2025-04-08 20:45:31
TX003121,C2024,UAE,4372.32,TRANSFER,96,2025-04-03 20:36:56
TX003122,C1564,Germany,35.17,POS,18,2025-04-11 08:23:19
TX003123,C1848,Morocco,1364.42,TRANSFER,49,2025-04-20 19:13:34
TX003124,C1738,UK,356.52,ATM,18,2025-04-26 07:52:17
TX003125,C1320,USA,450.64,CARD,46,2025-04-08 02:59:01
TX003126,C1701,Germany,90.88,ONLINE,74,2025-04-14 02:13:18
TX003127,C1002,Canada,279.81,CARD,63,2025-04-01 11:09:10
TX003128,C2450,Germany,57.90,CARD,45,2025-04-10 20:13:55
TX003129,C1143,UAE,68.25,POS,53,2025-04-22 13:06:15
TX003130,C1850,France,43.29,ATM,46,2025-04-08 12:04:53
TX003131,C1480,Germany,144.59,CARD,18,2025-04-21 23:08:41
TX003132,C2010,Morocco,80.06,ATM,11,2025-04-05 11:45:53
TX003133,C1334,Turkey,1188.25,CARD,2,2025-04-14 17:16:59
TX003134,C2440,Morocco,308.58,CARD,22,2025-04-10 15:18:56
TX003135,C1765,China,139.88,CARD,57,2025-04-11 14:34:19
TX003136,C1809,UK,1945.87,CARD,43,2025-04-02 01:24:25
TX003137,C1798,France,104.97,POS,1,2025-04-20 19:08:02
TX003138,C1507,UAE,701.24,ATM,30,2025-04-05 19:07:01
TX003139,C1599,Germany,73.82,CARD,7,2025-04-30 11:48:16
TX003140,C1235,Spain,43.85,ONLINE,61,2025-04-04 15:43:38
TX003141,C2006,Spain,139.32,CARD,47,2025-04-03 11:55:17
TX003142,C1967,UK,356.20,ATM,1,2025-04-24 14:01:20
TX003143,C2405,Spain,658.78,CARD,36,2025-04-02 16:37:52
TX003144,C2327,Germany,356.82,ONLINE,46,2025-04-10 17:05:25
TX003145,C1039,China,111.92,CARD,17,2025-04-20 20:02:47
TX003146,C2467,Canada,166.34,ONLINE,41,2025-04-25 12:56:45
TX003147,C1754,Turkey,205.84,ATM,10,2025-04-07 01:16:25
TX003148,C1746,Germany,225.18,ONLINE,67,2025-04-30 01:18:01
TX003149,C1871,Morocco,1903.00,TRANSFER,87,2025-04-22 23:02:37
TX003150,C2159,UK,169.51,ONLINE,24,2025-04-26 03:55:57
TX003151,C1197,China,112.67,ONLINE,26,2025-04-03 03:13:34
TX003152,C1473,China,165.37,CARD,49,2025-04-19 03:16:47
TX003153,C2271,France,119.22,POS,10,2025-04-16 00:18:55
TX003154,C1379,France,72.03,POS,48,2025-04-28 05:23:10
TX003155,C2374,Canada,54.50,ATM,21,2025-04-09 20:15:00
TX003156,C1792,Spain,277.30,CARD,27,2025-04-28 22:59:20
TX003157,C1620,UAE,212.25,POS,8,2025-04-02 07:37:47
TX003158,C1158,UK,70.22,POS,18,2025-04-11 08:15:11
TX003159,C1350,UK,281.26,CARD,35,2025-04-29 19:13:06
TX003160,C1040,France,82.77,POS,11,2025-04-19 21:46:56
TX003161,C1148,Morocco,46.64,ONLINE,44,2025-04-02 06:37:13
TX003162,C2419,Morocco,436.67,ONLINE,37,2025-04-07 07:41:06
TX003163,C2259,UK,616.58,ONLINE,33,2025-04-11 06:54:11
TX003164,C2103,UAE,48.67,ONLINE,18,2025-04-26 08:04:15
TX003165,C2317,France,185.81,POS,38,2025-04-28 09:19:40
TX003166,C2075,China,2741.98,TRANSFER,61,2025-04-20 23:46:32
TX003167,C1657,UK,201.49,ONLINE,99,2025-04-17 01:39:09
TX003168,C1267,Canada,118.19,POS,43,2025-04-18 07:51:57
TX003169,C1098,France,83.74,ATM,18,2025-04-19 11:59:22
TX003170,C1298,Spain,551.77,TRANSFER,66,2025-04-05 01:36:30
TX003171,C2263,Turkey,35.97,ATM,35,2025-04-16 06:53:22
TX003172,C1064,Germany,137.20,POS,32,2025-04-17 08:46:53
TX003173,C2031,UAE,805.12,CARD,37,2025-04-11 00:48:00
TX003174,C1717,UAE,210.86,CARD,59,2025-04-28 14:48:47
TX003175,C1071,UAE,38.37,POS,31,2025-04-25 04:58:37
TX003176,C2253,Germany,29.24,ATM,49,2025-04-25 02:27:16
TX003177,C1735,Morocco,15.52,ONLINE,66,2025-04-21 04:03:03
TX003178,C1721,UAE,555.48,CARD,27,2025-04-05 10:30:31
TX003179,C1913,China,50.36,POS,21,2025-04-03 18:43:01
TX003180,C2181,UK,96.24,POS,20,2025-04-20 15:42:39
TX003181,C2221,Spain,37.54,POS,19,2025-04-30 03:45:47
TX003182,C1114,China,71.47,CARD,4,2025-04-28 16:23:34
TX003183,C2036,USA,38.03,POS,50,2025-04-10 20:23:48
TX003184,C1440,China,114.15,CARD,28,2025-04-10 14:20:47
TX003185,C2008,China,137.60,CARD,17,2025-04-01 09:03:51
TX003186,C1129,Canada,98.17,POS,8,2025-04-07 17:21:34
TX003187,C2351,UAE,110.06,ATM,24,2025-04-28 16:29:12
TX003188,C2003,USA,101.69,POS,28,2025-04-09 21:01:55
TX003189,C1301,UK,15.80,ONLINE,30,2025-04-05 22:08:35
TX003190,C2223,Germany,346.54,TRANSFER,65,2025-04-10 02:45:29
TX003191,C1192,UAE,152.61,CARD,1,2025-04-12 16:53:26
TX003192,C1717,UK,168.55,ATM,27,2025-04-24 18:10:26
TX003193,C1589,UAE,114.76,CARD,48,2025-04-24 09:41:42
TX003194,C1794,China,1370.68,ONLINE,10,2025-04-21 23:24:09
TX003195,C2113,Turkey,1436.96,TRANSFER,78,2025-04-15 00:11:42
TX003196,C2062,Canada,175.28,ATM,45,2025-04-29 18:59:54
TX003197,C1781,Canada,67.49,CARD,58,2025-04-29 04:06:45
TX003198,C1375,UAE,168.31,ATM,18,2025-04-15 09:04:00
TX003199,C2419,Spain,101.47,ATM,2,2025-04-23 08:44:12
TX003200,C2042,UAE,184.02,POS,30,2025-04-20 11:54:12
TX003201,C1823,Spain,246.79,ONLINE,48,2025-04-29 18:00:30
TX003202,C1197,Spain,181.00,CARD,33,2025-04-21 23:39:30
TX003203,C1253,Germany,158.42,POS,23,2025-04-16 14:51:57
TX003204,C2050,USA,291.14,CARD,7,2025-04-19 10:38:07
TX003205,C1792,France,1101.21,TRANSFER,88,2025-04-28 17:06:56
TX003206,C1984,Germany,420.78,CARD,43,2025-04-04 18:07:13
TX003207,C1484,France,1683.72,TRANSFER,88,2025-04-07 10:56:43
TX003208,C1116,Canada,596.44,CARD,83,2025-04-15 22:47:14
TX003209,C2031,UK,367.60,CARD,53,2025-04-25 04:35:00
TX003210,C1518,Turkey,112.52,CARD,9,2025-04-16 23:58:49
TX003211,C1605,Turkey,3146.60,TRANSFER,70,2025-04-23 17:48:12
TX003212,C1223,China,66.29,ATM,45,2025-04-09 05:30:24
TX003213,C2231,China,1495.89,TRANSFER,45,2025-04-18 14:36:34
TX003214,C1606,Spain,89.47,ATM,16,2025-04-19 21:17:48
TX003215,C2480,Turkey,1330.28,TRANSFER,69,2025-04-12 00:21:28
TX003216,C2279,Germany,7932.91,TRANSFER,40,2025-04-29 11:45:35
TX003217,C1352,France,1214.80,ONLINE,30,2025-04-03 08:26:24
TX003218,C1896,Morocco,21.84,POS,20,2025-04-15 17:14:32
TX003219,C2476,China,183.20,ATM,11,2025-04-22 23:40:48
TX003220,C1722,Turkey,398.86,ATM,43,2025-04-17 09:09:33
TX003221,C1652,UK,74.79,POS,5,2025-04-25 03:50:32
TX003222,C1932,Turkey,281.60,ATM,6,2025-04-19 22:36:21
TX003223,C1489,Canada,237.13,ONLINE,58,2025-04-26 00:36:23
TX003224,C1875,Germany,617.95,CARD,23,2025-04-10 07:11:49
TX003225,C1494,China,290.20,ONLINE,55,2025-04-28 04:27:34
TX003226,C1851,China,21320.78,TRANSFER,47,2025-04-04 21:03:56
TX003227,C2259,China,32.33,ATM,19,2025-04-22 06:26:26
TX003228,C2222,USA,2630.17,TRANSFER,67,2025-04-24 02:11:37
TX003229,C2357,Turkey,132.03,POS,10,2025-04-09 10:50:41
TX003230,C2095,France,111.71,CARD,47,2025-04-29 02:21:44
TX003231,C2299,Canada,134.45,CARD,12,2025-04-10 19:15:29
TX003232,C2148,China,331.86,CARD,47,2025-04-16 10:24:28
TX003233,C1630,Spain,274.45,CARD,6,2025-04-17 16:09:18
TX003234,C1088,France,4610.53,TRANSFER,57,2025-04-09 16:49:58
TX003235,C2310,UK,391.86,CARD,63,2025-04-13 06:23:29
TX003236,C1398,UAE,79.44,CARD,29,2025-04-06 07:43:47
TX003237,C2192,Germany,217.19,POS,29,2025-04-14 17:27:01
TX003238,C1103,USA,54.09,POS,14,2025-04-25 00:19:16
TX003239,C1276,USA,58.28,CARD,45,2025-04-26 23:43:39
TX003240,C2065,UAE,631.70,TRANSFER,62,2025-04-27 02:34:05
TX003241,C1552,Canada,939.35,CARD,2,2025-04-16 01:51:37
TX003242,C1125,Canada,653.26,ONLINE,83,2025-04-17 22:26:10
TX003243,C2465,China,4423.18,TRANSFER,37,2025-04-08 07:53:58
TX003244,C1782,UAE,1166.16,TRANSFER,55,2025-04-08 06:37:13
TX003245,C2233,UAE,130.41,ATM,24,2025-04-11 06:41:44
TX003246,C1671,Morocco,8768.63,TRANSFER,48,2025-04-17 15:30:20
TX003247,C1762,Germany,178.74,POS,39,2025-04-09 12:38:30
TX003248,C1173,France,1075.53,TRANSFER,79,2025-04-14 14:26:06
TX003249,C1052,Turkey,355.53,CARD,33,2025-04-14 12:34:01
TX003250,C1278,Canada,73.76,CARD,26,2025-04-26 01:21:02
TX003251,C2442,France,209.59,ONLINE,68,2025-04-11 16:03:57
TX003252,C2135,UK,132.62,ONLINE,99,2025-04-25 05:48:08
TX003253,C1285,Morocco,43.47,POS,31,2025-04-26 05:39:20
TX003254,C1750,USA,44.43,CARD,34,2025-04-19 14:16:13
TX003255,C1596,Spain,137.70,ATM,41,2025-04-27 19:49:36
TX003256,C1108,China,201.30,POS,39,2025-04-10 19:16:55
TX003257,C1461,China,43.54,CARD,1,2025-04-23 10:06:28
TX003258,C2397,Morocco,222.68,CARD,60,2025-04-08 03:03:39
TX003259,C2401,Spain,6566.92,TRANSFER,84,2025-04-09 00:47:42
TX003260,C1399,Turkey,913.94,TRANSFER,72,2025-04-16 22:52:39
TX003261,C1313,France,36.92,POS,52,2025-04-04 02:07:34
TX003262,C1841,UAE,1894.59,TRANSFER,37,2025-04-08 10:49:53
TX003263,C1494,UK,194.05,CARD,33,2025-04-20 21:22:40
TX003264,C2329,USA,2080.85,ONLINE,49,2025-04-19 06:39:36
TX003265,C1716,China,71.67,CARD,50,2025-04-13 22:18:42
TX003266,C2358,Canada,247.80,POS,6,2025-04-06 09:55:09
TX003267,C1793,UK,74.26,ATM,52,2025-04-05 23:30:34
TX003268,C1364,Spain,502.96,ONLINE,64,2025-04-03 06:13:32
TX003269,C2245,Canada,4285.83,TRANSFER,57,2025-04-20 13:28:27
TX003270,C2337,Morocco,133.33,ATM,6,2025-04-25 06:08:30
TX003271,C1219,Morocco,371.73,TRANSFER,55,2025-04-22 18:37:11
TX003272,C1389,Spain,96.99,CARD,18,2025-04-05 00:24:09
TX003273,C2472,UAE,120.65,ATM,33,2025-04-02 14:33:06
TX003274,C2457,Germany,2982.89,TRANSFER,36,2025-04-15 05:16:08
TX003275,C2023,UAE,249.02,ONLINE,45,2025-04-27 01:41:31
TX003276,C1422,UAE,88.23,ONLINE,67,2025-04-29 10:36:57
TX003277,C2092,China,177.25,ATM,35,2025-04-27 10:43:35
TX003278,C1562,UAE,286.59,ATM,21,2025-04-26 04:11:51
TX003279,C1533,USA,221.49,CARD,2,2025-04-12 14:22:10
TX003280,C2450,Canada,85.17,CARD,27,2025-04-07 02:52:56
TX003281,C1911,Canada,169.83,POS,64,2025-04-18 04:07:48
TX003282,C1492,Turkey,234.27,POS,21,2025-04-29 02:41:03
TX003283,C2420,UK,141.63,ATM,44,2025-04-09 02:12:16
TX003284,C2143,China,44.51,CARD,40,2025-04-19 01:22:34
TX003285,C1692,Spain,65.87,ONLINE,29,2025-04-07 21:07:45
TX003286,C1978,China,328.11,ONLINE,62,2025-04-26 10:43:23
TX003287,C1851,UAE,122.40,POS,1,2025-04-06 19:20:41
TX003288,C2209,Canada,219.46,ATM,18,2025-04-25 22:45:00
TX003289,C2472,Morocco,198.53,POS,27,2025-04-07 18:27:11
TX003290,C1014,Germany,157.15,ONLINE,64,2025-04-27 10:35:08
TX003291,C2131,Spain,39.11,ATM,1,2025-04-22 08:09:27
TX003292,C1436,Turkey,746.61,TRANSFER,70,2025-04-20 20:06:28
TX003293,C1391,Morocco,131.21,ATM,25,2025-04-04 23:55:25
TX003294,C1699,USA,45.33,CARD,28,2025-04-27 10:41:29
TX003295,C2199,China,121.20,ATM,10,2025-04-11 00:51:05
TX003296,C2047,Germany,146.36,POS,21,2025-04-26 04:57:01
TX003297,C1629,Morocco,262.72,CARD,48,2025-04-27 03:45:39
TX003298,C1877,Morocco,164.49,ATM,18,2025-04-30 05:24:27
TX003299,C1854,USA,7560.09,TRANSFER,73,2025-04-14 04:39:55
TX003300,C1686,UK,95.47,POS,14,2025-04-27 16:21:42
TX003301,C1701,Canada,27.69,CARD,49,2025-04-09 03:15:02
TX003302,C1780,Morocco,52.79,CARD,22,2025-04-30 19:12:58
TX003303,C2119,Germany,813.41,TRANSFER,68,2025-04-18 01:26:02
TX003304,C2063,Canada,130.81,CARD,35,2025-04-21 16:42:52
TX003305,C1860,France,117.67,POS,8,2025-04-20 22:06:21
TX003306,C1560,France,82.71,ATM,35,2025-04-05 23:05:48
TX003307,C2265,Germany,158.90,POS,12,2025-04-22 02:23:09
TX003308,C2211,UK,4477.98,TRANSFER,66,2025-04-08 18:16:55
TX003309,C1745,UK,26.28,POS,14,2025-04-22 00:11:41
TX003310,C2160,Germany,98.13,ATM,23,2025-04-03 16:23:34
TX003311,C2272,China,5138.07,TRANSFER,73,2025-04-28 06:15:09
TX003312,C1532,Canada,130.34,POS,1,2025-04-08 17:50:27
TX003313,C2147,UK,221.42,POS,35,2025-04-21 10:08:15
TX003314,C2275,UK,65.01,CARD,14,2025-04-27 23:17:13
TX003315,C2457,UK,725.29,ATM,56,2025-04-16 12:43:38
TX003316,C1652,China,74.48,POS,65,2025-04-18 22:46:12
TX003317,C2235,Canada,181.66,CARD,11,2025-04-27 15:40:45
TX003318,C1455,Morocco,176.90,ONLINE,43,2025-04-04 16:24:08
TX003319,C1843,UK,948.51,TRANSFER,39,2025-04-06 14:40:57
TX003320,C2241,USA,191.14,POS,15,2025-04-15 07:43:51
TX003321,C2446,Germany,63.27,POS,46,2025-04-07 05:11:15
TX003322,C1208,UAE,127.36,ATM,23,2025-04-19 18:36:13
TX003323,C1706,Morocco,124.79,POS,30,2025-04-13 11:38:30
TX003324,C1077,China,76.81,CARD,49,2025-04-23 05:22:03
TX003325,C1474,UK,62.87,POS,25,2025-04-14 23:35:59
TX003326,C1250,UAE,121.62,ATM,51,2025-04-03 10:40:53
TX003327,C2426,UAE,63.38,CARD,61,2025-04-15 01:31:16
TX003328,C1258,Germany,7240.02,TRANSFER,61,2025-04-05 13:51:42
TX003329,C1021,Germany,252.70,TRANSFER,43,2025-04-21 08:56:28
TX003330,C1122,China,2857.82,ONLINE,43,2025-04-26 19:47:58
TX003331,C1120,Turkey,316.56,CARD,61,2025-04-25 07:31:37
TX003332,C1648,UK,4443.03,TRANSFER,22,2025-04-08 15:01:40
TX003333,C1707,Spain,77.13,POS,8,2025-04-13 10:46:02
TX003334,C1442,USA,362.74,ATM,48,2025-04-24 10:38:43
TX003335,C1682,UK,210.08,ATM,24,2025-04-13 19:19:41
TX003336,C1293,France,177.48,CARD,41,2025-04-01 23:11:11
TX003337,C1238,UK,158.47,ONLINE,37,2025-04-26 17:12:01
TX003338,C2482,Canada,375.73,ATM,28,2025-04-24 21:46:01
TX003339,C2429,Turkey,116.09,ATM,31,2025-04-18 15:12:56
TX003340,C1669,UK,132.50,CARD,49,2025-04-13 01:32:07
TX003341,C1774,China,208.53,ATM,72,2025-04-07 06:32:54
TX003342,C1121,Spain,260.71,ATM,59,2025-04-11 20:09:56
TX003343,C2480,Turkey,67.83,POS,28,2025-04-08 04:26:50
TX003344,C1712,Canada,168.86,POS,1,2025-04-26 20:02:17
TX003345,C2419,Spain,17.87,POS,32,2025-04-19 21:03:37
TX003346,C1893,Turkey,1631.48,ONLINE,67,2025-04-25 19:07:18
TX003347,C1049,USA,75.21,ONLINE,48,2025-04-09 04:52:49
TX003348,C2280,UAE,117.38,ATM,31,2025-04-09 04:15:32
TX003349,C1314,UAE,82.01,CARD,39,2025-04-04 10:46:47
TX003350,C1042,France,146.56,ATM,24,2025-04-14 02:41:41
TX003351,C2133,Canada,124.88,POS,14,2025-04-27 10:24:05
TX003352,C1764,Canada,205.89,ONLINE,55,2025-04-25 14:21:26
TX003353,C1577,Spain,64.21,ATM,1,2025-04-09 23:15:36
TX003354,C2080,Canada,446.42,TRANSFER,43,2025-04-29 14:59:38
TX003355,C1648,USA,232.69,ONLINE,73,2025-04-29 03:08:52
TX003356,C1763,UAE,43.47,ONLINE,38,2025-04-27 16:36:40
TX003357,C1068,France,4210.79,TRANSFER,25,2025-04-13 15:58:59
TX003358,C1086,China,170.49,POS,37,2025-04-24 14:48:56
TX003359,C2084,UAE,892.28,TRANSFER,56,2025-04-30 23:19:24
TX003360,C1971,France,35.04,CARD,47,2025-04-20 18:08:57
TX003361,C2213,UAE,673.41,ONLINE,56,2025-04-15 00:55:47
TX003362,C2323,Germany,3880.60,TRANSFER,65,2025-04-20 21:06:43
TX003363,C2011,France,79.37,CARD,14,2025-04-26 23:51:32
TX003364,C1534,USA,193.38,ATM,48,2025-04-14 10:08:22
TX003365,C1024,UK,184.23,ATM,27,2025-04-06 05:32:31
TX003366,C1298,China,477.54,TRANSFER,79,2025-04-16 23:21:57
TX003367,C1944,China,754.73,TRANSFER,66,2025-04-09 21:05:52
TX003368,C1899,Spain,25.68,CARD,23,2025-04-18 16:30:17
TX003369,C1727,Germany,115.57,ONLINE,38,2025-04-04 05:27:52
TX003370,C1369,Spain,321.37,POS,30,2025-04-13 13:49:14
TX003371,C1154,UK,6778.54,TRANSFER,67,2025-04-09 12:07:56
TX003372,C2249,France,489.74,ONLINE,43,2025-04-24 07:16:55
TX003373,C2081,France,4499.30,TRANSFER,47,2025-04-14 12:38:09
TX003374,C1517,Morocco,214.12,CARD,28,2025-04-02 07:46:07
TX003375,C1676,China,97.82,POS,15,2025-04-02 05:07:07
TX003376,C1115,Turkey,110.67,POS,8,2025-04-18 11:02:30
TX003377,C1934,France,814.93,CARD,32,2025-04-06 23:16:51
TX003378,C2401,China,199.30,ONLINE,19,2025-04-02 21:09:04
TX003379,C2166,Morocco,36.28,ONLINE,82,2025-04-14 10:47:41
TX003380,C2476,China,13734.53,TRANSFER,46,2025-04-24 13:42:56
TX003381,C1540,Morocco,3693.39,TRANSFER,73,2025-04-28 15:19:14
TX003382,C1048,China,71.11,ONLINE,44,2025-04-17 00:45:59
TX003383,C1371,Spain,228.97,CARD,29,2025-04-21 05:37:05
TX003384,C1472,Turkey,163.22,CARD,26,2025-04-16 15:40:28
TX003385,C2341,Turkey,10537.71,TRANSFER,79,2025-04-19 04:22:30
TX003386,C1919,Spain,859.54,TRANSFER,75,2025-04-11 03:58:17
TX003387,C1904,China,118.07,ATM,27,2025-04-08 10:56:28
TX003388,C2453,Spain,68.47,ATM,8,2025-04-13 03:35:37
TX003389,C1304,Germany,91.82,ATM,9,2025-04-14 04:13:04
TX003390,C2227,UK,75.65,ATM,20,2025-04-10 14:54:32
TX003391,C1667,France,68.24,ATM,5,2025-04-13 20:47:12
TX003392,C1968,Canada,401.08,ATM,54,2025-04-07 18:12:04
TX003393,C1588,Morocco,246.88,ATM,32,2025-04-05 07:39:27
TX003394,C1192,Spain,1010.35,TRANSFER,50,2025-04-04 10:11:28
TX003395,C1654,UK,126.45,ATM,33,2025-04-01 04:44:28
TX003396,C1612,Germany,93.13,CARD,31,2025-04-13 04:44:48
TX003397,C1105,China,24.68,POS,6,2025-04-17 16:13:35
TX003398,C2419,Spain,18.25,CARD,73,2025-04-19 03:11:28
TX003399,C1331,China,122.12,POS,11,2025-04-01 18:04:56
TX003400,C1861,Turkey,62.94,CARD,42,2025-04-03 10:08:06
TX003401,C1552,UAE,147.16,POS,25,2025-04-25 18:19:59
TX003402,C1800,UK,79.29,ATM,30,2025-04-05 06:16:09
TX003403,C2403,France,194.99,CARD,25,2025-04-06 10:17:11
TX003404,C1242,China,705.70,ONLINE,53,2025-04-15 13:51:46
TX003405,C1560,Spain,151.47,ATM,69,2025-04-03 05:37:32
TX003406,C1212,USA,143.21,CARD,18,2025-04-13 06:56:31
TX003407,C1030,Morocco,80.17,ATM,1,2025-04-05 10:52:17
TX003408,C1291,Morocco,131.33,ATM,31,2025-04-13 23:46:08
TX003409,C1985,UK,5488.62,TRANSFER,43,2025-04-07 01:55:56
TX003410,C2318,UAE,275.78,ATM,66,2025-04-22 16:25:39
TX003411,C1456,UAE,5572.58,TRANSFER,82,2025-04-11 05:31:19
TX003412,C2421,Spain,100.45,POS,7,2025-04-09 14:13:29
TX003413,C1969,Canada,292.57,ATM,35,2025-04-27 18:11:59
TX003414,C1202,Canada,1268.67,ONLINE,22,2025-04-13 08:16:18
TX003415,C1561,Germany,168.61,POS,1,2025-04-17 20:00:12
TX003416,C2493,Turkey,35.18,CARD,32,2025-04-17 13:35:43
TX003417,C1531,Spain,148.98,ONLINE,57,2025-04-28 03:18:39
TX003418,C2300,Turkey,466.73,TRANSFER,66,2025-04-16 14:40:21
TX003419,C1222,UAE,29.06,ONLINE,39,2025-04-25 23:57:03
TX003420,C2310,Morocco,135.16,ATM,61,2025-04-03 22:31:21
TX003421,C1752,Germany,656.49,TRANSFER,49,2025-04-09 00:07:14
TX003422,C1888,Spain,82.11,ONLINE,99,2025-04-10 16:55:23
TX003423,C1454,China,191.92,ATM,33,2025-04-13 02:47:49
TX003424,C1188,USA,331.38,ATM,53,2025-04-27 22:30:47
TX003425,C1601,Canada,75.32,POS,25,2025-04-12 07:34:01
TX003426,C1882,France,178.62,ATM,19,2025-04-02 23:27:47
TX003427,C1782,Spain,5068.11,TRANSFER,25,2025-04-05 10:20:24
TX003428,C1223,USA,54.32,POS,12,2025-04-23 10:56:34
TX003429,C2193,Germany,164.91,ATM,49,2025-04-23 18:07:42
TX003430,C1161,Spain,242.47,ATM,10,2025-04-29 14:06:48
TX003431,C2299,China,29706.27,TRANSFER,32,2025-04-01 06:56:38
TX003432,C2281,Morocco,449.18,ONLINE,56,2025-04-06 22:52:31
TX003433,C2282,UK,74.74,POS,38,2025-04-09 07:20:03
TX003434,C2243,Spain,124.72,POS,23,2025-04-17 14:17:00
TX003435,C1331,China,279.08,ATM,20,2025-04-14 19:14:37
TX003436,C2436,France,1040.71,TRANSFER,46,2025-04-15 00:22:27
TX003437,C1886,UAE,470.90,CARD,73,2025-04-25 01:55:23
TX003438,C1182,UAE,155.30,POS,54,2025-04-23 10:36:26
TX003439,C1543,Morocco,95.45,POS,27,2025-04-22 19:36:25
TX003440,C1985,USA,476.42,CARD,23,2025-04-10 09:37:39
TX003441,C1261,UAE,257.30,ATM,9,2025-04-30 21:32:10
TX003442,C1893,Morocco,48.58,POS,54,2025-04-09 23:23:45
TX003443,C1567,USA,155.78,ONLINE,28,2025-04-04 12:31:54
TX003444,C2500,Canada,114.20,CARD,59,2025-04-02 01:58:39
TX003445,C1706,Morocco,111.20,ATM,47,2025-04-24 10:49:49
TX003446,C2087,Spain,385.70,TRANSFER,55,2025-04-21 18:40:59
TX003447,C1349,China,18786.89,TRANSFER,59,2025-04-01 07:23:14
TX003448,C1224,Morocco,259.34,ONLINE,16,2025-04-04 12:38:55
TX003449,C1431,Canada,355.31,ONLINE,44,2025-04-20 01:19:34
TX003450,C1414,Canada,231.46,ATM,49,2025-04-08 04:24:51
TX003451,C2253,Germany,1228.21,ONLINE,35,2025-04-04 11:02:15
TX003452,C1459,UAE,57.04,POS,43,2025-04-13 21:32:00
TX003453,C2038,China,185.00,CARD,10,2025-04-23 14:14:25
TX003454,C2184,UK,63.03,ATM,31,2025-04-30 18:23:57
TX003455,C1430,Canada,2167.12,TRANSFER,71,2025-04-20 20:34:38
TX003456,C1610,UK,70.56,POS,38,2025-04-23 18:07:23
TX003457,C1637,Canada,6524.11,TRANSFER,47,2025-04-13 15:08:29
TX003458,C1743,China,2237.77,TRANSFER,38,2025-04-30 10:18:12
TX003459,C1275,Morocco,64.54,POS,1,2025-04-14 16:13:56
TX003460,C1109,Spain,162.82,ATM,21,2025-04-04 06:40:09
TX003461,C1702,Morocco,112.16,CARD,8,2025-04-02 22:46:46
TX003462,C1064,USA,794.33,TRANSFER,69,2025-04-13 01:19:42
TX003463,C1023,Spain,121.25,ONLINE,49,2025-04-06 04:54:43
TX003464,C2416,UAE,654.97,POS,24,2025-04-21 21:47:23
TX003465,C2208,Morocco,142.38,ATM,39,2025-04-28 21:58:01
TX003466,C2100,Canada,182.04,ATM,16,2025-04-07 22:36:00
TX003467,C1398,UK,138.02,ATM,24,2025-04-18 11:48:56
TX003468,C1439,Morocco,271.13,CARD,1,2025-04-28 22:43:06
TX003469,C2315,Spain,132.67,ATM,23,2025-04-13 07:05:08
TX003470,C1161,France,123.32,POS,43,2025-04-02 18:26:15
TX003471,C1686,China,159.41,ONLINE,66,2025-04-06 02:13:08
TX003472,C1043,USA,158.79,ATM,44,2025-04-13 06:39:53
TX003473,C1351,Morocco,180.92,ATM,1,2025-04-20 21:21:36
TX003474,C1173,China,137.43,ATM,5,2025-04-28 23:23:48
TX003475,C2221,Germany,44.01,CARD,34,2025-04-28 07:57:37
TX003476,C1504,Morocco,5587.20,TRANSFER,62,2025-04-19 23:58:00
TX003477,C2139,USA,117.12,ATM,41,2025-04-23 07:16:16
TX003478,C2374,USA,274.44,ONLINE,11,2025-04-16 00:23:58
TX003479,C2446,UAE,1741.05,TRANSFER,52,2025-04-04 21:27:35
TX003480,C1476,UK,96.50,ATM,2,2025-04-22 06:17:50
TX003481,C2073,France,1241.08,TRANSFER,43,2025-04-15 10:21:21
TX003482,C1647,USA,74.82,CARD,42,2025-04-18 09:03:16
TX003483,C1059,China,90.18,ATM,13,2025-04-27 12:33:39
TX003484,C1835,UK,33711.89,TRANSFER,39,2025-04-14 02:04:46
TX003485,C2371,France,390.64,CARD,34,2025-04-14 19:03:57
TX003486,C1437,Turkey,130.98,ATM,1,2025-04-04 21:56:28
TX003487,C1260,France,623.71,POS,26,2025-04-02 13:37:27
TX003488,C2344,China,488.67,CARD,44,2025-04-02 11:58:39
TX003489,C1614,Canada,670.53,CARD,17,2025-04-01 23:00:03
TX003490,C1628,UAE,303.07,CARD,22,2025-04-10 16:29:54
TX003491,C1105,UAE,9744.94,TRANSFER,82,2025-04-19 05:54:53
TX003492,C1755,Germany,106.67,ATM,59,2025-04-18 11:29:10
TX003493,C1119,UK,93.98,ATM,17,2025-04-21 15:09:43
TX003494,C1537,Germany,153.70,POS,1,2025-04-10 17:47:45
TX003495,C1084,Turkey,176.64,POS,48,2025-04-12 04:38:02
TX003496,C1147,Morocco,954.74,ONLINE,31,2025-04-14 06:24:50
TX003497,C2278,France,6469.06,TRANSFER,17,2025-04-06 20:02:43
TX003498,C1370,USA,1099.21,TRANSFER,14,2025-04-03 20:24:43
TX003499,C2312,China,164.90,CARD,42,2025-04-04 05:54:40
TX003500,C2069,UK,153.20,ONLINE,80,2025-04-17 03:58:17
TX003501,C1079,USA,640.36,ONLINE,36,2025-04-24 00:55:15
TX003502,C1156,UAE,735.34,ONLINE,69,2025-04-22 12:12:07
TX003503,C1117,China,128.69,CARD,7,2025-04-08 09:14:12
TX003504,C1110,China,26.29,POS,53,2025-04-01 09:45:03
TX003505,C1782,France,1146.37,TRANSFER,74,2025-04-18 01:42:19
TX003506,C1533,China,135.38,ONLINE,66,2025-04-07 13:38:47
TX003507,C1801,USA,202.48,CARD,12,2025-04-16 19:03:36
TX003508,C2360,France,173.86,ATM,57,2025-04-08 15:30:11
TX003509,C1936,UAE,195.13,ONLINE,50,2025-04-29 04:11:04
TX003510,C1304,Spain,170.17,CARD,47,2025-04-04 02:06:27
TX003511,C2254,China,44.01,POS,1,2025-04-05 00:46:58
TX003512,C2217,China,109.02,ATM,24,2025-04-18 11:25:31
TX003513,C2440,UK,290.97,CARD,36,2025-04-17 12:45:00
TX003514,C1191,Germany,571.05,ONLINE,66,2025-04-20 02:41:41
TX003515,C1001,China,3267.77,TRANSFER,56,2025-04-03 17:04:42
TX003516,C1266,China,88.56,POS,26,2025-04-03 01:23:28
TX003517,C1761,UK,85.01,POS,25,2025-04-10 20:44:26
TX003518,C1445,UAE,182.80,ATM,45,2025-04-13 02:34:37
TX003519,C2195,UAE,107.11,CARD,31,2025-04-04 06:18:02
TX003520,C1368,Morocco,468.80,CARD,42,2025-04-06 19:18:42
TX003521,C1743,Morocco,462.50,ONLINE,64,2025-04-02 13:40:38
TX003522,C2205,France,1421.98,TRANSFER,59,2025-04-09 21:26:21
TX003523,C1726,UK,606.28,CARD,28,2025-04-01 11:24:00
TX003524,C1841,USA,170.33,POS,38,2025-04-03 15:31:11
TX003525,C2360,Morocco,385.26,CARD,68,2025-04-26 08:39:28
TX003526,C1409,China,120.68,CARD,12,2025-04-09 14:13:55
TX003527,C2285,Spain,198.58,POS,45,2025-04-29 20:38:52
TX003528,C1683,UAE,229.04,ONLINE,41,2025-04-21 16:01:12
TX003529,C1569,Germany,492.48,CARD,1,2025-04-05 15:52:23
TX003530,C1237,Spain,311.07,ONLINE,77,2025-04-19 02:35:54
TX003531,C1667,Morocco,159.90,ONLINE,43,2025-04-18 15:16:16
TX003532,C1959,UK,314.74,ONLINE,53,2025-04-30 02:07:03
TX003533,C1641,UK,403.74,ONLINE,63,2025-04-09 01:29:39
TX003534,C2401,Canada,107.91,POS,1,2025-04-23 13:50:59
TX003535,C1311,Germany,108.82,CARD,33,2025-04-06 09:57:47
TX003536,C1388,Canada,75.62,ONLINE,82,2025-04-10 21:28:51
TX003537,C1511,Morocco,386.50,CARD,34,2025-04-26 13:46:32
TX003538,C1434,France,548.27,CARD,53,2025-04-05 15:06:19
TX003539,C1606,Canada,180.53,CARD,46,2025-04-30 00:02:58
TX003540,C1493,China,69.04,ATM,44,2025-04-06 04:28:08
TX003541,C1369,Turkey,105.61,ATM,48,2025-04-22 18:50:15
TX003542,C2268,UK,288.03,CARD,23,2025-04-23 08:55:12
TX003543,C1669,USA,797.31,ONLINE,35,2025-04-06 21:05:11
TX003544,C1802,UAE,35.06,ATM,10,2025-04-02 16:11:55
TX003545,C1954,UK,558.28,ONLINE,40,2025-04-07 11:13:16
TX003546,C1405,Spain,96.66,POS,1,2025-04-06 13:24:30
TX003547,C2333,China,114.04,POS,33,2025-04-29 10:03:57
TX003548,C1828,USA,139.05,ATM,23,2025-04-19 17:09:58
TX003549,C1453,Turkey,312.03,TRANSFER,28,2025-04-09 18:39:12
TX003550,C2200,Spain,13575.47,TRANSFER,83,2025-04-02 02:47:07
TX003551,C2308,Morocco,9541.62,TRANSFER,58,2025-04-16 02:32:25
TX003552,C1932,Germany,497.22,ATM,37,2025-04-08 20:26:26
TX003553,C1960,Spain,85.57,ATM,48,2025-04-03 22:18:41
TX003554,C1970,France,357.81,CARD,66,2025-04-09 03:55:46
TX003555,C2053,China,188.96,ATM,11,2025-04-06 16:17:17
TX003556,C1965,France,1196.22,TRANSFER,40,2025-04-09 14:43:18
TX003557,C1049,China,88.89,ATM,1,2025-04-10 07:19:02
TX003558,C2108,Germany,3518.91,TRANSFER,35,2025-04-23 14:46:40
TX003559,C1445,France,55.16,CARD,33,2025-04-11 08:22:39
TX003560,C1351,Canada,168.92,CARD,29,2025-04-12 10:08:12
TX003561,C2036,France,114.70,POS,34,2025-04-21 15:15:00
TX003562,C1883,China,638.18,TRANSFER,62,2025-04-05 11:06:27
TX003563,C1703,USA,249.93,ATM,28,2025-04-15 21:15:58
TX003564,C1118,Morocco,80.20,POS,46,2025-04-02 03:43:53
TX003565,C1692,Canada,86.66,ATM,11,2025-04-02 19:57:12
TX003566,C1247,Morocco,88.02,POS,26,2025-04-13 18:13:09
TX003567,C1382,Turkey,372.51,CARD,40,2025-04-16 03:17:53
TX003568,C2286,Spain,472.16,ATM,48,2025-04-02 18:49:57
TX003569,C1428,UAE,34382.90,TRANSFER,87,2025-04-05 03:31:08
TX003570,C1280,USA,49.65,CARD,42,2025-04-04 17:08:24
TX003571,C2121,France,375.43,ONLINE,41,2025-04-28 21:32:17
TX003572,C2234,Turkey,274.37,ATM,49,2025-04-07 21:58:50
TX003573,C1949,Canada,195.81,POS,51,2025-04-23 12:43:59
TX003574,C1624,Germany,158.49,CARD,11,2025-04-20 22:12:19
TX003575,C1706,Germany,112.27,POS,21,2025-04-18 08:12:59
TX003576,C1832,Morocco,302.68,CARD,31,2025-04-15 07:11:04
TX003577,C1001,UK,486.53,ATM,19,2025-04-29 12:39:25
TX003578,C2138,Turkey,91.06,ATM,34,2025-04-19 21:00:51
TX003579,C1025,UAE,334.97,ONLINE,36,2025-04-11 07:09:16
TX003580,C1279,France,346.73,TRANSFER,56,2025-04-08 02:50:58
TX003581,C1782,USA,123.83,ATM,55,2025-04-29 20:29:22
TX003582,C2253,UAE,193.81,POS,37,2025-04-15 19:42:02
TX003583,C1880,UK,2830.35,TRANSFER,88,2025-04-01 00:54:44
TX003584,C2177,Germany,138.00,ATM,5,2025-04-18 22:43:34
TX003585,C1018,USA,126.36,ATM,30,2025-04-26 03:39:47
TX003586,C1520,USA,51.00,CARD,28,2025-04-20 16:11:01
TX003587,C2035,France,60.48,POS,1,2025-04-17 23:01:35
TX003588,C1133,Canada,657.90,POS,29,2025-04-14 08:29:23
TX003589,C2103,China,185.59,ATM,31,2025-04-28 20:56:25
TX003590,C1939,France,50.06,POS,28,2025-04-07 14:04:33
TX003591,C2263,Canada,159.03,CARD,24,2025-04-26 09:49:04
TX003592,C1688,Morocco,180.05,CARD,41,2025-04-04 16:38:20
TX003593,C1419,UAE,154.62,ONLINE,57,2025-04-07 02:37:29
TX003594,C1435,UK,542.34,CARD,62,2025-04-04 12:53:25
TX003595,C1650,Spain,397.20,TRANSFER,78,2025-04-17 04:51:31
TX003596,C1844,Germany,191.51,CARD,1,2025-04-12 13:35:04
TX003597,C1052,China,363.83,ATM,5,2025-04-01 12:05:39
TX003598,C1826,China,54.32,POS,45,2025-04-11 16:33:09
TX003599,C2105,UK,550.49,CARD,26,2025-04-15 21:15:36
TX003600,C2235,Germany,188.28,CARD,52,2025-04-05 19:02:24
TX003601,C1439,China,290.36,ONLINE,40,2025-04-06 19:36:54
TX003602,C1280,France,361.18,ONLINE,29,2025-04-02 11:30:14
TX003603,C1025,UK,453.45,ONLINE,48,2025-04-22 20:35:11
TX003604,C1361,UK,49.00,CARD,38,2025-04-02 14:55:42
TX003605,C1987,Germany,3645.36,TRANSFER,57,2025-04-25 07:37:23
TX003606,C2474,Morocco,8352.27,TRANSFER,85,2025-04-20 14:10:01
TX003607,C2164,Canada,32.72,ONLINE,86,2025-04-22 03:31:00
TX003608,C1442,China,44.54,POS,1,2025-04-09 08:49:10
TX003609,C2115,UK,176.42,ATM,3,2025-04-27 14:23:31
TX003610,C1120,Canada,115.54,POS,3,2025-04-07 22:12:02
TX003611,C1217,Spain,1268.05,ONLINE,44,2025-04-17 02:52:53
TX003612,C2131,Turkey,212.52,ATM,1,2025-04-04 15:20:58
TX003613,C2074,USA,160.29,ATM,1,2025-04-02 23:10:23
TX003614,C1318,Turkey,35.38,POS,1,2025-04-02 13:17:38
TX003615,C2313,Morocco,204.69,CARD,4,2025-04-29 04:13:42
TX003616,C2000,China,52.57,CARD,17,2025-04-14 22:29:43
TX003617,C2124,USA,132.13,CARD,38,2025-04-26 23:23:10
TX003618,C2464,Turkey,139.37,POS,24,2025-04-22 12:46:56
TX003619,C1965,UAE,3003.67,TRANSFER,18,2025-04-12 17:27:49
TX003620,C1448,Morocco,200.30,ATM,1,2025-04-14 15:50:18
TX003621,C1453,China,627.38,CARD,36,2025-04-21 23:11:19
TX003622,C2077,UK,77.21,CARD,81,2025-04-28 01:22:25
TX003623,C2123,USA,151.14,POS,23,2025-04-04 11:37:29
TX003624,C2336,UAE,293.39,ATM,33,2025-04-05 01:23:42
TX003625,C1094,UK,122.64,ATM,34,2025-04-16 06:27:01
TX003626,C2357,UAE,33.24,CARD,45,2025-04-03 18:22:30
TX003627,C1145,UAE,720.33,CARD,25,2025-04-30 18:15:00
TX003628,C1743,UAE,303.43,ONLINE,29,2025-04-18 13:48:53
TX003629,C2373,Spain,387.56,CARD,36,2025-04-22 00:58:13
TX003630,C1644,USA,676.69,TRANSFER,62,2025-04-11 02:12:25
TX003631,C1031,France,192.33,ATM,50,2025-04-15 14:40:08
TX003632,C2223,Germany,70.76,POS,25,2025-04-22 19:50:15
TX003633,C1663,Germany,156.49,POS,30,2025-04-11 23:51:57
TX003634,C1973,UAE,2393.12,TRANSFER,76,2025-04-02 20:57:25
TX003635,C2197,Canada,67.04,CARD,30,2025-04-08 12:45:31
TX003636,C2120,Turkey,329.60,CARD,1,2025-04-23 13:42:53
TX003637,C2250,Spain,91.40,CARD,63,2025-04-26 05:06:08
TX003638,C1561,Spain,3786.53,TRANSFER,75,2025-04-19 05:12:33
TX003639,C1701,UAE,216.50,ATM,13,2025-04-14 11:21:42
TX003640,C1214,Canada,31.91,ONLINE,56,2025-04-02 01:45:04
TX003641,C1412,France,147.73,ATM,31,2025-04-09 22:03:39
TX003642,C2367,France,164.65,ONLINE,1,2025-04-18 08:33:20
TX003643,C1097,China,115.34,POS,34,2025-04-30 03:43:06
TX003644,C2267,China,452.70,TRANSFER,82,2025-04-29 00:12:12
TX003645,C2179,UAE,135.62,CARD,16,2025-04-11 04:50:38
TX003646,C1198,UAE,239.57,ONLINE,2,2025-04-07 16:21:22
TX003647,C2162,China,34.73,CARD,52,2025-04-21 11:10:09
TX003648,C2412,UAE,89.35,ONLINE,57,2025-04-22 13:42:09
TX003649,C1583,France,80.04,ATM,26,2025-04-25 19:31:06
TX003650,C2387,Spain,108.02,POS,17,2025-04-27 14:29:48
TX003651,C2413,Turkey,2868.99,TRANSFER,26,2025-04-13 13:36:28
TX003652,C1772,China,99.01,POS,43,2025-04-02 22:03:38
TX003653,C2018,Morocco,149.42,ONLINE,34,2025-04-10 22:37:28
TX003654,C1824,France,15310.01,TRANSFER,83,2025-04-15 12:53:36
TX003655,C1932,UK,93.00,POS,27,2025-04-12 08:23:36
TX003656,C1305,France,52.58,POS,34,2025-04-15 03:54:04
TX003657,C1248,USA,82.55,ATM,23,2025-04-05 02:53:25
TX003658,C1449,UK,126.27,ONLINE,62,2025-04-28 13:08:30
TX003659,C2356,Germany,858.04,ONLINE,67,2025-04-23 18:32:35
TX003660,C2120,Germany,1127.33,TRANSFER,83,2025-04-29 18:49:56
TX003661,C1111,Spain,375.02,ATM,12,2025-04-19 01:04:43
TX003662,C1891,China,1233.74,CARD,26,2025-04-21 22:11:33
TX003663,C1940,Spain,184.33,ATM,23,2025-04-15 15:24:49
TX003664,C2354,Turkey,108.56,ATM,3,2025-04-12 18:02:41
TX003665,C1081,Turkey,4226.11,TRANSFER,37,2025-04-09 19:54:35
TX003666,C2378,Germany,150.25,POS,32,2025-04-13 18:56:34
TX003667,C1060,Morocco,739.11,CARD,35,2025-04-06 06:40:06
TX003668,C1667,UK,79.06,ATM,48,2025-04-27 08:58:38
TX003669,C1551,Morocco,148.20,CARD,59,2025-04-06 04:46:00
TX003670,C1791,Canada,256.33,CARD,26,2025-04-13 21:40:28
TX003671,C1090,Turkey,140.55,CARD,14,2025-04-04 01:51:25
TX003672,C1188,Morocco,30.61,CARD,69,2025-04-16 14:54:13
TX003673,C1178,USA,372.69,CARD,57,2025-04-22 04:25:09
TX003674,C1527,Spain,196.85,ATM,52,2025-04-14 20:10:13
TX003675,C1026,Spain,80.99,CARD,62,2025-04-22 02:05:32
TX003676,C2173,USA,711.43,CARD,28,2025-04-05 12:42:17
TX003677,C1778,UAE,2706.23,CARD,41,2025-04-03 23:12:55
TX003678,C1442,USA,93.40,ATM,31,2025-04-29 04:29:17
TX003679,C1159,USA,78.07,ATM,40,2025-04-26 08:22:30
TX003680,C1232,Germany,313.89,TRANSFER,65,2025-04-21 14:21:41
TX003681,C1554,China,111.38,POS,15,2025-04-24 23:33:48
TX003682,C2085,Canada,110.84,POS,35,2025-04-26 00:37:26
TX003683,C1067,Spain,77.03,ONLINE,47,2025-04-18 13:15:45
TX003684,C1530,UK,457.43,CARD,10,2025-04-26 06:15:26
TX003685,C1320,China,117.88,POS,1,2025-04-16 23:27:14
TX003686,C2368,USA,167.10,ATM,24,2025-04-12 00:49:32
TX003687,C2373,UK,2602.29,ONLINE,63,2025-04-08 19:07:13
TX003688,C2145,Spain,110.78,POS,4,2025-04-20 14:00:28
TX003689,C1580,China,61.61,ONLINE,34,2025-04-22 18:00:04
TX003690,C2191,Turkey,202.16,ATM,26,2025-04-19 03:11:55
TX003691,C1632,USA,105.76,POS,6,2025-04-20 05:44:52
TX003692,C1551,Morocco,295.88,ONLINE,21,2025-04-12 13:01:04
TX003693,C1597,UAE,139.77,ATM,23,2025-04-08 14:17:21
TX003694,C2318,Morocco,1331.61,TRANSFER,67,2025-04-13 20:22:43
TX003695,C1006,USA,43.26,POS,3,2025-04-29 09:56:29
TX003696,C1125,Canada,79.56,ATM,15,2025-04-30 22:07:12
TX003697,C1856,Spain,437.56,ONLINE,16,2025-04-08 21:51:22
TX003698,C1293,Spain,156.79,ATM,62,2025-04-07 13:22:28
TX003699,C2283,Turkey,267.93,ONLINE,35,2025-04-28 09:27:37
TX003700,C1600,Canada,51.33,POS,39,2025-04-16 09:38:40
TX003701,C2077,China,125.15,CARD,39,2025-04-09 17:48:58
TX003702,C1481,China,1275.26,TRANSFER,91,2025-04-08 14:31:11
TX003703,C1056,UK,567.84,CARD,70,2025-04-25 04:42:40
TX003704,C1622,Canada,730.43,ONLINE,51,2025-04-13 02:11:53
TX003705,C2223,France,178.12,CARD,22,2025-04-20 19:36:42
TX003706,C1268,UK,81.20,POS,1,2025-04-16 08:25:06
TX003707,C1685,France,14.57,CARD,16,2025-04-12 16:34:21
TX003708,C2340,Morocco,134.10,POS,30,2025-04-20 04:56:55
TX003709,C1596,Germany,451.45,CARD,51,2025-04-25 02:20:22
TX003710,C1018,Turkey,146.95,ATM,32,2025-04-01 17:03:40
TX003711,C1013,UAE,120.96,CARD,31,2025-04-04 18:01:58
TX003712,C1676,UAE,505.26,TRANSFER,51,2025-04-09 08:17:39
TX003713,C2319,China,78.58,CARD,17,2025-04-17 16:22:27
TX003714,C2014,France,97.43,ONLINE,13,2025-04-16 04:00:01
TX003715,C1478,Spain,46.04,CARD,8,2025-04-23 09:24:47
TX003716,C1641,Germany,59.71,POS,53,2025-04-23 05:03:40
TX003717,C1879,Germany,717.36,CARD,29,2025-04-13 04:52:24
TX003718,C2343,Germany,848.89,TRANSFER,57,2025-04-25 19:43:19
TX003719,C1571,Morocco,1144.28,ONLINE,60,2025-04-17 16:49:15
TX003720,C1525,France,2729.84,TRANSFER,43,2025-04-30 11:32:21
TX003721,C1632,Canada,192.74,ONLINE,89,2025-04-28 13:15:50
TX003722,C2160,France,217.85,CARD,21,2025-04-04 17:14:15
TX003723,C2293,USA,957.28,TRANSFER,39,2025-04-21 22:35:53
TX003724,C2414,China,116.20,ATM,24,2025-04-11 23:37:31
TX003725,C1726,China,65.14,POS,38,2025-04-26 18:23:10
TX003726,C2121,Morocco,413.06,ONLINE,29,2025-04-11 07:04:05
TX003727,C2381,Spain,235.58,ATM,16,2025-04-15 06:54:38
TX003728,C2101,UAE,85.67,POS,19,2025-04-07 01:18:54
TX003729,C1925,Germany,7994.18,TRANSFER,60,2025-04-23 05:24:18
TX003730,C1842,Germany,45.91,POS,15,2025-04-24 08:36:14
TX003731,C1742,Canada,2640.76,TRANSFER,32,2025-04-24 11:53:21
TX003732,C2133,Germany,427.64,POS,42,2025-04-12 06:39:55
TX003733,C1411,Germany,6027.54,TRANSFER,52,2025-04-16 18:02:54
TX003734,C2277,Canada,85.67,POS,13,2025-04-22 09:57:07
TX003735,C1895,Germany,140.87,ATM,44,2025-04-01 00:52:29
TX003736,C1774,Germany,5331.79,TRANSFER,53,2025-04-10 20:52:42
TX003737,C1554,Morocco,198.64,ONLINE,46,2025-04-05 02:25:21
TX003738,C1693,France,1651.78,TRANSFER,40,2025-04-29 16:58:32
TX003739,C1237,Canada,635.55,ONLINE,92,2025-04-02 08:26:02
TX003740,C1149,Turkey,260.85,CARD,1,2025-04-15 02:10:49
TX003741,C1445,Turkey,295.76,ONLINE,24,2025-04-20 06:09:20
TX003742,C1053,France,21.39,POS,1,2025-04-28 14:28:49
TX003743,C1728,UK,274.25,ATM,5,2025-04-17 08:26:52
TX003744,C1947,Morocco,117.23,CARD,11,2025-04-16 12:41:37
TX003745,C1282,China,186.51,ONLINE,34,2025-04-20 18:52:59
TX003746,C1792,UK,37.69,POS,31,2025-04-25 04:36:05
TX003747,C1882,Canada,552.75,ONLINE,48,2025-04-30 22:48:31
TX003748,C2130,UK,1232.21,TRANSFER,60,2025-04-06 00:07:06
TX003749,C1734,UK,1684.98,ONLINE,54,2025-04-19 09:08:05
TX003750,C1725,USA,255.63,CARD,63,2025-04-19 04:44:55
TX003751,C2184,Canada,57.48,CARD,34,2025-04-03 00:02:15
TX003752,C1034,Turkey,13475.31,TRANSFER,28,2025-04-05 01:56:13
TX003753,C2083,Germany,705.09,TRANSFER,59,2025-04-21 12:38:24
TX003754,C1882,China,231.26,ATM,48,2025-04-25 03:20:51
TX003755,C1287,China,131.24,ATM,26,2025-04-15 03:18:00
TX003756,C1896,France,298.40,POS,8,2025-04-12 20:07:46
TX003757,C1992,Germany,43.31,POS,17,2025-04-15 15:12:29
TX003758,C1772,Turkey,248.76,CARD,66,2025-04-28 01:43:03
TX003759,C2476,Germany,39.67,POS,52,2025-04-06 02:00:08
TX003760,C1896,China,121.09,ATM,1,2025-04-05 06:45:48
TX003761,C1141,Turkey,90.26,ATM,1,2025-04-04 19:22:46
TX003762,C2324,Turkey,183.90,POS,1,2025-04-15 10:32:41
TX003763,C1900,Germany,90.63,CARD,29,2025-04-16 10:06:47
TX003764,C2068,Germany,165.15,ONLINE,37,2025-04-04 09:49:37
TX003765,C1525,Morocco,336.92,CARD,45,2025-04-26 20:21:02
TX003766,C2012,China,76.06,ATM,11,2025-04-12 07:06:25
TX003767,C2295,Canada,81.00,POS,5,2025-04-17 20:58:37
TX003768,C1727,UAE,32.41,POS,1,2025-04-03 18:33:38
TX003769,C1917,UK,270.58,ONLINE,48,2025-04-24 10:00:39
TX003770,C1095,UK,79.13,POS,36,2025-04-09 16:17:13
TX003771,C1996,China,224.83,CARD,29,2025-04-19 11:19:25
TX003772,C2100,France,258.63,TRANSFER,56,2025-04-11 10:20:38
TX003773,C1009,Spain,134.82,ATM,29,2025-04-11 16:03:27
TX003774,C1747,USA,294.57,ATM,46,2025-04-04 20:23:52
TX003775,C2133,France,1171.62,TRANSFER,67,2025-04-25 13:27:05
TX003776,C1058,UK,155.73,ATM,23,2025-04-26 15:05:24
TX003777,C1483,Spain,3764.37,ONLINE,48,2025-04-13 18:45:32
TX003778,C1955,UK,545.62,ONLINE,35,2025-04-11 00:47:41
TX003779,C1407,China,276.69,ATM,32,2025-04-25 03:15:29
TX003780,C1823,Canada,101.15,POS,2,2025-04-22 12:32:26
TX003781,C1811,Canada,356.38,ATM,66,2025-04-02 04:49:43
TX003782,C2026,China,2226.33,TRANSFER,88,2025-04-13 03:46:27
TX003783,C1485,Germany,74.37,ONLINE,50,2025-04-20 03:34:53
TX003784,C2043,Canada,54.84,ATM,43,2025-04-16 20:01:05
TX003785,C1270,China,484.09,POS,59,2025-04-29 09:09:41
TX003786,C1605,USA,155.24,ATM,36,2025-04-12 06:09:00
TX003787,C1286,UAE,156.61,CARD,32,2025-04-19 18:15:08
TX003788,C1746,Morocco,76.55,POS,17,2025-04-26 20:46:43
TX003789,C1472,Morocco,114.04,ONLINE,50,2025-04-11 00:02:41
TX003790,C1416,Turkey,702.99,ONLINE,49,2025-04-25 18:45:14
TX003791,C1011,China,62.58,ATM,45,2025-04-07 04:30:45
TX003792,C1313,Canada,10994.46,TRANSFER,65,2025-04-09 05:28:29
TX003793,C1521,UAE,185.37,ATM,16,2025-04-24 08:18:52
TX003794,C1939,Spain,292.74,CARD,13,2025-04-25 07:19:31
TX003795,C1924,Turkey,156.38,ONLINE,44,2025-04-08 03:50:54
TX003796,C1934,France,50.40,ONLINE,17,2025-04-06 08:48:10
TX003797,C2008,Canada,63.45,ATM,1,2025-04-22 10:55:39
TX003798,C2242,Canada,6031.10,TRANSFER,74,2025-04-08 08:02:04
TX003799,C1024,UAE,1546.67,TRANSFER,91,2025-04-20 00:36:27
TX003800,C1493,Morocco,366.54,ONLINE,44,2025-04-03 21:34:57
TX003801,C1125,France,294.94,CARD,5,2025-04-17 11:50:23
TX003802,C1574,UAE,166.60,POS,11,2025-04-24 04:24:24
TX003803,C2317,France,3740.21,TRANSFER,48,2025-04-23 22:01:55
TX003804,C2115,France,293.78,ATM,36,2025-04-22 20:38:45
TX003805,C2136,UAE,42.97,POS,42,2025-04-05 22:10:45
TX003806,C1947,UK,4346.56,TRANSFER,71,2025-04-14 07:41:49
TX003807,C2182,China,142.45,CARD,38,2025-04-28 14:07:24
TX003808,C2259,China,372.83,POS,40,2025-04-07 03:33:58
TX003809,C1062,UAE,84.40,POS,1,2025-04-26 20:59:18
TX003810,C2474,France,468.32,CARD,22,2025-04-24 05:40:23
TX003811,C1432,China,91.00,ATM,43,2025-04-10 02:03:39
TX003812,C2425,France,62.42,CARD,43,2025-04-28 10:58:55
TX003813,C1313,Spain,38.42,POS,19,2025-04-19 14:32:21
TX003814,C1458,Turkey,4291.02,TRANSFER,74,2025-04-11 10:29:14
TX003815,C1556,Morocco,242.30,ATM,18,2025-04-21 11:14:40
TX003816,C1085,Canada,196.50,ATM,2,2025-04-10 13:34:05
TX003817,C1282,UK,219.77,CARD,82,2025-04-19 05:30:34
TX003818,C2328,Spain,174.43,POS,63,2025-04-19 01:17:27
TX003819,C1721,UK,234.86,ONLINE,43,2025-04-06 08:14:19
TX003820,C2263,China,125.50,ONLINE,32,2025-04-16 18:01:01
TX003821,C2224,Canada,46.09,POS,42,2025-04-11 12:28:06
TX003822,C2392,USA,153.35,ONLINE,25,2025-04-10 01:41:05
TX003823,C1147,UAE,100.09,CARD,6,2025-04-23 18:33:57
TX003824,C1509,UAE,805.66,ONLINE,75,2025-04-09 01:01:59
TX003825,C2134,Germany,140.15,TRANSFER,72,2025-04-02 04:26:54
TX003826,C1732,UAE,489.90,ONLINE,71,2025-04-04 05:05:37
TX003827,C1746,Canada,71.67,CARD,40,2025-04-24 17:07:21
TX003828,C2325,Morocco,1007.37,TRANSFER,76,2025-04-20 12:24:18
TX003829,C1032,France,275.16,TRANSFER,41,2025-04-30 18:11:08
TX003830,C1774,China,97.34,ATM,55,2025-04-14 19:17:33
TX003831,C2398,Morocco,1737.19,TRANSFER,66,2025-04-16 02:07:32
TX003832,C1645,Turkey,205.60,ONLINE,24,2025-04-22 03:57:06
TX003833,C1760,UAE,266.64,POS,27,2025-04-19 05:20:47
TX003834,C2473,Canada,64.84,ONLINE,64,2025-04-18 20:28:44
TX003835,C2212,UK,341.02,POS,15,2025-04-08 09:17:02
TX003836,C1360,Spain,103.97,ATM,32,2025-04-11 02:02:16
TX003837,C1307,Morocco,5475.37,TRANSFER,43,2025-04-07 21:29:37
TX003838,C2458,Turkey,364.77,CARD,69,2025-04-23 00:32:13
TX003839,C2124,Spain,9499.88,TRANSFER,30,2025-04-23 17:14:58
TX003840,C1252,Spain,124.84,ATM,28,2025-04-03 15:27:32
TX003841,C2138,Spain,2026.17,ONLINE,83,2025-04-10 04:57:10
TX003842,C1092,Germany,4307.54,TRANSFER,46,2025-04-01 12:35:36
TX003843,C1104,Morocco,104.85,ATM,27,2025-04-06 14:32:26
TX003844,C1338,Canada,168.67,ATM,27,2025-04-28 18:46:01
TX003845,C1710,France,91.13,POS,16,2025-04-13 09:51:39
TX003846,C2016,UK,1634.48,TRANSFER,81,2025-04-18 23:08:12
TX003847,C1058,China,88.61,ATM,13,2025-04-29 08:51:24
TX003848,C2489,France,117.39,CARD,82,2025-04-06 05:19:51
TX003849,C1474,Spain,166.06,ATM,34,2025-04-28 19:21:03
TX003850,C1627,China,1141.56,TRANSFER,65,2025-04-07 08:10:33
TX003851,C1761,USA,222.42,CARD,1,2025-04-27 09:38:34
TX003852,C1385,France,192.74,ATM,28,2025-04-20 05:02:52
TX003853,C1821,China,154.64,ONLINE,10,2025-04-03 19:25:28
TX003854,C2143,France,321.49,ATM,42,2025-04-28 04:19:03
TX003855,C1365,France,492.89,CARD,5,2025-04-07 06:09:30
TX003856,C2243,Morocco,147.98,ATM,41,2025-04-14 20:12:33
TX003857,C1320,Spain,311.56,ATM,28,2025-04-12 06:12:13
TX003858,C2100,USA,188.67,ATM,21,2025-04-29 08:50:13
TX003859,C2163,Turkey,315.96,POS,1,2025-04-19 23:33:07
TX003860,C1968,Canada,180.00,CARD,27,2025-04-27 13:07:43
TX003861,C1773,Germany,164.56,ATM,53,2025-04-30 14:05:04
TX003862,C2284,France,148.24,ATM,38,2025-04-20 04:01:29
TX003863,C1709,USA,164.74,ATM,30,2025-04-24 00:36:40
TX003864,C1341,Germany,47.65,POS,26,2025-04-11 13:02:37
TX003865,C1996,Canada,126.19,ATM,13,2025-04-05 10:18:52
TX003866,C2315,France,142.92,ONLINE,58,2025-04-24 14:50:15
TX003867,C1700,UAE,1517.77,TRANSFER,44,2025-04-16 23:39:19
TX003868,C1477,Turkey,177.28,CARD,10,2025-04-06 19:03:11
TX003869,C1095,China,663.20,ONLINE,45,2025-04-23 15:35:09
TX003870,C2382,Spain,769.83,TRANSFER,57,2025-04-21 23:44:52
TX003871,C1368,Canada,122.26,ONLINE,64,2025-04-26 13:01:21
TX003872,C2316,France,317.35,CARD,52,2025-04-18 06:50:37
TX003873,C1399,China,533.38,ONLINE,71,2025-04-05 12:01:57
TX003874,C1578,Morocco,85.92,POS,33,2025-04-29 10:13:33
TX003875,C2146,France,58.08,CARD,18,2025-04-15 10:23:16
TX003876,C2244,Germany,138.19,CARD,34,2025-04-30 02:25:22
TX003877,C1080,USA,110.54,ATM,19,2025-04-21 22:48:32
TX003878,C1140,USA,102.06,POS,20,2025-04-14 00:58:55
TX003879,C2368,USA,67.80,CARD,37,2025-04-14 07:54:16
TX003880,C1831,China,109.01,ONLINE,47,2025-04-10 10:53:28
TX003881,C1980,Turkey,712.04,CARD,38,2025-04-05 04:57:10
TX003882,C2216,Morocco,189.53,POS,31,2025-04-20 07:08:31
TX003883,C2161,Germany,199.29,CARD,55,2025-04-18 00:56:26
TX003884,C1173,China,178.33,CARD,47,2025-04-27 19:14:52
TX003885,C1945,China,105.95,ONLINE,40,2025-04-25 17:41:30
TX003886,C2471,Turkey,245.26,ONLINE,33,2025-04-10 06:19:26
TX003887,C2182,Germany,383.35,CARD,35,2025-04-03 23:15:06
TX003888,C1246,China,226.43,ATM,25,2025-04-28 19:21:43
TX003889,C1258,UK,3710.48,TRANSFER,65,2025-04-08 01:04:45
TX003890,C1865,Morocco,393.40,CARD,32,2025-04-13 04:39:31
TX003891,C1657,UAE,65.58,POS,65,2025-04-28 00:50:21
TX003892,C1722,Canada,183.96,ATM,40,2025-04-02 19:49:16
TX003893,C1636,China,342.24,ATM,32,2025-04-11 05:15:22
TX003894,C1156,China,160.56,POS,29,2025-04-12 17:47:59
TX003895,C1161,Spain,248.91,POS,42,2025-04-22 19:09:31
TX003896,C1109,Germany,122.34,CARD,37,2025-04-11 02:01:26
TX003897,C1032,China,85.54,CARD,25,2025-04-01 11:39:36
TX003898,C2470,UAE,145.05,ATM,61,2025-04-23 05:40:16
TX003899,C2346,Morocco,894.73,ONLINE,50,2025-04-16 08:24:39
TX003900,C2143,UK,283.25,ATM,28,2025-04-04 18:05:14
TX003901,C1558,Germany,41.10,POS,21,2025-04-29 17:33:26
TX003902,C1798,UAE,244.03,ATM,20,2025-04-01 21:57:32
TX003903,C1358,France,758.70,TRANSFER,31,2025-04-16 21:44:51
TX003904,C2269,Morocco,84.22,ATM,18,2025-04-02 13:22:49
TX003905,C1779,Turkey,100.36,ATM,59,2025-04-17 05:02:21
TX003906,C1547,China,199.93,POS,23,2025-04-06 18:24:07
TX003907,C2390,China,58.64,ATM,36,2025-04-12 00:00:23
TX003908,C1309,China,22.71,POS,69,2025-04-12 10:01:20
TX003909,C2485,UAE,65.93,ATM,39,2025-04-08 00:59:30
TX003910,C2116,UK,38.78,POS,9,2025-04-05 22:01:29
TX003911,C1854,Canada,764.30,TRANSFER,51,2025-04-03 11:47:49
TX003912,C2013,USA,112.99,ATM,15,2025-04-17 07:55:51
TX003913,C1881,Spain,226.20,ATM,26,2025-04-03 12:46:49
TX003914,C1410,France,154.93,CARD,38,2025-04-08 06:10:10
TX003915,C2369,UAE,644.38,POS,31,2025-04-10 00:39:33
TX003916,C1054,Spain,251.89,CARD,62,2025-04-07 02:07:54
TX003917,C1179,France,425.22,ONLINE,41,2025-04-10 09:59:28
TX003918,C1389,Canada,490.00,CARD,46,2025-04-19 11:38:20
TX003919,C1049,China,104.47,ATM,11,2025-04-03 21:10:28
TX003920,C2123,Turkey,106.76,POS,29,2025-04-10 15:15:50
TX003921,C1940,Spain,62.75,CARD,22,2025-04-01 01:32:09
TX003922,C1076,Germany,270.57,ATM,16,2025-04-16 17:42:17
TX003923,C1009,China,2144.88,TRANSFER,27,2025-04-06 04:29:14
TX003924,C2492,France,116.37,ATM,35,2025-04-19 15:38:31
TX003925,C2083,USA,56.54,POS,31,2025-04-24 14:30:27
TX003926,C1693,Turkey,274.29,POS,58,2025-04-09 04:23:58
TX003927,C2437,UK,56.91,ONLINE,44,2025-04-07 13:14:24
TX003928,C1980,Canada,1194.80,TRANSFER,64,2025-04-06 04:21:39
TX003929,C1877,China,32.36,POS,23,2025-04-21 23:00:48
TX003930,C2445,France,124.36,ATM,35,2025-04-23 05:53:01
TX003931,C1968,Canada,69.35,ONLINE,64,2025-04-28 19:19:11
TX003932,C2191,France,29.01,POS,24,2025-04-06 03:09:15
TX003933,C1053,China,99.72,CARD,28,2025-04-18 12:59:55
TX003934,C2196,Turkey,75.54,ATM,50,2025-04-28 02:39:17
TX003935,C2495,Spain,1701.15,TRANSFER,38,2025-04-23 20:20:08
TX003936,C1707,Turkey,33.26,POS,21,2025-04-09 12:22:41
TX003937,C1347,Turkey,1796.66,TRANSFER,68,2025-04-29 00:03:31
TX003938,C1927,UAE,69.46,ATM,33,2025-04-02 07:16:00
TX003939,C1263,Canada,246.18,CARD,27,2025-04-21 16:10:17
TX003940,C2186,France,176.99,ATM,64,2025-04-06 18:51:01
TX003941,C2190,France,51.35,TRANSFER,37,2025-04-26 13:34:11
TX003942,C2360,UK,271.90,ONLINE,69,2025-04-06 02:18:17
TX003943,C1033,Spain,189.55,CARD,30,2025-04-10 18:35:29
TX003944,C1015,Morocco,177.14,POS,3,2025-04-13 14:40:54
TX003945,C1848,UK,183.24,ATM,23,2025-04-22 20:59:39
TX003946,C1665,Turkey,159.10,POS,7,2025-04-03 03:05:07
TX003947,C1410,UK,922.68,ONLINE,81,2025-04-07 12:07:23
TX003948,C1895,Spain,131.45,CARD,5,2025-04-19 08:52:25
TX003949,C2257,Turkey,66.58,CARD,44,2025-04-02 23:23:36
TX003950,C1760,China,82.93,ONLINE,74,2025-04-21 01:59:49
TX003951,C2438,Morocco,84.60,POS,9,2025-04-18 12:40:19
TX003952,C1970,Spain,17.66,ONLINE,66,2025-04-26 00:36:09
TX003953,C1995,Spain,198.97,ATM,55,2025-04-03 22:50:29
TX003954,C1397,Canada,521.23,TRANSFER,79,2025-04-20 07:07:26
TX003955,C1354,France,268.11,CARD,1,2025-04-04 20:21:27
TX003956,C1843,France,50.14,CARD,48,2025-04-27 04:30:39
TX003957,C1085,France,431.68,TRANSFER,62,2025-04-16 09:58:15
TX003958,C2493,Canada,297.85,POS,44,2025-04-26 13:51:05
TX003959,C1125,China,434.74,ONLINE,61,2025-04-25 19:31:35
TX003960,C1929,Morocco,4564.01,TRANSFER,63,2025-04-26 22:42:29
TX003961,C1816,Canada,79.44,CARD,80,2025-04-26 06:48:55
TX003962,C1277,UAE,683.54,ONLINE,51,2025-04-10 18:27:26
TX003963,C2086,Canada,79.38,POS,52,2025-04-01 09:41:33
TX003964,C1067,China,1059.05,TRANSFER,99,2025-04-14 02:58:06
TX003965,C1287,Turkey,221.38,CARD,31,2025-04-02 11:33:36
TX003966,C2142,USA,48.98,ATM,39,2025-04-21 14:20:48
TX003967,C1670,Canada,74.04,POS,22,2025-04-05 09:23:16
TX003968,C1120,Turkey,367.81,CARD,36,2025-04-02 14:08:28
TX003969,C1767,USA,236.72,ONLINE,30,2025-04-29 20:19:40
TX003970,C2096,Morocco,110.05,ATM,26,2025-04-29 22:58:25
TX003971,C1556,Germany,2358.33,TRANSFER,75,2025-04-20 00:39:15
TX003972,C1783,USA,1381.85,CARD,65,2025-04-26 01:24:39
TX003973,C2097,France,194.15,ONLINE,41,2025-04-11 19:28:48
TX003974,C1620,Canada,111.28,ATM,31,2025-04-09 13:24:56
TX003975,C1122,Turkey,76.69,CARD,30,2025-04-25 21:04:15
TX003976,C2282,UK,4254.40,TRANSFER,43,2025-04-25 23:15:33
TX003977,C2244,Turkey,55.81,POS,44,2025-04-24 21:26:13
TX003978,C2475,Canada,53.08,CARD,51,2025-04-05 17:11:04
TX003979,C1396,Morocco,96.71,POS,23,2025-04-30 09:35:10
TX003980,C1645,UAE,342.89,ONLINE,22,2025-04-13 18:58:25
TX003981,C1389,Spain,78.81,ATM,43,2025-04-25 23:16:23
TX003982,C1770,France,155.65,ONLINE,81,2025-04-03 18:29:02
TX003983,C1991,UAE,193.21,ONLINE,48,2025-04-04 17:57:33
TX003984,C2129,Turkey,633.76,POS,49,2025-04-06 02:19:57
TX003985,C2093,France,98.27,POS,40,2025-04-23 01:35:34
TX003986,C1989,China,382.19,CARD,51,2025-04-04 09:11:29
TX003987,C2175,Germany,53.49,ONLINE,79,2025-04-11 17:04:13
TX003988,C1259,UK,280.12,CARD,36,2025-04-19 12:24:48
TX003989,C1020,France,312.38,ATM,9,2025-04-09 03:08:00
TX003990,C1801,UAE,194.98,ATM,48,2025-04-16 02:55:56
TX003991,C2027,Morocco,186.06,ATM,51,2025-04-30 11:36:40
TX003992,C2146,Morocco,30.96,POS,16,2025-04-28 20:01:23
TX003993,C2044,Turkey,95.44,CARD,10,2025-04-13 15:16:25
TX003994,C1008,Germany,232.23,ATM,27,2025-04-24 15:25:39
TX003995,C1224,Canada,168.18,CARD,31,2025-04-05 08:38:26
TX003996,C1062,Spain,58.87,POS,48,2025-04-05 16:15:45
TX003997,C2351,Spain,6849.01,TRANSFER,81,2025-04-25 12:23:37
TX003998,C1415,France,47.23,CARD,22,2025-04-04 03:50:44
TX003999,C2072,Turkey,156.41,ONLINE,74,2025-04-23 02:30:38
TX004000,C2407,Germany,325.45,CARD,62,2025-04-27 02:03:16
TX004001,C1869,France,523.40,TRANSFER,57,2025-04-25 13:24:09
TX004002,C1842,China,257.36,ONLINE,46,2025-04-28 02:41:35
TX004003,C1961,France,2613.53,TRANSFER,95,2025-04-07 10:28:57
TX004004,C1731,Spain,65.96,ATM,43,2025-04-25 02:25:53
TX004005,C2285,Turkey,45.41,POS,15,2025-04-01 03:54:02
TX004006,C1751,France,265.20,POS,41,2025-04-04 14:27:59
TX004007,C1684,China,153.68,ATM,50,2025-04-28 07:21:33
TX004008,C2416,Morocco,98.39,POS,19,2025-04-17 19:35:09
TX004009,C1772,Germany,741.10,CARD,38,2025-04-10 09:15:57
TX004010,C1710,China,77.80,ONLINE,17,2025-04-08 18:42:24
TX004011,C1078,Canada,8890.38,TRANSFER,45,2025-04-03 06:17:58
TX004012,C2111,China,9228.72,TRANSFER,63,2025-04-30 06:47:02
TX004013,C1266,UK,25.60,POS,37,2025-04-16 18:28:51
TX004014,C2142,Morocco,147.93,ONLINE,49,2025-04-16 00:23:14
TX004015,C1681,USA,1043.46,TRANSFER,82,2025-04-30 13:18:02
TX004016,C1642,Germany,32.60,POS,23,2025-04-12 09:30:42
TX004017,C1258,UAE,146.02,POS,16,2025-04-09 16:35:30
TX004018,C2051,Canada,391.37,ATM,38,2025-04-20 15:45:47
TX004019,C2086,Morocco,62.07,ATM,22,2025-04-20 20:32:29
TX004020,C1216,Canada,97.79,ATM,59,2025-04-07 08:56:05
TX004021,C2379,Canada,207.79,TRANSFER,99,2025-04-07 02:09:27
TX004022,C2155,China,90.38,POS,42,2025-04-29 12:23:01
TX004023,C1993,USA,330.10,ATM,12,2025-04-10 09:33:36
TX004024,C1292,UAE,518.65,ONLINE,19,2025-04-13 09:02:04
TX004025,C1187,Spain,231.13,CARD,20,2025-04-24 18:59:35
TX004026,C1742,UAE,288.80,ATM,35,2025-04-13 06:15:55
TX004027,C1660,Spain,199.37,ATM,33,2025-04-03 05:03:50
TX004028,C1151,Canada,1226.53,ONLINE,64,2025-04-22 22:47:10
TX004029,C2369,USA,289.58,POS,8,2025-04-15 06:16:50
TX004030,C1624,Canada,105.53,POS,21,2025-04-07 23:50:21
TX004031,C1587,China,136.59,ATM,1,2025-04-18 03:23:27
TX004032,C1087,UAE,138.02,ONLINE,56,2025-04-02 07:44:41
TX004033,C1740,China,174.60,ONLINE,51,2025-04-30 07:14:44
TX004034,C2048,Canada,203.36,TRANSFER,46,2025-04-17 13:37:25
TX004035,C2297,UAE,234.43,ATM,1,2025-04-09 06:20:50
TX004036,C2285,Spain,55.57,POS,53,2025-04-06 08:51:48
TX004037,C1657,Morocco,7327.20,TRANSFER,44,2025-04-26 09:14:17
TX004038,C1173,Spain,100.86,POS,18,2025-04-05 18:52:43
TX004039,C1599,UAE,242.85,CARD,12,2025-04-13 22:56:03
TX004040,C1913,UK,2461.73,TRANSFER,64,2025-04-14 22:12:11
TX004041,C2063,Turkey,6658.01,TRANSFER,31,2025-04-11 19:19:30
TX004042,C1694,Turkey,56.68,POS,35,2025-04-28 14:18:26
TX004043,C1538,Canada,26.17,POS,3,2025-04-12 23:49:17
TX004044,C2086,France,89.08,CARD,7,2025-04-10 03:20:34
TX004045,C1223,USA,87.05,CARD,54,2025-04-07 05:38:36
TX004046,C1574,Spain,7044.80,TRANSFER,35,2025-04-19 07:39:25
TX004047,C1756,Turkey,188.59,CARD,21,2025-04-02 01:40:33
TX004048,C1199,Turkey,31.09,POS,1,2025-04-24 18:23:12
TX004049,C1079,UAE,70.79,ONLINE,47,2025-04-02 01:02:11
TX004050,C1011,France,383.10,TRANSFER,54,2025-04-30 14:27:52
TX004051,C1776,USA,151.31,ONLINE,59,2025-04-28 11:57:47
TX004052,C2468,Canada,349.46,ONLINE,40,2025-04-30 21:58:11
TX004053,C1227,France,124.16,CARD,35,2025-04-23 09:06:44
TX004054,C2454,France,286.59,CARD,35,2025-04-09 11:20:55
TX004055,C2423,UK,414.48,ATM,44,2025-04-12 05:36:15
TX004056,C2333,Morocco,102.21,POS,1,2025-04-15 21:42:54
TX004057,C1895,Turkey,183.04,ATM,32,2025-04-13 00:34:26
TX004058,C1076,France,240.21,ATM,9,2025-04-12 15:15:16
TX004059,C1121,UAE,72.12,POS,9,2025-04-27 12:44:45
TX004060,C1512,UK,174.09,ATM,15,2025-04-04 16:57:57
TX004061,C1897,Turkey,890.02,ONLINE,54,2025-04-07 15:19:27
TX004062,C1069,China,177.81,ATM,59,2025-04-27 01:50:36
TX004063,C1482,France,1076.25,ONLINE,59,2025-04-05 03:30:35
TX004064,C1234,Canada,936.70,ONLINE,62,2025-04-01 16:55:34
TX004065,C1932,UAE,441.74,CARD,13,2025-04-23 13:20:31
TX004066,C1787,Spain,328.34,POS,22,2025-04-21 14:46:36
TX004067,C1857,Spain,642.17,TRANSFER,58,2025-04-08 08:03:17
TX004068,C1338,USA,764.16,TRANSFER,67,2025-04-23 17:44:55
TX004069,C2269,Turkey,791.02,CARD,71,2025-04-09 19:29:07
TX004070,C1385,Morocco,103.18,CARD,42,2025-04-08 16:20:14
TX004071,C1408,UAE,186.47,ATM,41,2025-04-25 00:36:09
TX004072,C2270,Germany,51.91,ONLINE,56,2025-04-07 01:38:31
TX004073,C1757,Canada,1453.53,TRANSFER,68,2025-04-08 01:41:07
TX004074,C1228,UK,47.34,POS,43,2025-04-26 03:47:46
TX004075,C2157,China,93.06,CARD,32,2025-04-25 20:38:37
TX004076,C1928,Germany,707.41,ONLINE,56,2025-04-08 22:53:30
TX004077,C2379,UAE,377.38,TRANSFER,42,2025-04-03 00:08:51
TX004078,C2265,USA,7789.48,TRANSFER,49,2025-04-14 13:17:23
TX004079,C1148,France,120.43,CARD,47,2025-04-27 04:56:19
TX004080,C1322,Morocco,77.67,POS,36,2025-04-27 00:17:45
TX004081,C2084,UK,130.78,ATM,2,2025-04-11 15:18:30
TX004082,C1632,UK,311.04,TRANSFER,40,2025-04-20 07:07:43
TX004083,C2410,Canada,596.54,ONLINE,69,2025-04-09 03:14:13
TX004084,C1694,Germany,15711.08,TRANSFER,63,2025-04-08 16:37:57
TX004085,C1544,France,155.65,POS,1,2025-04-22 08:03:24
TX004086,C1383,Canada,670.92,TRANSFER,85,2025-04-26 03:03:21
TX004087,C1850,Turkey,222.98,ONLINE,80,2025-04-30 02:44:57
TX004088,C1100,France,253.53,ATM,36,2025-04-19 19:56:00
TX004089,C1357,Morocco,321.63,ONLINE,49,2025-04-22 14:21:50
TX004090,C1559,UK,1195.22,POS,25,2025-04-07 02:49:54
TX004091,C1679,UK,177.32,ATM,28,2025-04-26 20:16:52
TX004092,C1409,USA,104.43,ATM,16,2025-04-20 12:05:20
TX004093,C2084,Spain,249.86,ATM,1,2025-04-02 12:47:22
TX004094,C1955,Canada,191.08,ONLINE,53,2025-04-18 14:04:04
TX004095,C1843,France,71.12,CARD,61,2025-04-09 02:42:01
TX004096,C1666,Turkey,78.88,POS,26,2025-04-14 13:53:27
TX004097,C2358,China,1766.44,TRANSFER,53,2025-04-10 22:37:12
TX004098,C2231,UAE,370.60,ONLINE,42,2025-04-18 12:53:53
TX004099,C1278,France,69.01,CARD,31,2025-04-24 10:42:23
TX004100,C1687,UAE,1640.20,TRANSFER,76,2025-04-14 03:57:13
TX004101,C1197,France,159.62,ATM,29,2025-04-03 01:36:02
TX004102,C1249,Turkey,210.30,ATM,17,2025-04-08 13:28:44
TX004103,C1827,China,4461.58,TRANSFER,54,2025-04-12 05:40:04
TX004104,C2444,France,347.01,CARD,12,2025-04-11 09:31:10
TX004105,C1671,USA,46.62,CARD,21,2025-04-02 09:50:28
TX004106,C1004,France,168.76,ATM,45,2025-04-05 17:51:43
TX004107,C1648,Canada,3339.50,TRANSFER,85,2025-04-28 08:38:13
TX004108,C1161,UAE,230.04,TRANSFER,79,2025-04-20 04:35:29
TX004109,C2105,Germany,83.50,POS,16,2025-04-12 01:32:47
TX004110,C1059,UAE,161.15,ONLINE,31,2025-04-28 06:20:21
TX004111,C1641,Spain,421.33,CARD,28,2025-04-19 05:12:12
TX004112,C1857,Morocco,600.83,TRANSFER,99,2025-04-15 03:06:22
TX004113,C2399,UAE,219.90,CARD,30,2025-04-22 15:03:40
TX004114,C2043,Canada,5467.71,TRANSFER,61,2025-04-11 01:04:55
TX004115,C2171,Canada,99.71,ONLINE,15,2025-04-29 23:47:12
TX004116,C1253,Canada,214.74,ONLINE,25,2025-04-30 12:22:27
TX004117,C2299,Spain,456.96,POS,12,2025-04-20 19:52:39
TX004118,C1807,UK,243.65,ONLINE,22,2025-04-17 07:16:28
TX004119,C2362,Germany,71.00,ATM,59,2025-04-27 09:28:02
TX004120,C2253,China,234.69,CARD,21,2025-04-30 13:50:58
TX004121,C2427,UAE,30.97,POS,35,2025-04-20 10:40:10
TX004122,C2380,Morocco,86.58,POS,29,2025-04-03 19:24:38
TX004123,C1579,Morocco,56.49,ATM,15,2025-04-20 23:04:44
TX004124,C1040,China,41.43,POS,1,2025-04-14 06:20:05
TX004125,C1938,France,209.36,ONLINE,24,2025-04-15 22:54:39
TX004126,C2002,Spain,123.99,CARD,14,2025-04-10 22:47:56
TX004127,C1937,France,119.38,ATM,1,2025-04-22 16:22:35
TX004128,C2257,France,123.57,POS,38,2025-04-29 03:10:26
TX004129,C2053,Germany,202.30,CARD,60,2025-04-05 05:37:42
TX004130,C1591,France,191.89,ATM,34,2025-04-07 06:40:01
TX004131,C2011,Canada,48.95,POS,57,2025-04-24 04:01:01
TX004132,C1952,Canada,697.04,CARD,41,2025-04-29 01:44:31
TX004133,C2376,USA,1008.48,TRANSFER,77,2025-04-21 01:38:02
TX004134,C1920,UAE,94.16,ONLINE,44,2025-04-02 06:33:49
TX004135,C2177,USA,66.20,POS,69,2025-04-21 05:09:42
TX004136,C1327,France,161.16,ONLINE,30,2025-04-08 12:06:59
TX004137,C1223,USA,91.61,CARD,15,2025-04-24 12:28:01
TX004138,C1618,UAE,577.91,ONLINE,48,2025-04-04 10:44:02
TX004139,C2032,UAE,2177.94,TRANSFER,60,2025-04-13 11:46:39
TX004140,C2111,UAE,225.74,CARD,29,2025-04-30 12:43:57
TX004141,C2339,Morocco,1493.56,TRANSFER,66,2025-04-17 22:13:56
TX004142,C1462,Germany,146.23,POS,40,2025-04-11 05:49:11
TX004143,C2500,France,59.20,POS,1,2025-04-26 15:49:25
TX004144,C1567,UAE,129.55,ATM,1,2025-04-19 18:22:54
TX004145,C1596,Morocco,392.04,CARD,26,2025-04-23 09:11:25
TX004146,C1414,France,248.65,CARD,13,2025-04-20 12:33:51
TX004147,C1066,Germany,60.47,POS,1,2025-04-27 05:28:36
TX004148,C2410,UAE,84.40,CARD,21,2025-04-04 10:02:36
TX004149,C1914,Germany,31.61,POS,20,2025-04-15 05:22:06
TX004150,C1987,UAE,17087.83,TRANSFER,45,2025-04-05 10:39:42
TX004151,C1689,China,138.96,ATM,15,2025-04-15 13:30:09
TX004152,C1776,Spain,1786.03,TRANSFER,28,2025-04-16 22:19:35
TX004153,C2391,Canada,102.86,ONLINE,76,2025-04-17 14:09:26
TX004154,C1959,Germany,323.16,ATM,54,2025-04-29 02:33:03
TX004155,C1187,UK,146.20,ONLINE,49,2025-04-07 18:07:59
TX004156,C2228,UK,156.63,ATM,26,2025-04-23 12:28:23
TX004157,C1129,China,89.50,POS,1,2025-04-21 22:59:21
TX004158,C2292,UK,226.09,CARD,21,2025-04-24 17:00:36
TX004159,C1017,Germany,1056.02,CARD,75,2025-04-22 02:40:01
TX004160,C2146,USA,210.64,ONLINE,52,2025-04-23 07:09:22
TX004161,C1499,China,39.90,POS,41,2025-04-01 19:24:46
TX004162,C1581,USA,155.87,ATM,26,2025-04-24 22:05:02
TX004163,C2486,Spain,145.24,CARD,66,2025-04-27 03:42:20
TX004164,C1599,USA,433.79,ATM,31,2025-04-11 03:33:27
TX004165,C2051,France,314.87,CARD,31,2025-04-28 00:58:35
TX004166,C2224,France,224.04,POS,35,2025-04-04 13:53:31
TX004167,C1189,UAE,430.26,CARD,8,2025-04-30 11:15:43
TX004168,C2145,Morocco,165.29,ATM,26,2025-04-10 09:44:29
TX004169,C1627,China,450.33,POS,14,2025-04-12 02:12:07
TX004170,C1220,UK,240.82,CARD,21,2025-04-09 22:25:02
TX004171,C2317,UK,1695.20,TRANSFER,48,2025-04-09 05:42:57
TX004172,C1144,UK,32.24,POS,7,2025-04-14 05:03:28
TX004173,C1904,Spain,799.76,ONLINE,11,2025-04-27 14:42:41
TX004174,C1183,China,182.39,CARD,46,2025-04-13 16:05:30
TX004175,C2117,Canada,131.41,POS,13,2025-04-07 03:55:49
TX004176,C1413,Morocco,58.80,POS,38,2025-04-21 21:02:33
TX004177,C1296,Turkey,59.37,CARD,26,2025-04-02 19:26:24
TX004178,C1365,Germany,70.11,CARD,22,2025-04-11 14:31:15
TX004179,C1261,China,60.59,ONLINE,10,2025-04-19 12:07:16
TX004180,C2118,USA,258.66,POS,24,2025-04-17 18:48:53
TX004181,C1569,Morocco,171.31,CARD,45,2025-04-21 12:26:53
TX004182,C1403,Turkey,301.60,ONLINE,21,2025-04-03 20:20:37
TX004183,C1758,USA,129.08,CARD,25,2025-04-30 07:33:35
TX004184,C2316,France,46.30,ATM,17,2025-04-23 13:20:29
TX004185,C1248,UAE,72.41,ATM,36,2025-04-16 08:25:59
TX004186,C2059,Germany,126.61,CARD,17,2025-04-25 16:42:22
TX004187,C1502,Turkey,129.00,CARD,23,2025-04-23 14:19:27
TX004188,C1278,Canada,223.63,POS,26,2025-04-25 14:04:14
TX004189,C2173,China,63.23,CARD,67,2025-04-22 14:51:35
TX004190,C2449,France,141.89,POS,16,2025-04-30 06:22:38
TX004191,C1879,Morocco,61.45,POS,26,2025-04-17 06:44:23
TX004192,C2190,China,97.60,POS,28,2025-04-17 20:07:51
TX004193,C2235,Canada,128.28,ATM,1,2025-04-27 15:20:17
TX004194,C2276,UAE,13362.96,TRANSFER,53,2025-04-24 04:44:19
TX004195,C1039,USA,102.16,POS,1,2025-04-08 08:31:34
TX004196,C1272,Canada,173.30,ATM,75,2025-04-20 04:24:57
TX004197,C1084,Morocco,122.68,POS,43,2025-04-07 15:28:25
TX004198,C1309,UK,2464.74,ONLINE,23,2025-04-01 15:52:03
TX004199,C2041,France,88.67,POS,40,2025-04-03 06:45:48
TX004200,C2297,Spain,33.82,POS,3,2025-04-07 00:59:35
TX004201,C1205,Germany,168.92,ONLINE,36,2025-04-09 15:30:42
TX004202,C2311,Turkey,100.53,CARD,61,2025-04-26 11:48:02
TX004203,C1092,USA,1072.78,TRANSFER,65,2025-04-14 17:39:28
TX004204,C1399,Morocco,94.95,ATM,34,2025-04-26 11:27:47
TX004205,C1319,Canada,157.93,CARD,1,2025-04-22 10:29:45
TX004206,C1232,France,160.44,ATM,57,2025-04-30 19:15:25
TX004207,C1546,China,2978.92,TRANSFER,47,2025-04-29 22:02:32
TX004208,C1658,France,117.90,CARD,29,2025-04-21 17:53:29
TX004209,C1469,China,206.43,ATM,26,2025-04-20 23:52:47
TX004210,C1360,Spain,61.33,ATM,28,2025-04-11 13:35:21
TX004211,C1001,Turkey,228.47,ATM,56,2025-04-24 12:04:29
TX004212,C1730,France,177.18,ATM,31,2025-04-08 23:05:18
TX004213,C1247,Spain,117.59,ATM,1,2025-04-01 15:11:57
TX004214,C1247,China,176.86,ONLINE,42,2025-04-20 22:59:25
TX004215,C1098,USA,3099.11,TRANSFER,60,2025-04-08 18:25:47
TX004216,C2329,China,364.09,ATM,22,2025-04-12 15:23:57
TX004217,C2040,Canada,3121.90,TRANSFER,69,2025-04-20 15:14:31
TX004218,C2413,Turkey,63.42,POS,22,2025-04-11 08:06:35
TX004219,C2169,UK,6015.45,TRANSFER,59,2025-04-04 16:12:27
TX004220,C1589,France,121.68,ATM,22,2025-04-16 13:58:36
TX004221,C1633,Spain,238.04,CARD,37,2025-04-08 09:41:42
TX004222,C2164,Canada,15.89,CARD,60,2025-04-16 10:15:43
TX004223,C1814,France,80.75,ATM,34,2025-04-30 14:52:28
TX004224,C1107,China,276.90,CARD,26,2025-04-13 03:00:08
TX004225,C2450,USA,306.38,CARD,17,2025-04-21 15:58:00
TX004226,C1230,Morocco,191.93,POS,37,2025-04-07 12:39:50
TX004227,C1409,Morocco,99.09,POS,1,2025-04-14 20:39:43
TX004228,C1128,UK,410.79,ATM,23,2025-04-26 14:34:16
TX004229,C1598,Canada,230.72,CARD,29,2025-04-27 07:30:02
TX004230,C1700,UAE,4607.59,TRANSFER,59,2025-04-18 16:08:38
TX004231,C1187,Canada,137.13,POS,16,2025-04-15 07:53:07
TX004232,C2202,UAE,4308.69,TRANSFER,91,2025-04-14 18:55:46
TX004233,C2273,Morocco,1395.55,ONLINE,45,2025-04-23 02:12:13
TX004234,C1811,UAE,39.20,CARD,4,2025-04-01 22:05:17
TX004235,C1874,USA,134.69,ATM,49,2025-04-21 04:30:46
TX004236,C1624,Turkey,1346.77,TRANSFER,73,2025-04-19 02:46:19
TX004237,C1427,UK,146.31,ATM,1,2025-04-10 16:35:38
TX004238,C1974,Canada,240.53,POS,13,2025-04-30 23:09:08
TX004239,C2411,UAE,125.17,ATM,45,2025-04-12 11:33:35
TX004240,C1911,Morocco,1750.47,TRANSFER,77,2025-04-26 15:54:18
TX004241,C1284,France,295.92,POS,41,2025-04-06 14:57:44
TX004242,C1674,China,4544.08,TRANSFER,61,2025-04-16 19:27:52
TX004243,C1767,Germany,1481.91,TRANSFER,44,2025-04-09 05:08:43
TX004244,C1176,Germany,76.19,ATM,31,2025-04-17 18:47:15
TX004245,C2143,Germany,193.90,POS,25,2025-04-09 04:58:48
TX004246,C1221,UAE,112.49,CARD,7,2025-04-04 16:10:12
TX004247,C2342,UAE,64.49,POS,1,2025-04-06 07:26:39
TX004248,C2097,France,364.31,CARD,34,2025-04-01 21:27:21
TX004249,C1046,Morocco,92.40,ATM,27,2025-04-10 21:13:25
TX004250,C1857,China,577.34,TRANSFER,42,2025-04-12 10:46:29
TX004251,C1825,France,128.15,CARD,54,2025-04-01 19:47:30
TX004252,C1534,UK,1873.66,TRANSFER,54,2025-04-25 01:02:15
TX004253,C2424,UK,1335.64,TRANSFER,74,2025-04-07 02:34:13
TX004254,C2220,Morocco,5095.34,TRANSFER,82,2025-04-16 08:44:03
TX004255,C2431,Spain,844.90,ATM,1,2025-04-27 09:55:58
TX004256,C2091,France,48.10,POS,9,2025-04-29 06:39:29
TX004257,C1478,France,178.35,ATM,52,2025-04-05 09:19:02
TX004258,C2109,China,135.58,ONLINE,31,2025-04-01 12:23:43
TX004259,C1197,UAE,62.71,POS,25,2025-04-05 13:59:37
TX004260,C2082,France,820.49,ONLINE,20,2025-04-09 21:48:04
TX004261,C1705,UK,73.07,POS,15,2025-04-11 12:12:44
TX004262,C1456,China,4702.36,TRANSFER,33,2025-04-04 15:23:13
TX004263,C1222,Germany,338.04,CARD,9,2025-04-18 08:17:25
TX004264,C1281,Morocco,113.50,ATM,64,2025-04-27 08:49:52
TX004265,C1526,France,1616.10,TRANSFER,39,2025-04-13 19:27:24
TX004266,C1963,USA,217.36,CARD,30,2025-04-12 22:11:56
TX004267,C1530,Germany,900.88,TRANSFER,74,2025-04-04 04:28:15
TX004268,C2142,Germany,65.87,POS,1,2025-04-22 10:09:20
TX004269,C1416,UAE,86.23,ATM,49,2025-04-15 01:50:32
TX004270,C1375,Turkey,87.92,POS,21,2025-04-07 00:10:00
TX004271,C2475,France,6076.30,TRANSFER,64,2025-04-07 02:16:55
TX004272,C1033,USA,194.07,CARD,38,2025-04-11 08:24:55
TX004273,C1440,Canada,57.03,POS,27,2025-04-17 11:22:49
TX004274,C1465,France,438.74,CARD,40,2025-04-19 10:31:33
TX004275,C1373,Canada,3780.16,TRANSFER,65,2025-04-25 11:06:11
TX004276,C1569,Spain,80.95,ATM,3,2025-04-04 15:14:51
TX004277,C1601,Germany,139.14,TRANSFER,61,2025-04-16 08:01:18
TX004278,C2382,France,108.97,ATM,23,2025-04-29 14:23:50
TX004279,C1137,France,190.88,TRANSFER,15,2025-04-01 15:38:58
TX004280,C1170,Spain,45.96,ATM,78,2025-04-18 00:54:35
TX004281,C1567,Spain,548.64,TRANSFER,70,2025-04-13 02:08:19
TX004282,C1328,Spain,703.14,CARD,43,2025-04-28 05:03:37
TX004283,C1115,Germany,128.36,POS,29,2025-04-11 04:49:58
TX004284,C1747,UAE,183.92,ATM,1,2025-04-02 21:54:12
TX004285,C2068,China,799.62,ONLINE,73,2025-04-12 14:52:04
TX004286,C2308,USA,637.74,TRANSFER,55,2025-04-07 00:09:00
TX004287,C2219,Canada,294.26,CARD,43,2025-04-24 04:14:35
TX004288,C1649,China,157.05,ATM,1,2025-04-24 16:05:52
TX004289,C1857,USA,139.08,ATM,12,2025-04-07 14:31:05
TX004290,C2180,Spain,99.23,ATM,38,2025-04-28 01:04:46
TX004291,C1867,UK,137.48,ATM,21,2025-04-21 03:34:56
TX004292,C1997,Spain,1219.28,TRANSFER,48,2025-04-13 01:58:41
TX004293,C2003,France,689.82,TRANSFER,46,2025-04-09 16:04:40
TX004294,C2438,France,261.86,ONLINE,27,2025-04-25 14:39:08
TX004295,C1836,China,168.36,ATM,11,2025-04-10 08:21:17
TX004296,C2431,Canada,905.83,TRANSFER,90,2025-04-05 05:50:09
TX004297,C1494,France,38.31,ONLINE,79,2025-04-18 14:58:06
TX004298,C1730,UAE,132.98,CARD,20,2025-04-21 08:46:12
TX004299,C2112,China,96.87,CARD,19,2025-04-15 01:46:51
TX004300,C1257,Spain,560.16,CARD,47,2025-04-01 04:06:18
TX004301,C1631,UAE,168.79,CARD,69,2025-04-19 11:00:55
TX004302,C1099,China,36.05,CARD,6,2025-04-19 15:29:54
TX004303,C2135,Canada,213.89,CARD,26,2025-04-27 21:33:10
TX004304,C1904,Canada,118.12,POS,12,2025-04-19 13:30:07
TX004305,C1247,UK,611.05,CARD,24,2025-04-04 11:46:09
TX004306,C2361,China,204.84,CARD,27,2025-04-10 21:27:17
TX004307,C2465,Morocco,2975.75,TRANSFER,63,2025-04-18 14:16:04
TX004308,C1482,Morocco,43.13,POS,46,2025-04-20 02:34:18
TX004309,C2042,France,146.48,ATM,48,2025-04-19 05:39:14
TX004310,C2369,Morocco,126.28,POS,7,2025-04-03 04:44:04
TX004311,C1148,UK,38.87,POS,48,2025-04-05 00:13:08
TX004312,C2254,UK,208.39,POS,26,2025-04-29 22:21:08
TX004313,C1175,Turkey,92.92,ATM,8,2025-04-28 03:06:34
TX004314,C1756,Spain,70.39,CARD,63,2025-04-01 04:07:30
TX004315,C1375,UK,111.94,CARD,1,2025-04-19 10:37:55
TX004316,C2226,Germany,84.10,ONLINE,46,2025-04-18 02:26:47
TX004317,C1803,UAE,636.95,CARD,38,2025-04-11 01:38:20
TX004318,C1207,UK,39.60,CARD,32,2025-04-05 01:53:01
TX004319,C2275,USA,782.90,TRANSFER,36,2025-04-08 13:46:23
TX004320,C1849,USA,140.02,POS,31,2025-04-09 16:27:47
TX004321,C1877,France,4362.49,TRANSFER,22,2025-04-29 13:47:37
TX004322,C1463,UK,183.99,CARD,39,2025-04-27 03:09:34
TX004323,C1519,China,89.43,POS,4,2025-04-24 15:51:58
TX004324,C1350,France,87.60,POS,47,2025-04-06 22:59:04
TX004325,C1252,Morocco,51.67,CARD,10,2025-04-20 11:55:43
TX004326,C2351,USA,197.34,CARD,42,2025-04-19 08:12:25
TX004327,C1924,China,242.65,ATM,59,2025-04-03 08:01:48
TX004328,C1960,USA,119.14,ATM,17,2025-04-03 19:52:14
TX004329,C1187,Morocco,48.47,ONLINE,35,2025-04-29 19:22:29
TX004330,C2148,France,7048.15,TRANSFER,73,2025-04-09 19:15:08
TX004331,C1998,UAE,6436.32,TRANSFER,61,2025-04-20 05:50:12
TX004332,C2490,UK,47.99,CARD,21,2025-04-23 09:56:28
TX004333,C1929,UK,25.94,POS,61,2025-04-21 00:00:38
TX004334,C2049,UAE,7444.51,TRANSFER,40,2025-04-06 22:59:20
TX004335,C2047,UK,10.51,ONLINE,62,2025-04-10 21:17:10
TX004336,C1606,Spain,143.84,CARD,4,2025-04-15 13:37:40
TX004337,C1218,China,157.64,ONLINE,26,2025-04-21 21:02:48
TX004338,C2105,Morocco,102.00,ATM,18,2025-04-23 12:05:45
TX004339,C1307,France,50.89,CARD,54,2025-04-18 04:36:40
TX004340,C1931,Canada,134.41,CARD,13,2025-04-12 23:36:15
TX004341,C2354,UAE,210.20,POS,59,2025-04-30 02:21:57
TX004342,C1153,Germany,132.60,CARD,24,2025-04-09 10:17:11
TX004343,C2383,Morocco,172.56,CARD,52,2025-04-21 01:06:21
TX004344,C2474,China,191.51,ATM,12,2025-04-18 22:43:22
TX004345,C2001,France,194.22,CARD,1,2025-04-26 16:36:09
TX004346,C2104,Germany,143.64,ATM,44,2025-04-04 03:52:10
TX004347,C1131,Spain,1603.34,ONLINE,52,2025-04-10 21:56:40
TX004348,C2020,Germany,95.83,ATM,49,2025-04-25 02:58:28
TX004349,C1652,Morocco,1272.56,TRANSFER,28,2025-04-23 15:15:26
TX004350,C1378,Spain,90.29,ATM,35,2025-04-24 21:01:58
TX004351,C1058,Spain,104.15,POS,22,2025-04-24 18:19:28
TX004352,C1295,Spain,393.33,TRANSFER,36,2025-04-10 00:40:03
TX004353,C2127,China,816.42,CARD,19,2025-04-28 18:02:19
TX004354,C1478,Turkey,734.07,ONLINE,18,2025-04-05 14:16:10
TX004355,C2066,Spain,129.25,ONLINE,67,2025-04-27 16:56:57
TX004356,C2172,Turkey,2147.67,TRANSFER,85,2025-04-30 17:42:00
TX004357,C2237,France,362.19,ATM,1,2025-04-29 08:00:29
TX004358,C2466,Canada,185.60,ATM,23,2025-04-13 06:20:07
TX004359,C1822,France,48.11,POS,13,2025-04-28 23:42:58
TX004360,C2182,UK,117.87,POS,7,2025-04-16 06:03:12
TX004361,C1032,UAE,4506.51,TRANSFER,21,2025-04-30 13:34:49
TX004362,C1372,UK,175.38,CARD,5,2025-04-17 18:11:21
TX004363,C1754,Germany,182.15,ATM,18,2025-04-22 16:44:36
TX004364,C2228,USA,77.59,POS,13,2025-04-25 04:20:26
TX004365,C2261,UAE,22.48,CARD,19,2025-04-25 15:19:28
TX004366,C1246,UAE,76.86,POS,27,2025-04-08 22:40:45
TX004367,C1879,China,147.49,CARD,22,2025-04-28 16:21:32
TX004368,C1206,Canada,840.70,ONLINE,96,2025-04-02 05:54:20
TX004369,C1887,UAE,88.87,ONLINE,16,2025-04-07 17:39:33
TX004370,C1370,Spain,14.54,POS,18,2025-04-29 01:24:03
TX004371,C1022,Turkey,105.49,POS,53,2025-04-16 14:45:30
TX004372,C2272,Spain,269.29,POS,1,2025-04-23 22:47:56
TX004373,C1337,France,62.27,POS,7,2025-04-02 06:04:52
TX004374,C2012,Canada,20.00,POS,20,2025-04-23 20:44:09
TX004375,C2143,Canada,2944.91,TRANSFER,46,2025-04-25 07:06:00
TX004376,C2450,Canada,308.98,POS,39,2025-04-27 02:10:52
TX004377,C1588,Spain,31.73,POS,42,2025-04-22 11:28:38
TX004378,C1128,UAE,106.09,ATM,71,2025-04-18 09:33:00
TX004379,C1392,UAE,637.93,ATM,39,2025-04-14 09:27:57
TX004380,C1751,UAE,111.85,POS,2,2025-04-22 09:48:13
TX004381,C1822,Germany,152.71,CARD,52,2025-04-10 00:05:07
TX004382,C1427,USA,3564.95,TRANSFER,84,2025-04-08 12:20:16
TX004383,C1068,China,62.36,CARD,61,2025-04-02 01:54:09
TX004384,C2084,Spain,2123.12,ONLINE,38,2025-04-01 04:11:07
TX004385,C2205,China,100.94,CARD,11,2025-04-22 09:30:23
TX004386,C2339,France,187.69,ATM,29,2025-04-19 16:19:47
TX004387,C1261,Canada,227.02,POS,46,2025-04-09 15:43:27
TX004388,C1260,UK,58.49,ATM,9,2025-04-18 20:34:08
TX004389,C2480,Canada,4100.27,TRANSFER,27,2025-04-12 07:48:52
TX004390,C2327,Germany,277.80,CARD,29,2025-04-08 08:59:15
TX004391,C1859,Spain,227.56,ATM,59,2025-04-05 06:54:01
TX004392,C1996,UK,151.43,ATM,21,2025-04-02 12:00:33
TX004393,C1144,Spain,126.43,CARD,65,2025-04-02 10:00:51
TX004394,C2464,Germany,116.93,ATM,1,2025-04-09 08:24:18
TX004395,C1138,Canada,121.18,CARD,20,2025-04-13 16:24:58
TX004396,C2236,Turkey,231.89,ATM,24,2025-04-26 10:13:39
TX004397,C1732,Canada,584.53,CARD,29,2025-04-26 21:22:19
TX004398,C1110,Germany,1214.59,ONLINE,81,2025-04-24 14:24:40
TX004399,C2307,UK,148.51,POS,27,2025-04-22 19:19:13
TX004400,C1878,Morocco,44.52,ATM,18,2025-04-24 11:53:34
TX004401,C1496,Turkey,396.04,TRANSFER,89,2025-04-19 21:36:40
TX004402,C1250,Spain,351.98,ATM,20,2025-04-13 07:49:53
TX004403,C1215,China,71.77,TRANSFER,75,2025-04-17 00:04:30
TX004404,C1395,UAE,538.37,CARD,26,2025-04-13 18:05:14
TX004405,C1289,UK,3034.71,TRANSFER,58,2025-04-13 00:35:06
TX004406,C2053,UK,41.48,CARD,42,2025-04-06 16:33:03
TX004407,C1196,Canada,1529.79,TRANSFER,31,2025-04-19 17:15:54
TX004408,C1106,Germany,4502.08,TRANSFER,70,2025-04-07 22:38:18
TX004409,C2205,France,3182.42,TRANSFER,46,2025-04-29 03:46:56
TX004410,C1274,China,97.01,CARD,51,2025-04-29 23:17:46
TX004411,C1249,Germany,91.92,POS,33,2025-04-19 08:08:24
TX004412,C2405,UK,343.70,POS,43,2025-04-07 15:31:47
TX004413,C1775,Spain,106.45,POS,1,2025-04-14 05:04:06
TX004414,C2412,UK,1096.93,TRANSFER,62,2025-04-12 18:45:59
TX004415,C1226,Morocco,91.14,POS,20,2025-04-12 21:01:13
TX004416,C1350,USA,1509.68,TRANSFER,37,2025-04-08 20:47:20
TX004417,C2008,China,694.66,TRANSFER,60,2025-04-24 16:22:01
TX004418,C1814,Turkey,39.77,POS,47,2025-04-08 05:48:11
TX004419,C1750,Canada,1027.73,TRANSFER,53,2025-04-04 22:27:46
TX004420,C1915,France,458.89,TRANSFER,82,2025-04-07 07:52:23
TX004421,C1101,Germany,1388.70,TRANSFER,44,2025-04-24 10:36:44
TX004422,C1947,Morocco,124.10,POS,34,2025-04-21 15:09:29
TX004423,C1753,China,283.25,CARD,25,2025-04-15 06:16:29
TX004424,C1309,Spain,539.75,ATM,43,2025-04-06 20:15:06
TX004425,C1999,USA,165.50,POS,7,2025-04-01 15:00:09
TX004426,C2463,France,350.28,ONLINE,32,2025-04-26 19:00:01
TX004427,C2257,France,272.12,ONLINE,53,2025-04-12 19:07:01
TX004428,C1363,France,144.43,CARD,33,2025-04-14 07:21:06
TX004429,C2284,China,597.03,ONLINE,16,2025-04-22 06:38:49
TX004430,C1016,Canada,82.92,CARD,29,2025-04-28 05:57:43
TX004431,C2328,Canada,130.30,ATM,32,2025-04-11 07:47:35
TX004432,C1204,France,82.11,POS,16,2025-04-20 21:34:41
TX004433,C1554,Germany,207.05,CARD,30,2025-04-28 10:12:05
TX004434,C2364,Turkey,447.64,CARD,45,2025-04-28 00:41:39
TX004435,C1411,France,71.60,CARD,38,2025-04-16 17:30:08
TX004436,C1567,France,5654.32,TRANSFER,58,2025-04-14 08:17:29
TX004437,C1180,Morocco,240.26,POS,49,2025-04-27 12:57:33
TX004438,C2163,USA,476.24,CARD,50,2025-04-14 03:44:22
TX004439,C1306,Morocco,1170.82,POS,10,2025-04-23 11:00:59
TX004440,C1027,Germany,17721.02,TRANSFER,8,2025-04-23 15:03:55
TX004441,C1614,France,257.36,ONLINE,61,2025-04-27 11:29:30
TX004442,C1734,Spain,248.49,POS,20,2025-04-12 16:26:19
TX004443,C2297,Germany,14650.49,TRANSFER,67,2025-04-29 06:32:38
TX004444,C1693,China,373.26,ATM,37,2025-04-10 07:34:10
TX004445,C2162,UAE,203.78,CARD,33,2025-04-04 18:24:39
TX004446,C1120,USA,388.92,TRANSFER,45,2025-04-20 22:51:37
TX004447,C1835,UAE,30.74,POS,46,2025-04-17 22:31:48
TX004448,C1309,France,211.44,ATM,33,2025-04-16 19:58:17
TX004449,C1220,China,157.09,CARD,15,2025-04-23 09:59:14
TX004450,C1149,UAE,534.61,ATM,43,2025-04-29 22:38:19
TX004451,C1796,Canada,34.28,POS,13,2025-04-28 07:00:51
TX004452,C1421,France,466.33,ONLINE,28,2025-04-18 07:48:08
TX004453,C1557,USA,82.09,ATM,42,2025-04-05 18:09:20
TX004454,C1259,Turkey,74.64,CARD,20,2025-04-18 22:50:55
TX004455,C1454,France,272.62,POS,1,2025-04-02 19:40:45
TX004456,C1303,Morocco,81.41,CARD,21,2025-04-09 04:04:52
TX004457,C1985,Spain,159.72,ATM,25,2025-04-15 05:31:52
TX004458,C1247,Germany,536.33,POS,7,2025-04-12 06:23:29
TX004459,C2411,China,245.90,CARD,56,2025-04-30 01:00:48
TX004460,C2208,France,445.44,POS,23,2025-04-20 21:43:01
TX004461,C2124,Spain,5702.02,TRANSFER,50,2025-04-23 06:18:13
TX004462,C2086,Morocco,376.37,POS,37,2025-04-23 02:14:57
TX004463,C2187,UK,923.94,ONLINE,43,2025-04-28 08:35:22
TX004464,C1179,France,133.02,ATM,39,2025-04-25 00:06:05
TX004465,C1925,France,121.37,ATM,23,2025-04-18 03:32:56
TX004466,C1196,UAE,328.52,CARD,42,2025-04-03 01:05:03
TX004467,C2322,China,66.13,ONLINE,63,2025-04-27 19:58:46
TX004468,C1451,UK,299.10,CARD,33,2025-04-27 21:36:03
TX004469,C2161,Turkey,75.67,ATM,1,2025-04-06 20:23:07
TX004470,C1802,Canada,230.10,ONLINE,18,2025-04-26 19:16:10
TX004471,C1952,Morocco,38.47,POS,7,2025-04-01 15:22:16
TX004472,C2374,UK,324.92,CARD,32,2025-04-16 20:18:31
TX004473,C2411,UAE,50.65,CARD,17,2025-04-27 07:17:06
TX004474,C2364,Spain,372.78,CARD,54,2025-04-25 05:33:11
TX004475,C1969,UK,588.47,CARD,45,2025-04-26 16:05:44
TX004476,C1807,Spain,119.04,ATM,38,2025-04-25 14:09:39
TX004477,C2204,Canada,322.59,CARD,61,2025-04-30 23:51:17
TX004478,C1469,China,101.99,ATM,29,2025-04-12 01:37:16
TX004479,C1690,Germany,859.76,TRANSFER,36,2025-04-15 16:34:47
TX004480,C1910,UK,1098.40,TRANSFER,62,2025-04-10 22:57:56
TX004481,C1842,Morocco,292.07,CARD,46,2025-04-03 05:35:01
TX004482,C2257,Morocco,21.27,POS,1,2025-04-19 14:46:23
TX004483,C2364,Canada,466.62,CARD,48,2025-04-14 17:29:21
TX004484,C2108,Morocco,264.32,CARD,47,2025-04-05 17:01:35
TX004485,C1493,Morocco,172.13,ATM,5,2025-04-08 17:31:44
TX004486,C1761,Turkey,82.74,ATM,46,2025-04-27 11:58:12
TX004487,C2337,Spain,244.13,ATM,1,2025-04-17 05:35:32
TX004488,C1755,Germany,59.64,POS,8,2025-04-14 21:13:41
TX004489,C1725,Canada,6234.11,TRANSFER,43,2025-04-19 07:06:45
TX004490,C1817,France,333.84,CARD,41,2025-04-01 22:28:48
TX004491,C1890,France,142.16,ATM,1,2025-04-09 06:48:44
TX004492,C1288,Turkey,129.98,CARD,60,2025-04-25 04:37:01
TX004493,C1650,USA,142.72,ONLINE,20,2025-04-13 16:33:03
TX004494,C2475,France,125.86,ATM,32,2025-04-07 23:16:36
TX004495,C1740,UAE,380.19,CARD,67,2025-04-14 13:01:23
TX004496,C2218,UAE,503.56,ONLINE,32,2025-04-26 06:17:19
TX004497,C1342,Germany,1396.18,ONLINE,20,2025-04-09 15:58:37
TX004498,C1037,UK,138.79,POS,29,2025-04-23 15:15:47
TX004499,C2348,Canada,923.61,ONLINE,41,2025-04-06 16:26:41
TX004500,C1901,China,48.62,POS,30,2025-04-26 17:32:03
TX004501,C2447,China,175.53,ONLINE,29,2025-04-10 16:22:05
TX004502,C1556,Morocco,815.05,TRANSFER,56,2025-04-15 14:02:12
TX004503,C1178,UK,216.85,CARD,1,2025-04-05 09:18:17
TX004504,C2201,Morocco,117.78,ONLINE,57,2025-04-09 23:15:24
TX004505,C1344,France,664.48,TRANSFER,60,2025-04-21 02:16:40
TX004506,C1341,Spain,174.22,ATM,35,2025-04-08 00:40:34
TX004507,C1688,UAE,70.65,POS,6,2025-04-24 03:32:05
TX004508,C2055,France,417.22,CARD,14,2025-04-20 08:25:46
TX004509,C1944,Canada,1329.25,TRANSFER,24,2025-04-05 14:59:25
TX004510,C1887,Turkey,323.28,ONLINE,69,2025-04-16 02:19:22
TX004511,C1434,China,5527.63,TRANSFER,73,2025-04-05 05:22:42
TX004512,C1419,China,4548.62,TRANSFER,73,2025-04-03 05:16:53
TX004513,C1654,Morocco,30.51,POS,45,2025-04-28 06:08:10
TX004514,C1542,UAE,149.99,POS,3,2025-04-25 12:45:17
TX004515,C1890,Morocco,1566.07,ONLINE,61,2025-04-04 00:42:58
TX004516,C2450,Spain,35.49,CARD,30,2025-04-30 20:08:44
TX004517,C2197,UK,2836.54,TRANSFER,56,2025-04-29 00:16:19
TX004518,C2251,UK,154.78,ATM,47,2025-04-29 10:53:19
TX004519,C2044,China,68.59,POS,42,2025-04-14 00:15:32
TX004520,C2440,Spain,29.97,ATM,47,2025-04-09 05:32:22
TX004521,C1945,Spain,452.43,ONLINE,70,2025-04-13 00:41:10
TX004522,C1560,Spain,203.41,ONLINE,33,2025-04-11 16:44:15
TX004523,C2404,Germany,690.77,ONLINE,22,2025-04-05 18:23:29
TX004524,C1996,France,178.17,CARD,32,2025-04-27 06:26:09
TX004525,C2494,Turkey,716.77,CARD,20,2025-04-23 03:22:51
TX004526,C2485,UAE,96.45,POS,73,2025-04-04 02:07:13
TX004527,C1971,USA,169.31,POS,16,2025-04-27 19:29:36
TX004528,C1246,China,1621.92,ONLINE,80,2025-04-26 06:23:56
TX004529,C1658,Turkey,3044.93,TRANSFER,85,2025-04-28 12:41:03
TX004530,C2047,Turkey,116.53,ATM,14,2025-04-13 06:50:35
TX004531,C2458,France,4539.44,TRANSFER,39,2025-04-16 08:06:57
TX004532,C1453,China,67.03,POS,40,2025-04-24 10:18:11
TX004533,C2391,Turkey,293.90,CARD,20,2025-04-03 10:57:52
TX004534,C1518,USA,2914.05,TRANSFER,56,2025-04-07 08:48:25
TX004535,C1528,France,2697.83,TRANSFER,63,2025-04-04 12:59:47
TX004536,C1176,France,2968.95,TRANSFER,41,2025-04-16 23:05:06
TX004537,C2280,China,59.78,POS,21,2025-04-15 16:14:40
TX004538,C1684,France,135.17,ATM,26,2025-04-10 12:51:12
TX004539,C2182,UAE,599.77,TRANSFER,30,2025-04-09 15:04:31
TX004540,C2172,USA,225.44,ATM,23,2025-04-08 16:19:04
TX004541,C2428,UK,21.63,CARD,2,2025-04-27 13:48:10
TX004542,C1073,UK,132.44,ATM,46,2025-04-12 01:17:13
TX004543,C1540,USA,273.47,CARD,46,2025-04-22 06:24:43
TX004544,C2369,Morocco,336.08,CARD,68,2025-04-01 04:57:26
TX004545,C2116,France,99.44,POS,14,2025-04-24 08:33:32
TX004546,C1843,Canada,138.23,CARD,31,2025-04-18 17:07:07
TX004547,C1263,China,201.39,CARD,39,2025-04-18 12:16:30
TX004548,C1029,Spain,41.76,POS,1,2025-04-18 01:10:15
TX004549,C1036,Germany,52.39,ATM,43,2025-04-01 23:58:46
TX004550,C1089,UAE,182.99,CARD,16,2025-04-30 17:46:45
TX004551,C1681,China,1486.44,TRANSFER,88,2025-04-02 19:37:41
TX004552,C1727,China,550.47,ONLINE,40,2025-04-06 05:17:10
TX004553,C1651,Turkey,99.41,ATM,31,2025-04-03 13:59:11
TX004554,C1153,Turkey,432.05,TRANSFER,79,2025-04-15 05:12:20
TX004555,C2402,France,168.27,ATM,29,2025-04-19 02:42:51
TX004556,C1908,UAE,88.55,ATM,40,2025-04-20 08:12:24
TX004557,C1328,China,180.94,ATM,40,2025-04-06 14:26:48
TX004558,C1670,Germany,1494.37,CARD,1,2025-04-21 11:13:55
TX004559,C2101,Canada,273.96,ONLINE,62,2025-04-23 08:31:04
TX004560,C1112,Morocco,421.20,ONLINE,32,2025-04-28 08:03:55
TX004561,C1994,UK,185.43,POS,49,2025-04-19 00:56:27
TX004562,C2477,Canada,596.02,ONLINE,40,2025-04-12 05:12:09
TX004563,C2462,France,25003.06,TRANSFER,59,2025-04-20 19:08:57
TX004564,C1516,Morocco,1516.41,TRANSFER,66,2025-04-28 00:28:54
TX004565,C1381,UAE,55.23,ONLINE,22,2025-04-11 16:41:17
TX004566,C1123,France,443.79,ONLINE,60,2025-04-04 11:33:42
TX004567,C2131,USA,81.09,POS,38,2025-04-15 02:27:08
TX004568,C1869,Turkey,195.36,POS,5,2025-04-08 19:36:17
TX004569,C1263,UK,380.63,ONLINE,27,2025-04-02 22:18:22
TX004570,C1406,USA,40.32,POS,9,2025-04-21 16:00:57
TX004571,C1963,UAE,205.81,CARD,1,2025-04-28 18:51:40
TX004572,C1781,Canada,32.05,CARD,23,2025-04-04 14:23:00
TX004573,C1088,China,215.77,ATM,35,2025-04-17 14:44:48
TX004574,C2202,China,31.39,CARD,13,2025-04-08 19:52:51
TX004575,C1565,Canada,144.22,POS,12,2025-04-24 23:13:50
TX004576,C2408,Spain,32.52,ONLINE,41,2025-04-02 09:28:08
TX004577,C1522,Spain,11392.27,TRANSFER,62,2025-04-30 01:44:06
TX004578,C1039,France,167.52,POS,1,2025-04-01 23:06:22
TX004579,C1928,France,282.69,CARD,24,2025-04-22 00:56:01
TX004580,C2080,Germany,89.74,CARD,34,2025-04-29 11:39:18
TX004581,C2469,Spain,115.21,ONLINE,46,2025-04-09 15:28:43
TX004582,C2265,USA,215.54,CARD,35,2025-04-21 12:29:34
TX004583,C1144,USA,59.91,POS,29,2025-04-20 20:58:40
TX004584,C1260,Canada,159.58,CARD,2,2025-04-20 19:54:39
TX004585,C1675,Germany,703.20,TRANSFER,54,2025-04-06 08:53:42
TX004586,C1068,China,75.12,ATM,1,2025-04-28 08:35:58
TX004587,C1544,Morocco,155.32,ATM,18,2025-04-05 02:45:51
TX004588,C1864,China,70.41,CARD,51,2025-04-24 15:34:22
TX004589,C2195,Morocco,240.32,TRANSFER,57,2025-04-22 06:08:33
TX004590,C1401,USA,88.49,CARD,28,2025-04-17 00:56:35
TX004591,C1043,France,2083.12,TRANSFER,41,2025-04-08 14:06:32
TX004592,C2223,China,265.19,ONLINE,49,2025-04-30 21:25:31
TX004593,C2124,UAE,34.65,POS,45,2025-04-11 23:08:23
TX004594,C2203,Canada,155.58,ATM,39,2025-04-04 01:23:03
TX004595,C2258,USA,296.45,POS,37,2025-04-01 00:49:44
TX004596,C2197,France,232.19,ONLINE,87,2025-04-11 08:27:46
TX004597,C2052,UK,294.94,ATM,54,2025-04-19 01:15:30
TX004598,C1264,China,741.01,ONLINE,88,2025-04-28 05:48:17
TX004599,C2460,Morocco,98.07,POS,27,2025-04-13 21:43:42
TX004600,C1864,Germany,7343.02,TRANSFER,55,2025-04-26 16:23:18
TX004601,C1814,UK,108.19,ONLINE,16,2025-04-03 11:30:38
TX004602,C2406,China,25.72,CARD,44,2025-04-28 11:32:22
TX004603,C1721,UAE,34.66,POS,25,2025-04-19 17:14:03
TX004604,C1120,Canada,719.02,ONLINE,60,2025-04-24 15:44:28
TX004605,C1550,France,74.01,CARD,1,2025-04-29 14:22:35
TX004606,C1588,China,165.74,TRANSFER,47,2025-04-07 19:34:38
TX004607,C1519,Morocco,68.81,POS,11,2025-04-30 15:28:24
TX004608,C1696,Germany,41.14,CARD,49,2025-04-08 06:01:54
TX004609,C1831,Germany,515.68,ONLINE,47,2025-04-12 20:01:05
TX004610,C1622,Canada,259.05,CARD,29,2025-04-15 14:28:30
TX004611,C1358,France,41.91,POS,46,2025-04-03 02:41:26
TX004612,C1324,France,53.91,POS,29,2025-04-17 16:57:52
TX004613,C2159,Turkey,36.53,POS,56,2025-04-05 06:11:51
TX004614,C1172,USA,93.28,CARD,62,2025-04-24 02:26:00
TX004615,C1785,UAE,2289.20,TRANSFER,62,2025-04-10 21:20:42
TX004616,C1714,Morocco,34.27,POS,1,2025-04-29 21:07:46
TX004617,C2365,China,36.59,POS,1,2025-04-05 05:51:33
TX004618,C1472,UK,132.70,ATM,29,2025-04-22 21:36:08
TX004619,C2443,UK,386.36,ONLINE,67,2025-04-13 05:00:23
TX004620,C1191,China,108.21,POS,27,2025-04-06 18:05:13
TX004621,C1148,Spain,140.06,ONLINE,35,2025-04-04 21:01:20
TX004622,C1295,UK,879.84,TRANSFER,70,2025-04-23 19:08:09
TX004623,C1930,France,188.68,ATM,42,2025-04-01 01:31:32
TX004624,C1501,Spain,195.87,POS,1,2025-04-27 06:55:55
TX004625,C2341,Spain,215.89,POS,13,2025-04-10 04:44:39
TX004626,C1153,France,151.66,ATM,27,2025-04-18 15:46:35
TX004627,C2361,France,121.38,CARD,40,2025-04-17 20:50:08
TX004628,C1916,Morocco,511.28,ONLINE,38,2025-04-21 09:53:26
TX004629,C2373,Turkey,81.76,POS,15,2025-04-05 17:35:44
TX004630,C1974,France,111.81,POS,77,2025-04-10 02:23:59
TX004631,C1382,UAE,224.29,POS,40,2025-04-19 23:59:31
TX004632,C1757,Spain,36.51,POS,14,2025-04-03 21:37:06
TX004633,C2031,Turkey,6431.13,TRANSFER,40,2025-04-09 10:21:06
TX004634,C1444,USA,250.55,ATM,43,2025-04-13 00:02:29
TX004635,C1462,UAE,3133.06,TRANSFER,80,2025-04-14 02:39:21
TX004636,C1025,Morocco,63.09,POS,8,2025-04-16 21:18:07
TX004637,C1618,UAE,36.71,POS,26,2025-04-14 20:41:35
TX004638,C2165,Germany,197.49,POS,11,2025-04-28 13:35:52
TX004639,C2182,UK,558.70,POS,34,2025-04-03 07:13:27
TX004640,C1780,Germany,635.02,CARD,34,2025-04-29 06:30:09
TX004641,C1841,Germany,247.37,ATM,35,2025-04-05 22:14:20
TX004642,C2187,China,210.47,ATM,14,2025-04-24 10:44:27
TX004643,C1149,Germany,482.58,TRANSFER,64,2025-04-26 05:50:36
TX004644,C2130,Spain,65.55,ATM,33,2025-04-07 12:23:10
TX004645,C1887,France,2078.79,TRANSFER,67,2025-04-13 02:37:33
TX004646,C2152,Turkey,230.50,POS,20,2025-04-07 23:39:36
TX004647,C2142,France,439.98,CARD,40,2025-04-29 17:40:08
TX004648,C1111,Turkey,66.26,POS,6,2025-04-27 08:43:41
TX004649,C2151,UK,115.17,ATM,37,2025-04-26 08:45:57
TX004650,C2366,USA,387.54,ONLINE,21,2025-04-18 17:26:40
TX004651,C1847,Spain,191.91,CARD,20,2025-04-24 23:25:57
TX004652,C2082,Germany,1625.30,TRANSFER,49,2025-04-22 17:09:06
TX004653,C2156,France,33.69,POS,1,2025-04-24 07:58:52
TX004654,C2199,China,137.90,ONLINE,45,2025-04-05 16:58:01
TX004655,C1845,UK,193.56,CARD,2,2025-04-24 09:31:31
TX004656,C1073,Canada,157.23,ATM,20,2025-04-03 21:31:27
TX004657,C1032,UAE,205.29,ATM,1,2025-04-19 15:23:00
TX004658,C1942,China,1999.93,ONLINE,51,2025-04-10 12:40:12
TX004659,C1850,UK,834.59,TRANSFER,77,2025-04-29 09:03:06
TX004660,C2140,China,128.60,ATM,31,2025-04-07 13:07:35
TX004661,C2010,Spain,222.46,POS,34,2025-04-16 18:39:54
TX004662,C1264,China,281.18,ATM,46,2025-04-13 05:14:42
TX004663,C2255,USA,105.86,ATM,25,2025-04-17 05:13:12
TX004664,C1713,UK,124.58,POS,41,2025-04-09 01:56:21
TX004665,C1745,USA,6450.13,TRANSFER,33,2025-04-05 20:20:29
TX004666,C1886,Germany,69.17,POS,43,2025-04-07 18:59:37
TX004667,C1830,Turkey,281.20,ATM,36,2025-04-28 01:16:55
TX004668,C2062,Morocco,231.52,ATM,1,2025-04-30 12:01:15
TX004669,C1432,Morocco,6025.99,TRANSFER,46,2025-04-15 22:10:28
TX004670,C1613,UAE,2755.78,TRANSFER,54,2025-04-16 20:38:53
TX004671,C1035,Morocco,94.59,POS,38,2025-04-24 01:30:59
TX004672,C1027,Canada,761.67,TRANSFER,49,2025-04-13 04:40:48
TX004673,C1600,UAE,677.27,TRANSFER,68,2025-04-10 00:43:42
TX004674,C1164,USA,3706.04,TRANSFER,60,2025-04-15 00:06:13
TX004675,C2183,China,348.03,CARD,41,2025-04-01 23:46:39
TX004676,C2282,UAE,131.32,ATM,18,2025-04-24 07:26:53
TX004677,C2017,USA,5316.02,TRANSFER,37,2025-04-19 18:41:11
TX004678,C2380,Germany,121.95,ONLINE,11,2025-04-14 10:26:04
TX004679,C1682,China,49.38,POS,13,2025-04-28 09:19:42
TX004680,C1818,USA,129.57,CARD,31,2025-04-18 15:23:54
TX004681,C1274,Morocco,16.46,POS,13,2025-04-28 11:34:30
TX004682,C1254,USA,213.27,ONLINE,54,2025-04-17 00:34:35
TX004683,C2078,China,139.68,POS,20,2025-04-12 18:51:36
TX004684,C1910,UK,287.91,CARD,36,2025-04-19 15:53:30
TX004685,C1180,Turkey,307.29,ONLINE,29,2025-04-09 08:01:45
TX004686,C1445,Turkey,89.49,CARD,27,2025-04-29 04:53:56
TX004687,C1399,Canada,99.16,POS,33,2025-04-09 19:46:59
TX004688,C1235,Spain,184.40,ATM,7,2025-04-24 17:15:43
TX004689,C1649,UAE,3621.74,TRANSFER,51,2025-04-17 00:26:34
TX004690,C2022,Turkey,2532.29,TRANSFER,42,2025-04-09 23:31:49
TX004691,C1463,USA,99.54,POS,16,2025-04-11 14:42:09
TX004692,C2388,China,287.08,ONLINE,43,2025-04-30 01:47:20
TX004693,C2430,Turkey,65.52,POS,14,2025-04-19 10:46:00
TX004694,C2128,UAE,44.59,POS,5,2025-04-10 07:31:36
TX004695,C1641,China,106.37,CARD,2,2025-04-10 05:34:24
TX004696,C1581,USA,69.05,ONLINE,77,2025-04-06 00:56:36
TX004697,C1699,France,11485.76,TRANSFER,45,2025-04-27 17:50:21
TX004698,C2269,Germany,3798.04,TRANSFER,60,2025-04-10 12:26:12
TX004699,C2417,Morocco,393.08,ATM,51,2025-04-09 04:06:03
TX004700,C1050,Morocco,26.07,CARD,34,2025-04-19 13:08:23
TX004701,C1666,Spain,103.33,CARD,51,2025-04-02 01:05:19
TX004702,C1189,Canada,1724.97,ONLINE,93,2025-04-25 15:28:45
TX004703,C1976,UAE,176.07,ATM,67,2025-04-11 13:12:54
TX004704,C1035,China,552.74,CARD,14,2025-04-04 12:20:19
TX004705,C1804,Spain,45.04,POS,38,2025-04-19 05:51:54
TX004706,C1185,UK,93.50,ATM,13,2025-04-20 19:09:05
TX004707,C1433,Germany,98.57,ONLINE,32,2025-04-22 01:38:12
TX004708,C1363,Germany,83.32,CARD,33,2025-04-05 01:16:26
TX004709,C2307,UK,299.61,ONLINE,59,2025-04-02 12:44:31
TX004710,C2083,Turkey,162.99,POS,45,2025-04-24 00:34:28
TX004711,C2291,USA,121.91,ATM,51,2025-04-11 07:43:50
TX004712,C1619,USA,687.29,ONLINE,56,2025-04-22 10:30:45
TX004713,C1393,Spain,172.50,ONLINE,62,2025-04-30 14:19:27
TX004714,C1216,France,156.18,CARD,37,2025-04-02 08:42:45
TX004715,C2374,Morocco,104.31,ATM,29,2025-04-17 02:57:19
TX004716,C1138,Morocco,98.49,ONLINE,14,2025-04-27 01:19:50
TX004717,C1280,USA,419.08,ATM,31,2025-04-14 19:54:52
TX004718,C1837,Spain,2795.31,TRANSFER,56,2025-04-11 04:07:17
TX004719,C1314,Spain,706.20,CARD,37,2025-04-26 04:21:20
TX004720,C1825,USA,81.68,CARD,52,2025-04-11 07:27:12
TX004721,C2102,France,58.39,POS,32,2025-04-21 13:40:36
TX004722,C1410,Germany,107.15,ATM,76,2025-04-05 01:15:08
TX004723,C1318,France,107.68,POS,33,2025-04-05 00:09:37
TX004724,C1075,UAE,127.65,ATM,51,2025-04-17 14:30:32
TX004725,C2133,China,213.29,POS,7,2025-04-15 10:05:41
TX004726,C2154,Turkey,393.63,ONLINE,42,2025-04-21 11:21:17
TX004727,C1179,Spain,117.03,ATM,43,2025-04-19 03:02:08
TX004728,C1066,France,71.91,POS,11,2025-04-13 13:29:19
TX004729,C1191,France,852.41,ONLINE,57,2025-04-09 15:43:41
TX004730,C2162,UAE,211.78,TRANSFER,33,2025-04-14 17:51:31
TX004731,C1355,USA,54.55,POS,65,2025-04-09 05:07:59
TX004732,C1416,Turkey,432.33,ONLINE,65,2025-04-30 06:16:41
TX004733,C2398,Spain,126.45,ATM,14,2025-04-07 01:44:01
TX004734,C2120,Canada,290.04,ONLINE,44,2025-04-06 03:28:48
TX004735,C2211,UAE,154.53,ATM,45,2025-04-12 22:01:16
TX004736,C1095,Germany,176.85,ATM,1,2025-04-24 09:40:54
TX004737,C1423,France,139.37,ATM,25,2025-04-26 19:31:04
TX004738,C1810,Spain,182.66,ONLINE,68,2025-04-29 04:29:06
TX004739,C2336,USA,158.44,POS,53,2025-04-20 08:20:05
TX004740,C1845,China,192.22,POS,27,2025-04-09 18:02:29
TX004741,C1500,Morocco,113.67,ONLINE,23,2025-04-14 22:29:08
TX004742,C1265,UAE,38.30,POS,22,2025-04-23 18:38:34
TX004743,C1879,UK,2732.44,TRANSFER,89,2025-04-14 09:26:45
TX004744,C2218,Germany,111.51,POS,5,2025-04-26 13:56:50
TX004745,C2384,China,92.18,POS,10,2025-04-08 14:35:11
TX004746,C2127,Morocco,279.12,POS,46,2025-04-20 08:28:43
TX004747,C2401,France,36.70,POS,4,2025-04-14 21:16:09
TX004748,C1355,USA,153.66,CARD,25,2025-04-03 06:16:01
TX004749,C1095,Germany,120.37,POS,31,2025-04-25 05:06:09
TX004750,C1124,UAE,193.04,ATM,18,2025-04-02 01:34:52
TX004751,C1222,UK,297.95,ONLINE,69,2025-04-01 02:12:05
TX004752,C1273,Spain,236.52,POS,29,2025-04-21 10:34:34
TX004753,C1976,France,302.93,CARD,53,2025-04-02 12:00:37
TX004754,C1461,UAE,64.94,POS,10,2025-04-29 06:25:46
TX004755,C1133,USA,950.05,TRANSFER,54,2025-04-29 12:34:38
TX004756,C2207,China,49.49,POS,36,2025-04-11 11:18:57
TX004757,C1348,France,128.26,ATM,29,2025-04-09 02:59:13
TX004758,C1317,Canada,53.01,POS,9,2025-04-22 15:23:25
TX004759,C1376,UK,137.59,ONLINE,50,2025-04-18 07:02:11
TX004760,C1669,USA,345.85,ATM,12,2025-04-09 03:34:21
TX004761,C2439,UK,343.70,ATM,2,2025-04-18 07:27:30
TX004762,C1023,USA,9740.23,TRANSFER,45,2025-04-24 03:49:42
TX004763,C1714,France,70.23,POS,21,2025-04-22 09:07:18
TX004764,C1832,France,203.45,ATM,17,2025-04-23 21:56:32
TX004765,C2209,USA,133.00,CARD,34,2025-04-12 10:36:44
TX004766,C1134,China,193.99,CARD,8,2025-04-06 15:24:31
TX004767,C1806,Turkey,78.04,ATM,20,2025-04-03 21:24:28
TX004768,C1739,France,56.51,POS,22,2025-04-07 03:12:59
TX004769,C1903,China,948.75,TRANSFER,34,2025-04-17 16:59:52
TX004770,C1423,UAE,155.15,CARD,43,2025-04-13 21:42:12
TX004771,C1825,USA,428.98,ONLINE,7,2025-04-04 07:08:19
TX004772,C1066,Germany,126.89,ATM,21,2025-04-27 21:46:48
TX004773,C1109,UAE,102.33,POS,48,2025-04-05 03:55:50
TX004774,C2347,France,663.61,TRANSFER,72,2025-04-14 17:50:52
TX004775,C2406,Germany,4888.89,TRANSFER,62,2025-04-01 21:14:36
TX004776,C1657,USA,731.99,CARD,34,2025-04-17 01:31:03
TX004777,C2417,Canada,197.92,ATM,39,2025-04-09 15:54:51
TX004778,C1141,Germany,602.46,POS,46,2025-04-03 05:12:30
TX004779,C1172,UAE,352.40,TRANSFER,99,2025-04-04 05:06:58
TX004780,C2490,France,378.86,ONLINE,55,2025-04-11 05:14:02
TX004781,C1586,Canada,1124.33,TRANSFER,54,2025-04-14 07:04:36
TX004782,C2060,China,84.89,ATM,34,2025-04-27 12:32:50
TX004783,C1114,Canada,185.93,ONLINE,31,2025-04-12 15:35:07
TX004784,C2298,USA,453.00,CARD,1,2025-04-20 10:22:03
TX004785,C1283,Spain,5497.56,TRANSFER,65,2025-04-03 15:54:06
TX004786,C2008,China,169.16,ATM,47,2025-04-14 03:34:41
TX004787,C1954,China,111.56,POS,9,2025-04-12 15:53:13
TX004788,C2219,Canada,77.74,ONLINE,51,2025-04-19 18:56:46
TX004789,C1896,Spain,85.63,POS,30,2025-04-27 10:25:35
TX004790,C2298,Germany,125.86,CARD,55,2025-04-19 09:41:35
TX004791,C2248,Turkey,143.02,ATM,22,2025-04-06 09:26:06
TX004792,C2462,Morocco,761.46,TRANSFER,40,2025-04-16 17:09:58
TX004793,C1078,Turkey,660.98,TRANSFER,59,2025-04-14 22:47:49
TX004794,C1490,France,1479.05,TRANSFER,52,2025-04-15 20:09:41
TX004795,C1290,France,301.26,ATM,1,2025-04-19 19:11:38
TX004796,C1566,Spain,251.45,ONLINE,66,2025-04-23 16:44:50
TX004797,C2122,UAE,193.66,ONLINE,48,2025-04-12 16:36:15
TX004798,C1697,Turkey,128.70,POS,7,2025-04-28 12:07:45
TX004799,C1287,Canada,182.34,ONLINE,44,2025-04-14 04:30:36
TX004800,C1103,China,591.44,ONLINE,57,2025-04-22 23:18:40
TX004801,C2225,UK,157.10,CARD,69,2025-04-13 10:50:42
TX004802,C1933,Morocco,246.80,CARD,38,2025-04-27 02:34:56
TX004803,C1878,Canada,29.31,CARD,25,2025-04-26 14:13:54
TX004804,C1887,Germany,59.03,CARD,26,2025-04-07 18:50:52
TX004805,C1171,Spain,323.59,ATM,3,2025-04-30 15:15:42
TX004806,C1859,UK,111.97,ONLINE,22,2025-04-26 07:49:53
TX004807,C1424,Germany,241.00,CARD,33,2025-04-28 11:51:42
TX004808,C1460,Spain,1981.52,TRANSFER,39,2025-04-15 15:00:40
TX004809,C2464,China,171.46,ATM,1,2025-04-14 17:40:26
TX004810,C2005,Canada,2567.26,TRANSFER,48,2025-04-13 21:42:12
TX004811,C1342,Morocco,67.16,POS,26,2025-04-15 02:38:32
TX004812,C2207,Spain,186.88,POS,38,2025-04-30 05:54:13
TX004813,C2285,Morocco,5458.98,TRANSFER,72,2025-04-12 12:41:20
TX004814,C1667,France,683.08,ONLINE,35,2025-04-26 13:46:26
TX004815,C1827,China,167.32,ONLINE,65,2025-04-14 05:19:35
TX004816,C1601,Morocco,107.90,CARD,1,2025-04-28 16:25:23
TX004817,C1721,China,140.79,ONLINE,54,2025-04-15 22:10:42
TX004818,C1892,UK,293.77,ONLINE,35,2025-04-19 17:26:00
TX004819,C1005,UK,90.85,ATM,25,2025-04-12 21:44:43
TX004820,C2168,UAE,164.17,ONLINE,56,2025-04-10 19:01:39
TX004821,C2298,Spain,140.70,POS,11,2025-04-09 15:59:06
TX004822,C1078,Turkey,113.74,CARD,25,2025-04-01 15:16:24
TX004823,C2212,France,59.68,ATM,24,2025-04-04 14:27:33
TX004824,C1358,China,244.14,CARD,36,2025-04-03 21:50:07
TX004825,C2396,UAE,436.19,ONLINE,58,2025-04-13 02:09:31
TX004826,C1628,USA,150.45,ATM,31,2025-04-30 21:11:52
TX004827,C2410,UK,196.85,CARD,69,2025-04-26 02:29:06
TX004828,C1270,Spain,803.35,TRANSFER,49,2025-04-04 07:24:13
TX004829,C1256,China,891.60,CARD,37,2025-04-07 11:10:07
TX004830,C2451,Morocco,254.69,ATM,53,2025-04-03 21:19:57
TX004831,C1925,Spain,822.67,CARD,83,2025-04-28 02:09:09
TX004832,C1411,China,543.00,ONLINE,47,2025-04-06 05:49:15
TX004833,C1299,China,30131.25,TRANSFER,55,2025-04-30 19:51:51
TX004834,C1311,Turkey,79.26,POS,12,2025-04-25 10:17:10
TX004835,C1506,France,608.50,ONLINE,52,2025-04-24 02:17:49
TX004836,C2094,UAE,277.37,CARD,34,2025-04-23 03:11:35
TX004837,C2106,Canada,903.96,TRANSFER,58,2025-04-08 04:19:42
TX004838,C1552,UK,289.45,ATM,36,2025-04-13 21:17:58
TX004839,C1311,China,250.09,CARD,45,2025-04-17 12:46:10
TX004840,C2005,France,315.89,ONLINE,39,2025-04-06 07:09:36
TX004841,C1791,Germany,1324.33,TRANSFER,71,2025-04-17 20:35:45
TX004842,C1892,UK,49.28,ONLINE,48,2025-04-11 05:20:01
TX004843,C1272,Germany,134.21,ATM,34,2025-04-01 03:52:18
TX004844,C2456,Turkey,23.38,POS,40,2025-04-14 03:55:23
TX004845,C2181,France,188.57,ATM,41,2025-04-19 00:18:12
TX004846,C2092,UAE,218.77,ATM,26,2025-04-29 05:53:47
TX004847,C1138,USA,39.21,ATM,13,2025-04-23 15:54:34
TX004848,C1980,UAE,95.87,ATM,27,2025-04-28 18:46:48
TX004849,C2476,France,91.43,POS,35,2025-04-23 23:14:55
TX004850,C2138,France,556.96,CARD,30,2025-04-19 13:52:57
TX004851,C1072,Turkey,5781.63,TRANSFER,64,2025-04-13 20:36:27
TX004852,C2034,Spain,6034.92,TRANSFER,82,2025-04-25 18:49:35
TX004853,C2459,Turkey,336.20,CARD,27,2025-04-09 11:01:53
TX004854,C2352,France,115.65,CARD,37,2025-04-22 17:27:34
TX004855,C2141,USA,110.39,ONLINE,70,2025-04-23 06:36:50
TX004856,C2132,France,257.11,CARD,58,2025-04-23 12:35:35
TX004857,C2194,France,71.02,ONLINE,67,2025-04-03 10:57:23
TX004858,C1036,UK,53.05,ONLINE,58,2025-04-02 22:01:34
TX004859,C1239,Spain,196.08,CARD,5,2025-04-20 08:49:13
TX004860,C1525,Spain,91.26,POS,57,2025-04-29 02:24:54
TX004861,C1422,France,428.39,CARD,41,2025-04-14 08:32:47
TX004862,C1088,UAE,447.76,TRANSFER,55,2025-04-19 14:41:21
TX004863,C2255,UAE,92.10,ATM,57,2025-04-17 07:18:13
TX004864,C2147,France,181.78,CARD,52,2025-04-20 05:59:35
TX004865,C1242,USA,335.96,ATM,1,2025-04-27 07:07:43
TX004866,C1752,Germany,62.60,CARD,14,2025-04-11 07:25:34
TX004867,C2045,UAE,355.89,ONLINE,16,2025-04-27 09:13:30
TX004868,C1199,China,162.99,ATM,30,2025-04-17 21:45:50
TX004869,C1347,China,26.01,ONLINE,42,2025-04-12 20:10:45
TX004870,C1961,China,908.97,ONLINE,78,2025-04-14 02:21:00
TX004871,C1272,France,65.46,CARD,67,2025-04-27 00:45:20
TX004872,C1096,Canada,94.06,POS,39,2025-04-18 11:17:58
TX004873,C1510,Turkey,679.94,TRANSFER,99,2025-04-21 05:35:13
TX004874,C1036,Turkey,118.88,CARD,49,2025-04-20 01:10:10
TX004875,C2327,UAE,25.00,POS,31,2025-04-27 16:52:03
TX004876,C2350,France,60.50,ATM,11,2025-04-08 18:20:40
TX004877,C1823,Canada,62.46,POS,9,2025-04-11 18:01:17
TX004878,C2173,Germany,463.39,ONLINE,22,2025-04-19 09:07:50
TX004879,C2366,France,106.41,ONLINE,58,2025-04-29 22:38:33
TX004880,C2299,China,156.02,ATM,1,2025-04-02 22:11:10
TX004881,C1791,UK,129.74,POS,27,2025-04-16 07:18:24
TX004882,C1901,Morocco,45.02,POS,1,2025-04-25 10:06:42
TX004883,C1970,Canada,40.70,POS,40,2025-04-02 05:08:04
TX004884,C1892,Turkey,108.04,POS,16,2025-04-17 21:21:49
TX004885,C1861,UK,35.67,ONLINE,71,2025-04-06 05:33:12
TX004886,C1918,Morocco,647.76,CARD,5,2025-04-16 12:45:47
TX004887,C1435,UAE,460.53,ONLINE,38,2025-04-20 20:11:59
TX004888,C1626,Turkey,276.00,ONLINE,1,2025-04-03 10:24:44
TX004889,C1934,Spain,106.01,CARD,1,2025-04-07 01:24:45
TX004890,C2259,China,862.55,CARD,30,2025-04-06 02:48:25
TX004891,C1548,UAE,408.23,CARD,23,2025-04-21 15:46:33
TX004892,C2072,Spain,330.56,ATM,12,2025-04-03 20:03:15
TX004893,C1565,UAE,254.36,CARD,35,2025-04-12 00:46:53
TX004894,C2011,USA,171.52,ATM,49,2025-04-19 09:28:31
TX004895,C1990,China,32.17,ONLINE,48,2025-04-25 14:34:29
TX004896,C1686,China,418.63,ATM,13,2025-04-20 00:47:40
TX004897,C1516,Morocco,92.65,ATM,23,2025-04-15 05:48:42
TX004898,C1214,UK,2253.76,TRANSFER,19,2025-04-18 19:12:33
TX004899,C2198,UAE,512.56,CARD,25,2025-04-01 11:35:31
TX004900,C1702,Canada,110.97,CARD,49,2025-04-23 19:18:04
TX004901,C1353,USA,193.91,ATM,17,2025-04-23 12:07:02
TX004902,C1037,Canada,251.36,ONLINE,73,2025-04-14 17:41:24
TX004903,C1613,Turkey,99.84,POS,14,2025-04-12 10:10:04
TX004904,C1232,UAE,731.17,TRANSFER,35,2025-04-13 20:35:57
TX004905,C1308,Turkey,76.01,ATM,24,2025-04-26 12:04:22
TX004906,C2177,Morocco,166.50,POS,23,2025-04-27 06:30:40
TX004907,C1686,UAE,290.77,TRANSFER,13,2025-04-06 09:16:10
TX004908,C2474,Morocco,239.33,CARD,34,2025-04-13 08:07:00
TX004909,C1951,Germany,34.49,CARD,46,2025-04-16 05:17:48
TX004910,C1331,France,96.03,ONLINE,51,2025-04-11 10:53:30
TX004911,C1452,China,3418.49,TRANSFER,65,2025-04-17 18:03:58
TX004912,C2133,Morocco,296.85,CARD,52,2025-04-22 03:59:54
TX004913,C1213,Spain,153.18,ATM,25,2025-04-04 00:00:43
TX004914,C1338,France,26.10,POS,1,2025-04-11 21:48:45
TX004915,C1707,France,194.23,ONLINE,11,2025-04-14 08:09:33
TX004916,C1296,Canada,274.79,POS,46,2025-04-03 06:14:47
TX004917,C2058,China,3761.02,TRANSFER,53,2025-04-29 10:31:34
TX004918,C1521,Germany,42.57,POS,28,2025-04-23 22:25:47
TX004919,C1513,Germany,150.19,ATM,13,2025-04-12 03:28:24
TX004920,C2225,Spain,535.63,ONLINE,63,2025-04-23 08:09:55
TX004921,C1640,Morocco,55.29,POS,43,2025-04-10 20:23:02
TX004922,C2138,Morocco,67.62,POS,58,2025-04-20 00:52:35
TX004923,C1140,Turkey,65.20,ONLINE,40,2025-04-14 22:09:44
TX004924,C1116,France,327.85,ONLINE,23,2025-04-30 02:00:27
TX004925,C2243,Turkey,146.33,ATM,11,2025-04-17 14:29:25
TX004926,C1018,Germany,237.32,ATM,52,2025-04-23 03:14:45
TX004927,C1750,UK,149.34,ATM,26,2025-04-24 03:44:18
TX004928,C2039,Turkey,1320.14,ONLINE,25,2025-04-05 22:14:11
TX004929,C1096,USA,281.21,TRANSFER,55,2025-04-19 15:55:08
TX004930,C1733,Canada,644.62,ONLINE,46,2025-04-12 08:52:12
TX004931,C1716,Turkey,4464.92,TRANSFER,39,2025-04-28 19:02:42
TX004932,C1043,Canada,49.13,ATM,12,2025-04-08 23:58:59
TX004933,C1184,Germany,54.04,POS,27,2025-04-04 06:00:34
TX004934,C1232,Morocco,83.55,ONLINE,20,2025-04-15 23:25:36
TX004935,C2499,Morocco,244.75,ATM,12,2025-04-16 22:16:48
TX004936,C2382,Germany,148.10,ATM,27,2025-04-10 11:24:53
TX004937,C1995,China,132.66,POS,42,2025-04-29 23:22:07
TX004938,C2377,France,219.52,ATM,15,2025-04-19 13:50:03
TX004939,C2256,Germany,65.98,CARD,52,2025-04-16 12:43:13
TX004940,C1586,Canada,229.59,ATM,51,2025-04-21 15:42:10
TX004941,C2378,China,280.81,ONLINE,49,2025-04-19 09:00:26
TX004942,C1349,Turkey,187.36,POS,40,2025-04-20 02:37:49
TX004943,C1753,China,846.16,ONLINE,72,2025-04-03 16:07:58
TX004944,C1192,Spain,211.23,ATM,25,2025-04-05 19:55:31
TX004945,C2464,UK,121.26,ATM,1,2025-04-16 11:36:02
TX004946,C2397,France,82.03,ATM,12,2025-04-27 15:41:34
TX004947,C1219,Morocco,248.50,POS,9,2025-04-05 08:11:57
TX004948,C1947,UK,180.10,ATM,32,2025-04-06 13:28:11
TX004949,C1879,China,1134.60,ONLINE,78,2025-04-27 18:51:10
TX004950,C1368,China,1019.90,ATM,1,2025-04-20 21:04:36
TX004951,C1813,USA,60.08,POS,16,2025-04-01 17:19:14
TX004952,C1067,France,258.72,ATM,34,2025-04-28 23:13:10
TX004953,C2351,France,245.99,ONLINE,41,2025-04-29 00:10:47
TX004954,C1542,France,56.96,POS,51,2025-04-15 21:30:14
TX004955,C1002,Spain,53.81,POS,27,2025-04-25 10:40:48
TX004956,C1128,UK,167.33,POS,51,2025-04-23 07:41:19
TX004957,C2300,China,186.94,ATM,20,2025-04-03 17:47:20
TX004958,C1823,UK,542.84,POS,43,2025-04-01 16:11:43
TX004959,C1809,Germany,130.59,ATM,24,2025-04-09 05:39:08
TX004960,C1342,France,657.58,ATM,53,2025-04-05 20:34:45
TX004961,C1037,France,488.45,ONLINE,45,2025-04-20 13:52:06
TX004962,C1643,Germany,1948.19,TRANSFER,60,2025-04-15 00:54:17
TX004963,C1843,UAE,224.95,ATM,29,2025-04-02 17:44:06
TX004964,C2212,USA,2579.41,TRANSFER,43,2025-04-10 20:33:20
TX004965,C1791,China,123.61,ATM,1,2025-04-23 09:27:09
TX004966,C1909,China,238.54,ATM,19,2025-04-15 09:34:05
TX004967,C1415,China,67.50,POS,11,2025-04-24 21:42:36
TX004968,C2377,Germany,108.84,ATM,13,2025-04-25 09:45:53
TX004969,C1503,UAE,2797.25,TRANSFER,41,2025-04-05 13:35:30
TX004970,C1686,Turkey,692.13,TRANSFER,45,2025-04-07 20:06:10
TX004971,C2318,China,239.63,ONLINE,27,2025-04-24 13:32:39
TX004972,C1233,China,145.19,ATM,1,2025-04-07 03:18:36
TX004973,C1883,USA,1076.77,TRANSFER,41,2025-04-09 18:40:20
TX004974,C1377,Morocco,809.51,ONLINE,64,2025-04-12 13:03:44
TX004975,C1171,USA,173.39,ONLINE,62,2025-04-26 20:53:06
TX004976,C1822,Germany,123.83,ONLINE,44,2025-04-16 17:05:23
TX004977,C1710,UAE,1682.76,ONLINE,41,2025-04-20 02:44:49
TX004978,C1474,Germany,111.88,POS,3,2025-04-18 06:29:53
TX004979,C1834,Morocco,22.58,CARD,60,2025-04-07 01:49:00
TX004980,C1455,USA,98.87,POS,53,2025-04-05 11:33:10
TX004981,C1658,Morocco,428.90,CARD,35,2025-04-09 15:09:19
TX004982,C2098,France,100.41,ATM,19,2025-04-10 09:08:50
TX004983,C1441,Canada,2611.60,TRANSFER,40,2025-04-19 15:18:04
TX004984,C1712,China,2320.11,TRANSFER,77,2025-04-20 15:03:29
TX004985,C1679,UAE,182.22,POS,40,2025-04-19 19:45:43
TX004986,C2208,France,167.86,CARD,32,2025-04-14 04:49:13
TX004987,C2417,Canada,63.19,POS,44,2025-04-14 15:09:29
TX004988,C1345,Canada,100.04,CARD,45,2025-04-24 03:13:41
TX004989,C2153,UK,309.94,POS,44,2025-04-23 10:54:26
TX004990,C1709,USA,1211.47,CARD,11,2025-04-01 11:15:38
TX004991,C1013,Spain,41.82,CARD,26,2025-04-10 15:46:54
TX004992,C1387,UK,102.14,CARD,29,2025-04-07 06:01:37
TX004993,C1052,Canada,2158.83,TRANSFER,55,2025-04-24 05:05:17
TX004994,C2025,Spain,154.36,POS,18,2025-04-26 19:53:53
TX004995,C2103,Morocco,1037.14,TRANSFER,65,2025-04-06 00:43:57
TX004996,C1645,France,346.09,ONLINE,61,2025-04-10 17:02:29
TX004997,C2281,Morocco,101.22,CARD,29,2025-04-22 22:12:24
TX004998,C2269,Spain,312.93,TRANSFER,65,2025-04-03 10:04:50
TX004999,C2031,China,125.18,POS,35,2025-04-02 01:04:37
TX005000,C2182,China,379.32,ONLINE,15,2025-04-23 08:01:49
